simap_project_id,simap_publication_id,publication_date,award_decision_date,pub_type,project_type,process_type,order_type,creation_language,canton,proc_office_canton,winner_canton,cpv_code_main,award_amount,award_currency,number_of_submissions,lots_count,winner_name,proc_office_name_de,has_project_documents,detail_fetched_at,id,title_de,title_fr,deletion_reason,deleted_at
96838,792615,2013-09-30,2013-09-26,OB02,FEDERATION,OPEN,SERVICES,FR,BE,BE,,80580000,2086329.0,CHF,,1,Genossenschaft Migros Aare,,False,2026-04-16T11:05:05+00:00,7f4f3849-8f6d-49a2-8dbf-a109d7d302ad,,(1326) 614 Formation linguistique,duplicate_project_pubtype_language,2026-04-16T16:02:43.386869+00:00
562,320639,2008-08-26,,OB06,FEDERATION,OPEN,,IT,,,,45000000,,CHF,,0,,"Ufficio federale delle strade USTRA
Filiale Bellinzona",False,2026-04-15T10:15:35+00:00,97d45197-7d21-4138-8b63-cf437cf7e93c,"N13c Circonvallazione di Roveredo, Ponte Campagnola, opere da capomastro",,duplicate_project_pubtype_language,2026-04-16T16:02:43.386869+00:00
19419,425959,2009-11-20,2009-11-16,OB02,MUNICIPALITY_OTHER,OPEN,WORKS,DE,,,,45210000,,CHF,1.0,1,RWD Schlatter AG,BGS & Partner Architekten AG,False,2026-04-15T08:49:36+00:00,70fadea1-96ae-4d61-832d-20076b870256,Umbau Alterssiedlung Dufourstrasse,,duplicate_project_pubtype_language,2026-04-16T16:02:43.386869+00:00
19527,426605,2009-11-20,2009-11-16,OB02,FEDERATION,OPEN,SERVICES,DE,,,,71000000,411679.0,CHF,,1,AAP,Bundesamt für Bauten und Logistik (BBL),False,2026-04-15T08:49:36+00:00,dd35b3b9-277b-4afc-9f26-e8be15a6a19d,"Rahmenvertrag Zollkreis I Basel, Architekturleistung",,duplicate_project_pubtype_language,2026-04-16T16:02:43.386869+00:00
25586,496375,2010-06-07,2010-04-20,OB02,CANTON,OPEN,WORKS,DE,SG,SG,,45000000,557222.2,CHF,7.0,1,AZ Elektro AG,Hochbauamt des Kantons St.Gallen,False,2026-04-15T08:59:21+00:00,94a6c1e1-01a5-4de6-935d-450cc2445c02,Sanierung und Erweiterung der Kantonsschule Heerbrugg,,duplicate_project_pubtype_language,2026-04-16T16:02:43.386869+00:00
19453,428973,2009-12-02,,OB06,MUNICIPALITY,OPEN,,DE,,,,45261213,,CHF,,0,,Fachstelle Beschaffungswesen Stadt Bern,False,2026-04-15T08:49:37+00:00,f9d7ee64-a360-4138-b826-cd7538a58d7d,"Neubau Tramdepot Bolligenstrasse, Bedachungsarbeiten (Blechdächer aus Aluminium)",,duplicate_project_pubtype_language,2026-04-16T16:02:43.386869+00:00
99886,792717,2013-10-01,2013-09-30,OB02,FEDERATION,OPEN,SERVICES,DE,BE,BE,,79710000,1691760.0,CHF,,1,b.i.g. sicherheit und services ag,"armasuisse
Einkauf und Kooperation
CC WTO",False,2026-04-16T11:05:05+00:00,5f03d08b-7dd3-4a01-9e80-5fedb515d39c,Logen- und Sicherheitsdienste LBA,,duplicate_project_pubtype_language,2026-04-16T16:02:43.386869+00:00
99886,792713,2013-10-01,2013-09-30,OB02,FEDERATION,OPEN,SERVICES,DE,BE,BE,,79710000,2867760.0,CHF,,1,DELTA Security AG,"armasuisse
Einkauf und Kooperation
CC WTO",False,2026-04-16T11:05:05+00:00,4a746856-e19a-4b81-bc94-43f9bc25a7fc,Logen- und Sicherheitsdienste LBA,,duplicate_project_pubtype_language,2026-04-16T16:02:43.386869+00:00
99886,792711,2013-10-01,2013-09-30,OB02,FEDERATION,OPEN,SERVICES,DE,BE,BE,,79710000,1785840.0,CHF,,1,b.i.g. sicherheit und services ag,"armasuisse
Einkauf und Kooperation
CC WTO",False,2026-04-16T11:05:05+00:00,a0dd1d10-8d4a-4214-8712-f14ff7a9f536,Logen- und Sicherheitsdienste LBA,,duplicate_project_pubtype_language,2026-04-16T16:02:43.386869+00:00
31352,496883,2010-06-04,2010-05-26,OB02,MUNICIPALITY,OPEN,WORKS,FR,VD,VD,,45000000,65531.7,CHF,3.0,1,abarisk sa,,False,2026-04-15T08:59:21+00:00,55a90098-8d57-49de-8b3e-00819f34df18,,OPL - Opéra de Lausanne,duplicate_project_pubtype_language,2026-04-16T16:02:43.386869+00:00
98718,792705,2013-10-04,2013-09-26,OB02,MUNICIPALITY,OPEN,WORKS,DE,ZH,ZH,,45210000,497345.65,CHF,,1,MüPa AG,"Stadt Zürich
Amt für Hochbauten",False,2026-04-16T11:05:05+00:00,80dd50f8-0152-4d0a-8d4e-4fc2a98e495b,Pflegezentrum Witikon,,duplicate_project_pubtype_language,2026-04-16T16:02:43.386869+00:00
99394,792985,2013-10-01,2013-09-30,OB02,UTILITY,OPEN,SERVICES,DE,ZH,ZH,,66500000,,CHF,,0,Basler Versicherungen,Kessler & Co AG,False,2026-04-16T11:05:06+00:00,ad24c7f6-8fb1-45a2-98b9-e4346eed12bc,Sachversicherung,,duplicate_project_pubtype_language,2026-04-16T16:02:43.386869+00:00
21508,496805,2010-05-28,2010-05-25,OB02,FEDERATION,OPEN,SERVICES,DE,BE,BE,,72260000,972000.0,CHF,,1,Wistar Informatik AG,"Bundesamt für Bauten und Logisitk (BBL)
Ressort Einkauf Bürotechnik / Informatik",False,2026-04-15T08:59:21+00:00,f1b08027-7ceb-4df5-aacc-aad40d5c0a43,Projekt (940) 532 Dienstleistungen 2009 in der FUB,,duplicate_project_pubtype_language,2026-04-16T16:02:43.386869+00:00
21508,496863,2010-05-28,2010-05-25,OB02,FEDERATION,OPEN,SERVICES,DE,BE,BE,,72260000,1341000.0,CHF,,1,Cassarius AG,"Bundesamt für Bauten und Logisitk (BBL)
Ressort Einkauf Bürotechnik / Informatik",False,2026-04-15T08:59:21+00:00,d4a4d033-b9a1-455e-bf32-cf3038c2b67a,Projekt (940) 532 Dienstleistungen 2009 in der FUB,,duplicate_project_pubtype_language,2026-04-16T16:02:43.386869+00:00
21508,496839,2010-05-28,2010-05-25,OB02,FEDERATION,OPEN,SERVICES,DE,BE,BE,,72260000,1181250.0,CHF,,1,GHR Intext GmbH,"Bundesamt für Bauten und Logisitk (BBL)
Ressort Einkauf Bürotechnik / Informatik",False,2026-04-15T08:59:21+00:00,e9cc527c-0865-4514-9de9-1b15b1514e43,Projekt (940) 532 Dienstleistungen 2009 in der FUB,,duplicate_project_pubtype_language,2026-04-16T16:02:43.386869+00:00
47921,577621,2011-01-10,2010-11-09,OB02,CANTON,OPEN,WORKS,DE,SG,SG,,45000000,1773232.1,CHF,6.0,1,Lazzarini AG,Hochbauamt,False,2026-04-15T09:19:59+00:00,90ad0b45-0492-44ac-b890-4d25a5aa5469,Regionale Sportanlage Sargans,,duplicate_project_pubtype_language,2026-04-16T16:02:43.386869+00:00
21508,496903,2010-05-28,2010-05-25,OB02,FEDERATION,OPEN,SERVICES,DE,BE,BE,,72260000,525000.0,CHF,,1,Netcetera AG,"Bundesamt für Bauten und Logisitk (BBL)
Ressort Einkauf Bürotechnik / Informatik",False,2026-04-15T08:59:21+00:00,1c68c32a-ef69-42e5-9b55-ce22dbdfa00a,Projekt (940) 532 Dienstleistungen 2009 in der FUB,,duplicate_project_pubtype_language,2026-04-16T16:02:43.386869+00:00
149091,956651,2017-03-03,2017-02-21,OB02,CANTON,OPEN,WORKS,DE,ZH,ZH,,71315000,354780.0,CHF,6.0,1,Alpiq InTec Schweiz AG,"Hochbauamt Kanton Zürich
Baubereich 4",False,2026-04-16T13:02:24+00:00,092cbd34-37f9-4c99-9f22-cf6fabb159a4,"Universitätsspital Zürich, Nuklearmedizinische Klinik 1-2, Rochade Rämitrakt",,duplicate_project_pubtype_language,2026-04-16T16:02:43.386869+00:00
21508,496915,2010-05-28,2010-05-25,OB02,FEDERATION,OPEN,SERVICES,DE,BE,BE,,72260000,525000.0,CHF,,1,Netcetera AG,"Bundesamt für Bauten und Logisitk (BBL)
Ressort Einkauf Bürotechnik / Informatik",False,2026-04-15T08:59:21+00:00,a36d6240-fdd5-4d6f-aaa4-8c5b9e44dbb6,Projekt (940) 532 Dienstleistungen 2009 in der FUB,,duplicate_project_pubtype_language,2026-04-16T16:02:43.386869+00:00
21508,496943,2010-05-28,2010-05-25,OB02,FEDERATION,OPEN,SERVICES,DE,BE,BE,,72260000,956250.0,CHF,,1,POHN IT-Consulting GmbH,"Bundesamt für Bauten und Logisitk (BBL)
Ressort Einkauf Bürotechnik / Informatik",False,2026-04-15T08:59:21+00:00,8c6f2b9e-9d62-4f2b-9e66-8abf4da9c203,Projekt (940) 532 Dienstleistungen 2009 in der FUB,,duplicate_project_pubtype_language,2026-04-16T16:02:43.386869+00:00
89536,749977,2012-09-27,,OB06,FEDERATION,RESTRICTED,,DE,BE,BE,,72000000,,CHF,,0,,"armasuisse
Einkauf und Kooperationen
CC WTO",False,2026-04-15T15:11:50+00:00,9a34cea3-64dc-44dc-8721-8af55d21a8b5,BLSV / ar Beschaffung von Dienstleistungen,,duplicate_project_pubtype_language,2026-04-16T16:02:43.386869+00:00
21508,496937,2010-05-28,2010-05-25,OB02,FEDERATION,OPEN,SERVICES,DE,BE,BE,,72260000,532500.0,CHF,,1,Devoteam Genesis AG,"Bundesamt für Bauten und Logisitk (BBL)
Ressort Einkauf Bürotechnik / Informatik",False,2026-04-15T08:59:21+00:00,5626da65-b663-41f7-bfc1-d77223d90817,Projekt (940) 532 Dienstleistungen 2009 in der FUB,,duplicate_project_pubtype_language,2026-04-16T16:02:43.386869+00:00
21508,496961,2010-05-28,2010-05-25,OB02,FEDERATION,OPEN,SERVICES,DE,BE,BE,,72260000,900000.0,CHF,,1,Unisys (Schweiz) AG,"Bundesamt für Bauten und Logisitk (BBL)
Ressort Einkauf Bürotechnik / Informatik",False,2026-04-15T08:59:21+00:00,4bd69e28-b8ac-455c-aca2-12af3309db0b,Projekt (940) 532 Dienstleistungen 2009 in der FUB,,duplicate_project_pubtype_language,2026-04-16T16:02:43.386869+00:00
21508,496953,2010-05-28,2010-05-25,OB02,FEDERATION,OPEN,SERVICES,DE,BE,BE,,72260000,2205000.0,CHF,,1,Aviva Systems Schweiz AG,"Bundesamt für Bauten und Logisitk (BBL)
Ressort Einkauf Bürotechnik / Informatik",False,2026-04-15T08:59:21+00:00,cba2b870-257c-4129-97ab-2ca71950d399,Projekt (940) 532 Dienstleistungen 2009 in der FUB,,duplicate_project_pubtype_language,2026-04-16T16:02:43.386869+00:00
94555,793211,2013-10-03,2013-05-24,OB02,MUNICIPALITY,OPEN,WORKS,DE,BE,BE,,45000000,238441.3,CHF,,1,Bären Haustechnik AG,Fachstelle Beschaffungswesen Stadt Bern,False,2026-04-16T11:07:32+00:00,da962cba-f9ed-41ad-bbba-cdd153894564,"Naubau Doppelturnhalle Bitzius, BKP 122, 211, 215, 230, 240, 244, 250 und 273",,duplicate_project_pubtype_language,2026-04-16T16:02:43.386869+00:00
92747,771265,2013-04-12,2013-02-12,OB02,CANTON_OTHER,OPEN,WORKS,FR,VD,VD,,31214500,,CHF,1.0,1,Tabelec SA,,False,2026-04-16T10:51:17+00:00,f1d0c2b1-0533-4b43-94fe-e02ab80f3210,,Rénovation du bateau Vevey,duplicate_project_pubtype_language,2026-04-16T16:02:43.386869+00:00
21508,496897,2010-05-28,2010-05-25,OB02,FEDERATION,OPEN,SERVICES,FR,BE,BE,,72260000,675000.0,CHF,,1,Project Competence AG,,False,2026-04-15T08:59:21+00:00,071f4390-915c-4ad4-861d-c397f5f2c851,,Projekt (940) 532 Prestations de services 2009 de la BAC,duplicate_project_pubtype_language,2026-04-16T16:02:43.386869+00:00
100262,793247,2013-10-08,2013-10-01,OB02,FEDERATION,OPEN,SERVICES,FR,,,,71541000,349293.6,CHF,2.0,1,F. Preisig AG,,False,2026-04-16T11:07:33+00:00,aab2cae6-1f49-4237-a3c4-04363378bf75,,"FU PG EP F4. Assistance du pouvoir adjudicateur lors de l'élaboration des générations de projets dans les spécialités tracé, ouvrages d'art, équipements d'exploitation et de sécurité, protection phonique et coordination de projets d'entretien.",duplicate_project_pubtype_language,2026-04-16T16:02:43.386869+00:00
21508,496929,2010-05-28,2010-05-25,OB02,FEDERATION,OPEN,SERVICES,FR,BE,BE,,72260000,1200000.0,CHF,,1,AWK Group,,False,2026-04-15T08:59:21+00:00,20310a99-9918-4849-943e-9edefb040f2f,,Projekt (940) 532 Prestations de services 2009 de la BAC,duplicate_project_pubtype_language,2026-04-16T16:02:43.386869+00:00
100262,793251,2013-10-08,2013-10-02,OB02,FEDERATION,OPEN,SERVICES,FR,,,,71541000,320615.8,CHF,4.0,1,"Gruner + Wepf Ingenieure AG, St. Gallen",,False,2026-04-16T11:07:33+00:00,6f89f30b-a24f-4a10-b80b-d7c462693e98,,"FU PG EP F4. Assistance du pouvoir adjudicateur lors de l'élaboration des générations de projets dans les spécialités tracé, ouvrages d'art, équipements d'exploitation et de sécurité, protection phonique et coordination de projets d'entretien.",duplicate_project_pubtype_language,2026-04-16T16:02:43.386869+00:00
21508,496951,2010-05-28,2010-05-25,OB02,FEDERATION,OPEN,SERVICES,FR,BE,BE,,72260000,682500.0,CHF,,1,Wistar Informatik AG,,False,2026-04-15T08:59:21+00:00,ab0fff0f-339a-4268-bd85-d9685137c14b,,Projekt (940) 532 Prestations de services 2009 de la BAC,duplicate_project_pubtype_language,2026-04-16T16:02:43.386869+00:00
100262,793253,2013-10-08,2013-10-02,OB02,FEDERATION,OPEN,SERVICES,DE,,,,71541000,311472.0,CHF,4.0,1,Amstein + Walthert Progress AG,"Bundesamt für Strassen ASTRA, Abteilung Strasseninfrastruktur,
Filiale Winterthur",False,2026-04-16T11:07:33+00:00,1a401aed-dbf1-432f-9b86-53f5923d838e,"FU PG EP F4. Unterstützung des Auftraggebers bei der Erstellung von PG im FB Trassee, KUBA, BSA, LS und Koordination von Erhaltungsprojekten.",,duplicate_project_pubtype_language,2026-04-16T16:02:43.386869+00:00
21508,496959,2010-05-28,2010-05-25,OB02,FEDERATION,OPEN,SERVICES,FR,BE,BE,,72260000,675000.0,CHF,,1,GHR Intext GmbH,,False,2026-04-15T08:59:21+00:00,d38cf732-6db1-49e2-a379-06dc7a81fcaf,,Projekt (940) 532 Prestations de services 2009 de la BAC,duplicate_project_pubtype_language,2026-04-16T16:02:43.386869+00:00
100262,793319,2013-10-08,2013-10-02,OB02,FEDERATION,OPEN,SERVICES,FR,,,,71541000,320615.8,CHF,6.0,1,"Gruner + Wepf Ingenieure AG, St. Gallen",,False,2026-04-16T11:07:33+00:00,bde88228-5b2f-49cc-8d91-896609cacc40,,"FU PG EP F4. Assistance du pouvoir adjudicateur lors de l'élaboration des générations de projets dans les spécialités tracé, ouvrages d'art, équipements d'exploitation et de sécurité, protection phonique et coordination de projets d'entretien.",duplicate_project_pubtype_language,2026-04-16T16:02:43.386869+00:00
21508,496919,2010-05-28,2010-05-25,OB02,FEDERATION,OPEN,SERVICES,FR,BE,BE,,72260000,525000.0,CHF,,1,Netcetera AG,,False,2026-04-15T08:59:21+00:00,e5facd4f-dfa6-4f9b-a4c1-503cd8bfed05,,Projekt (940) 532 Prestations de services 2009 de la BAC,duplicate_project_pubtype_language,2026-04-16T16:02:43.386869+00:00
8836,414857,2009-10-12,2009-09-03,OB02,CANTON,OPEN,WORKS,DE,,,,45000000,577313.4,CHF,1.0,1,Walo Bertschinger AG,Hochbauamt,False,2026-04-15T08:48:11+00:00,f72bc9b8-957c-494d-90d3-bba1090cf91c,Berufs- und Weiterbildungszentrum Rorschach-Rheintal in Altstätten: Neubau Schulhaus,,duplicate_project_pubtype_language,2026-04-16T16:02:43.386869+00:00
143829,957099,2017-03-07,2017-03-01,OB02,FEDERATION,RESTRICTED,SUPPLIES,DE,,,,30216120,846730.0,CHF,,1,mobit ag,"armasuisse
Kompetenzbereich Einkauf und Kooperationen
CC WTO",False,2026-04-16T13:02:24+00:00,2cf6320c-dd5f-4661-b27c-d6070a7aa7ca,Mil Office 5,,duplicate_project_pubtype_language,2026-04-16T16:02:43.386869+00:00
3772,4860086,2009-02-05,,OB01,OTHER,OPEN,SERVICES,DE,,,,51133000,,CHF,,0,,"Gemeindekorporation Kraftwerk Chur-Sand GKC
c/o IBC Energie Wasser Chur",False,2026-04-15T08:59:19+00:00,b76e2fe2-7215-4119-b4a9-a8ff18fe4e40,Kraftwerk Chur-Sand: Turbine Rabiosa,,duplicate_project_pubtype_language,2026-04-16T16:02:43.386869+00:00
9746,404479,2009-09-01,2009-08-24,OB02,FEDERATION,OPEN,SERVICES,FR,,,,71000000,469611.5,CHF,,1,Castellani & Bulfoni scrl,,False,2026-04-15T08:46:43+00:00,d2a46f41-3566-40c5-b9b0-74b1495525f4,,"Contrat-cadre concernant l'arrondissement des douanes II (Schaffhouse), prestations d'architecture",duplicate_project_pubtype_language,2026-04-16T16:02:43.386869+00:00
239542,1271583,2022-06-24,,OB06,UTILITY,OPEN,SERVICES,FR,VD,VD,,71000000,,CHF,,0,,,False,2026-04-14T20:50:52+00:00,7c9a0e9d-c475-4a3c-bbf0-6bdb589a7521,,Palézieux : nouvelle gare,duplicate_project_pubtype_language,2026-04-16T16:02:43.386869+00:00
101108,793657,2013-10-10,2013-10-07,OB02,FEDERATION,OPEN,SERVICES,DE,BE,BE,,85300000,60.0,CHF,,1,ORS SERVICE AG,Bundesamt für Migration (BFM),False,2026-04-16T11:07:33+00:00,54694f82-cffb-400d-9467-85fdac55bfbb,(1361) 420 Betreuungsdienstleistungen in den Unterkünften des Bundes,,duplicate_project_pubtype_language,2026-04-16T16:02:43.386869+00:00
35744,497517,2010-06-02,2010-05-18,OB02,FEDERATION,OPEN,WORKS,FR,BE,BE,,45300000,59909.35,CHF,,1,Alpiq Intec Romandie SA,,False,2026-04-15T08:59:21+00:00,a109c429-6ab3-4c68-8ce8-03a309b904c8,,"Grolley FR Centre Logisitique et Infrastructure, 1ère étape",duplicate_project_pubtype_language,2026-04-16T16:02:43.386869+00:00
35744,497529,2010-06-02,2010-05-18,OB02,FEDERATION,OPEN,WORKS,FR,BE,BE,,45300000,207461.35,CHF,,1,Riedo Clima Sa,,False,2026-04-15T08:59:21+00:00,0315dc1a-9c6f-45af-afcf-f28f017caa74,,"Grolley FR Centre Logisitique et Infrastructure, 1ère étape",duplicate_project_pubtype_language,2026-04-16T16:02:43.386869+00:00
35744,497535,2010-06-02,2010-05-18,OB02,FEDERATION,OPEN,WORKS,FR,BE,BE,,45300000,613320.0,CHF,,1,Abarisk SA,,False,2026-04-15T08:59:21+00:00,26fd3db3-1a49-4911-a5bf-0eaf10e65285,,"Grolley FR Centre Logisitique et Infrastructure, 1ère étape",duplicate_project_pubtype_language,2026-04-16T16:02:43.386869+00:00
4750,359817,2009-03-16,,OB06,MUNICIPALITY,OPEN,,DE,,,,45000000,,CHF,,0,,Gemeinderatskanzlei,False,2026-04-15T03:08:16+00:00,b362b3d2-2ec8-49f1-9879-6b9e5f59212d,Neubau Doppelturnhalle mit Tiefgarage und Holzschnitzelheizanlage,,duplicate_project_pubtype_language,2026-04-16T16:02:43.386869+00:00
89951,793705,2013-10-30,2013-10-25,OB02,FEDERATION,OPEN,SERVICES,DE,BE,BE,,72000000,399168.0,CHF,4.0,1,IG IT Engineering  c/o IM Maggia Engineering AG,Bundesamt für Strassen ASTRA,False,2026-04-16T11:07:33+00:00,87874612-586c-4cc1-8c72-ecb490c2ad0b,Fachunterstützung zur Unterstützung des ASTRA bei der Umsetzung von verschiedenen Vorhaben in Projekten des Verkehrsmanagements und der  Systemarchitektur,,duplicate_project_pubtype_language,2026-04-16T16:02:43.386869+00:00
101108,793683,2013-10-10,2013-10-07,OB02,FEDERATION,OPEN,SERVICES,DE,BE,BE,,85300000,62.0,CHF,,1,ORS SERVICE AG,Bundesamt für Migration (BFM),False,2026-04-16T11:07:33+00:00,5ca32527-6ad3-4028-8767-9c95664853e6,(1361) 420 Betreuungsdienstleistungen in den Unterkünften des Bundes,,duplicate_project_pubtype_language,2026-04-16T16:02:43.386869+00:00
35744,497515,2010-06-02,2010-05-18,OB02,FEDERATION,OPEN,WORKS,FR,BE,BE,,45300000,468621.0,CHF,,1,Roth Echafaudages SA,,False,2026-04-15T08:59:21+00:00,b81804af-940b-472d-a094-28c8ac4102ef,,"Grolley FR Centre Logisitique et Infrastructure, 1ère étape",duplicate_project_pubtype_language,2026-04-16T16:02:43.386869+00:00
97552,793855,2013-10-09,2013-10-07,OB02,FEDERATION,OPEN,SERVICES,DE,BE,BE,,72260000,810000.0,CHF,,1,BCB GmbH,"Bundesamt für Bauten und Logistik (BBL)
Öffentliche Ausschreibungen",False,2026-04-16T11:07:34+00:00,200ce8a6-a0e2-4b66-8822-b53a1cd58a05,(1367) 609 SAP 7. Staffel von 2013 - 2017,,duplicate_project_pubtype_language,2026-04-16T16:02:43.386869+00:00
101131,793889,2013-10-10,2013-10-07,OB02,FEDERATION,OPEN,SERVICES,DE,BE,BE,,79710000,40.0,CHF,,1,Securitas AG Schweizerische Bewachungsgesellschaft,Bundesamt für Migration BFM,False,2026-04-16T11:07:34+00:00,26df316a-1897-4e65-b4d9-5339b9553493,(13100) 420 Sicherheitsdienstleistungen in den Unterkünften des Bundes,,duplicate_project_pubtype_language,2026-04-16T16:02:43.386869+00:00
101131,793915,2013-10-10,2013-10-07,OB02,FEDERATION,OPEN,SERVICES,DE,BE,BE,,79710000,40.0,CHF,,1,Securitas AG Schweizerische Bewachungsgesellschaft,Bundesamt für Migration BFM,False,2026-04-16T11:07:34+00:00,843aae4e-7dee-4c64-87d9-b956ce99c770,(13100) 420 Sicherheitsdienstleistungen in den Unterkünften des Bundes,,duplicate_project_pubtype_language,2026-04-16T16:02:43.386869+00:00
101131,793925,2013-10-10,2013-10-07,OB02,FEDERATION,OPEN,SERVICES,DE,BE,BE,,79710000,40.0,CHF,,1,abacon SICHERHEIT AG,Bundesamt für Migration BFM,False,2026-04-16T11:07:34+00:00,65f9ac9e-e3ee-47f1-8318-17b1574d136c,(13100) 420 Sicherheitsdienstleistungen in den Unterkünften des Bundes,,duplicate_project_pubtype_language,2026-04-16T16:02:43.386869+00:00
101131,793933,2013-10-10,2013-10-07,OB02,FEDERATION,OPEN,SERVICES,DE,BE,BE,,79710000,40.0,CHF,,1,Securitas AG Schweizerische Bewachungsgesellschaft,Bundesamt für Migration BFM,False,2026-04-16T11:07:34+00:00,660acd22-dc40-44da-bd13-68b8bf3ca278,(13100) 420 Sicherheitsdienstleistungen in den Unterkünften des Bundes,,duplicate_project_pubtype_language,2026-04-16T16:02:43.386869+00:00
101131,793939,2013-10-10,2013-10-07,OB02,FEDERATION,OPEN,SERVICES,DE,BE,BE,,79710000,43.5,CHF,,1,abacon SICHERHEIT AG,Bundesamt für Migration BFM,False,2026-04-16T11:07:34+00:00,fecf5ab0-8321-490a-b740-2fdd0822cea9,(13100) 420 Sicherheitsdienstleistungen in den Unterkünften des Bundes,,duplicate_project_pubtype_language,2026-04-16T16:02:43.386869+00:00
101131,793953,2013-10-10,2013-10-07,OB02,FEDERATION,OPEN,SERVICES,DE,BE,BE,,79710000,43.5,CHF,,1,Juggers Sécurité S.A.,Bundesamt für Migration BFM,False,2026-04-16T11:07:34+00:00,2c08c7d3-4cf7-4dd6-899e-e47e408d122f,(13100) 420 Sicherheitsdienstleistungen in den Unterkünften des Bundes,,duplicate_project_pubtype_language,2026-04-16T16:02:43.386869+00:00
101131,793965,2013-10-10,2013-10-07,OB02,FEDERATION,OPEN,SERVICES,DE,BE,BE,,79710000,43.5,CHF,,1,Prosegur SA - Società di vigilanza,Bundesamt für Migration BFM,False,2026-04-16T11:07:34+00:00,a80fb020-3134-4e31-9c57-89f700de5162,(13100) 420 Sicherheitsdienstleistungen in den Unterkünften des Bundes,,duplicate_project_pubtype_language,2026-04-16T16:02:43.386869+00:00
101131,793959,2013-10-10,2013-10-07,OB02,FEDERATION,OPEN,SERVICES,DE,BE,BE,,79710000,43.5,CHF,,1,Securitas AG Schweizerische Bewachungsgesellschaft,Bundesamt für Migration BFM,False,2026-04-16T11:07:34+00:00,7baefdb1-6971-486d-b414-5e56bc67303e,(13100) 420 Sicherheitsdienstleistungen in den Unterkünften des Bundes,,duplicate_project_pubtype_language,2026-04-16T16:02:43.386869+00:00
96296,793717,2013-10-11,2013-08-30,OB02,CANTON,OPEN,SUPPLIES,FR,GE,GE,,33111100,436650.0,CHF,2.0,1,Siemens Suisse SA,,False,2026-04-16T11:07:33+00:00,d5522da5-70ea-4083-8d25-01b3860a7ea8,,"Une salle d’uroradiologie destinée au service d’Urologie du Centre Hospitalier Universitaire Vaudois (CHUV) à Lausanne, et une salle d’uroradiologie destinée à l'Hôpital du Valais (RSV) à Sion.",duplicate_project_pubtype_language,2026-04-16T16:02:43.386869+00:00
38813,498085,2010-06-04,2010-05-31,OB02,CANTON,OPEN,SUPPLIES,DE,ZH,ZH,,30200000,806200.0,CHF,6.0,1,Dell SA,kdmz,False,2026-04-15T08:59:21+00:00,dc00c61e-629e-497b-8e23-c598a7029a2c,"Beschaffung Desktop-Computer inkl. Monitor, Maus und Tastatur für die Direktionen Bau und Justiz",,duplicate_project_pubtype_language,2026-04-16T16:02:43.386869+00:00
96546,793765,2013-10-11,2013-08-30,OB02,CANTON,OPEN,SUPPLIES,FR,GE,GE,,33111100,390960.0,CHF,5.0,1,Siemens Suisse SA,,False,2026-04-16T11:07:33+00:00,d7e9749c-5d22-4fba-a38e-d9b543d1b2f6,,"Une salle de radiographie destinée au Service de Radiologie du CHUV à Lausanne, 2 ou 3 salles de radiographie  destinées aux Hôpitaux de Genève, 2 salles de radiographie destinées au Réseau Santé Valais (Sion et Martigny).",duplicate_project_pubtype_language,2026-04-16T16:02:43.386869+00:00
96546,793763,2013-10-11,2013-07-31,OB02,CANTON,OPEN,SUPPLIES,FR,GE,GE,,33111100,323800.0,CHF,6.0,1,Philips SA Healthcare,,False,2026-04-16T11:07:33+00:00,050926a3-1e8b-4661-803d-2fc3f70ff576,,"Une salle de radiographie destinée au Service de Radiologie du CHUV à Lausanne, 2 ou 3 salles de radiographie  destinées aux Hôpitaux de Genève, 2 salles de radiographie destinées au Réseau Santé Valais (Sion et Martigny).",duplicate_project_pubtype_language,2026-04-16T16:02:43.386869+00:00
96546,793767,2013-10-11,2013-08-30,OB02,CANTON,OPEN,SUPPLIES,FR,GE,GE,,33111100,363960.0,CHF,6.0,1,Siemens Suisse SA,,False,2026-04-16T11:07:33+00:00,b9b02bf2-fa41-4fe2-85db-47bc4c018315,,"Une salle de radiographie destinée au Service de Radiologie du CHUV à Lausanne, 2 ou 3 salles de radiographie  destinées aux Hôpitaux de Genève, 2 salles de radiographie destinées au Réseau Santé Valais (Sion et Martigny).",duplicate_project_pubtype_language,2026-04-16T16:02:43.386869+00:00
89951,793701,2013-10-30,2013-10-25,OB02,FEDERATION,OPEN,SERVICES,DE,BE,BE,,72000000,374106.6,CHF,7.0,1,IG IT Engineering c/o IM Maggia Engineering AG,Bundesamt für Strassen ASTRA,False,2026-04-16T11:07:33+00:00,fd71a284-faba-4bd5-b8d9-157c94b1ad53,Fachunterstützung zur Unterstützung des ASTRA bei der Umsetzung von verschiedenen Vorhaben in Projekten des Verkehrsmanagements und der  Systemarchitektur,,duplicate_project_pubtype_language,2026-04-16T16:02:43.386869+00:00
101108,793729,2013-10-10,2013-10-07,OB02,FEDERATION,OPEN,SERVICES,FR,BE,BE,,85300000,62.0,CHF,,1,ORS SERVICE AG,,False,2026-04-16T11:07:33+00:00,52841c71-14f2-4222-9c9e-c2ee7f9ef947,,(1361) 420 Prestations d’encadrement dans les logements de la Confédération,duplicate_project_pubtype_language,2026-04-16T16:02:43.386869+00:00
106704,831329,2014-08-08,2014-07-01,OB02,CANTON,OPEN,SUPPLIES,DE,ZH,ZH,,30197630,403000.0,CHF,,1,Papyrus Schweiz AG,kdmz,False,2026-04-16T11:31:28+00:00,17401195-8717-4dae-aa0a-0197861082c1,Papier für MFP und Drucker,,duplicate_project_pubtype_language,2026-04-16T16:02:43.386869+00:00
101131,793921,2013-10-10,2013-10-07,OB02,FEDERATION,OPEN,SERVICES,FR,BE,BE,,79710000,40.0,CHF,,1,Securitas AG Schweizerische Bewachungsgesellschaft,,False,2026-04-16T11:07:34+00:00,2502a95c-2886-436b-850f-d4020cc20a6b,,(13100) 420 Prestations de sécurité dans les logements de la Confédération,duplicate_project_pubtype_language,2026-04-16T16:02:43.386869+00:00
101131,793935,2013-10-10,2013-10-07,OB02,FEDERATION,OPEN,SERVICES,FR,BE,BE,,79710000,40.0,CHF,,1,Securitas AG Schweizerische Bewachungsgesellschaft,,False,2026-04-16T11:07:34+00:00,7701e5bf-f434-45b5-893a-2772f53f4f98,,(13100) 420 Prestations de sécurité dans les logements de la Confédération,duplicate_project_pubtype_language,2026-04-16T16:02:43.386869+00:00
101131,793929,2013-10-10,2013-10-07,OB02,FEDERATION,OPEN,SERVICES,FR,BE,BE,,79710000,40.0,CHF,,1,abacon SICHERHEIT AG,,False,2026-04-16T11:07:34+00:00,06a3539d-be8d-4446-8f0d-5b9054fb727f,,(13100) 420 Prestations de sécurité dans les logements de la Confédération,duplicate_project_pubtype_language,2026-04-16T16:02:43.386869+00:00
97552,793857,2013-10-09,2013-10-07,OB02,FEDERATION,OPEN,SERVICES,FR,BE,BE,,72260000,810000.0,CHF,,1,BCB GmbH,,False,2026-04-16T11:07:34+00:00,6b2c99b8-539c-4bf2-80a9-55c3497f2086,,(1367) 609 SAP 7éme étape 2013-2017,duplicate_project_pubtype_language,2026-04-16T16:02:43.386869+00:00
101131,793951,2013-10-10,2013-10-07,OB02,FEDERATION,OPEN,SERVICES,FR,BE,BE,,79710000,43.5,CHF,,1,abacon SICHERHEIT AG,,False,2026-04-16T11:07:34+00:00,0156e9f2-e42c-42bb-bf2e-d9095083dd45,,(13100) 420 Prestations de sécurité dans les logements de la Confédération,duplicate_project_pubtype_language,2026-04-16T16:02:43.386869+00:00
83161,793931,2013-10-15,2013-10-04,OB02,CANTON,OPEN,SUPPLIES,FR,GE,GE,,35000000,435815.0,CHF,1.0,0,Kindlimann Naval Architecture Gmbh,,False,2026-04-16T11:07:34+00:00,4f73426e-99a4-4918-a1d5-a0f381d39ef8,,Appel d'offres public pour l'acquisition d'un bateau de recherche électronique avec sa remorque,duplicate_project_pubtype_language,2026-04-16T16:02:43.386869+00:00
100265,794079,2013-10-18,2013-09-26,OB02,MUNICIPALITY,OPEN,WORKS,DE,BE,BE,,45000000,233091.45,CHF,,1,Anytech Metallbau AG,Fachstelle Beschaffungswesen Stadt Bern,False,2026-04-16T11:07:34+00:00,4bc51c4d-5841-422e-ab31-1dd2845c788e,"Neubau Feuerwehrstützpunkt Forsthaus West, Bern, BKP 2216 Aussentüren aus Metall, BKP 2720 Innentüren aus Metall, BKP 2730 Innentüren aus Holz",,duplicate_project_pubtype_language,2026-04-16T16:02:43.386869+00:00
99718,794075,2013-10-18,2013-09-26,OB02,MUNICIPALITY,OPEN,WORKS,DE,BE,BE,,45000000,89349.3,CHF,,1,Egli AG Gips- und Fassadensysteme,Fachstelle Beschaffungswesen Stadt Bern,False,2026-04-16T11:07:34+00:00,d6781f38-3a6c-4148-afcb-c8d79665e67d,"Neubau Feuerwehrstützpunkt Forsthaus West, Bern",,duplicate_project_pubtype_language,2026-04-16T16:02:43.386869+00:00
100265,794081,2013-10-18,2013-09-26,OB02,MUNICIPALITY,OPEN,WORKS,DE,BE,BE,,45000000,274471.7,CHF,,1,RWD Schlatter AG,Fachstelle Beschaffungswesen Stadt Bern,False,2026-04-16T11:07:34+00:00,38e8f0cf-e162-4fcc-9eda-5fce9dccb55c,"Neubau Feuerwehrstützpunkt Forsthaus West, Bern, BKP 2730 Innentüren aus Holz",,duplicate_project_pubtype_language,2026-04-16T16:02:43.386869+00:00
99696,794089,2013-10-18,2013-09-27,OB02,MUNICIPALITY,OPEN,WORKS,DE,BE,BE,,45000000,91662.25,CHF,,1,MüPa AG,Fachstelle Beschaffungswesen Stadt Bern,False,2026-04-16T11:07:34+00:00,465d0a56-1d4b-4ae0-ba90-aa2b23f9ec5c,"Alters- und Pflegeheim Kühlewil, Neubau Westtrakt",,duplicate_project_pubtype_language,2026-04-16T16:02:43.386869+00:00
99696,794087,2013-10-18,2013-09-26,OB02,MUNICIPALITY,OPEN,WORKS,DE,BE,BE,,45000000,83053.3,CHF,,1,Marrer AG,Fachstelle Beschaffungswesen Stadt Bern,False,2026-04-16T11:07:34+00:00,7ad301d8-00e1-4abc-842c-1cc69734e166,"Alters- und Pflegeheim Kühlewil, Neubau Westtrakt",,duplicate_project_pubtype_language,2026-04-16T16:02:43.386869+00:00
102189,794121,2013-10-18,2013-10-11,OB02,CANTON_OTHER,OPEN,SUPPLIES,EN,AG,AG,,14000000,215804.4,CHF,,1,J. Rettenmaier&Söhne GMBH+CO KG,Division of Engineering and Field Investigations,False,2026-04-16T11:07:34+00:00,8694abdb-60c8-4d35-b701-080447eb8db0,Production of a bentonite pellet mixture for Full Scale Emplacement Experiments and Large Underground Concept Experiments (FE/LUCOEX),,duplicate_project_pubtype_language,2026-04-16T16:02:43.386869+00:00
102189,794119,2013-10-18,2013-10-11,OB02,CANTON_OTHER,OPEN,SUPPLIES,DE,AG,AG,,14000000,215804.4,CHF,,1,J. Rettenmaier&Söhne GMBH+CO KG,"Bereich Ingenieurwesen, Feldarbeiten",False,2026-04-16T11:07:34+00:00,bca8efb3-9087-4e92-8f11-84660b0c3c7a,Produktion einer Bentonit-Pellet-Mixtur für Experimente (FE/LUCOEX),,duplicate_project_pubtype_language,2026-04-16T16:02:43.386869+00:00
100164,794155,2013-10-15,2013-10-10,OB02,FEDERATION,OPEN,WORKS,FR,BE,BE,,45410000,321727.15,CHF,,1,Parietti et Gindrat SA,,False,2026-04-16T11:07:34+00:00,2abeb325-54c5-4fab-971c-8cc9867f315e,,"Bure/JU Place d’armes – Assainissement général des casernes DUFOUR, HERZOG, WILLE et GUISAN, 1ère étape",duplicate_project_pubtype_language,2026-04-16T16:02:43.386869+00:00
100164,794157,2013-10-15,2013-10-10,OB02,FEDERATION,OPEN,WORKS,FR,BE,BE,,45442100,259844.6,CHF,,1,Parietti et Gindrat SA,,False,2026-04-16T11:07:34+00:00,cb408c28-d4bf-4593-9cd3-e429a9d95de4,,"Bure/JU Place d’armes – Assainissement général des casernes DUFOUR, HERZOG, WILLE et GUISAN, 1ère étape",duplicate_project_pubtype_language,2026-04-16T16:02:43.386869+00:00
5839,366145,2009-04-09,,OB01,CANTON,OPEN,WORKS,DE,,,,45000000,,CHF,,0,,"Bau- und Umwelzschutzdirektion
Kanton Basel-Landschaft",False,2026-04-15T03:08:16+00:00,7d24de5a-12e8-4f95-9b41-0c34be551c10,"Gymnasium Liestal, Sanierung Aussenhülle - Senkrechtmarkisen",,duplicate_project_pubtype_language,2026-04-16T16:02:43.386869+00:00
9746,404411,2009-09-01,2009-08-24,OB02,FEDERATION,OPEN,SERVICES,FR,,,,71000000,295780.0,CHF,,1,göldi+eggenberger ag,,False,2026-04-15T08:46:43+00:00,e784e076-6aa6-46ee-89bf-24dc13b96268,,"Contrat-cadre concernant l'arrondissement des douanes II (Schaffhouse), prestations d'architecture",duplicate_project_pubtype_language,2026-04-16T16:02:43.386869+00:00
101546,794295,2013-10-16,2013-10-03,OB02,FEDERATION,OPEN,SERVICES,DE,BE,BE,,71320000,1134000.0,CHF,13.0,1,Steffen Dubach Partner Architekten AG,armasuisse Immobilien,False,2026-04-16T11:07:34+00:00,97d78b30-bd53-4ba8-888a-e087d13281e2,Generalplanerleistungen für Instandhaltungsprojekte,,duplicate_project_pubtype_language,2026-04-16T16:02:43.386869+00:00
101546,794299,2013-10-16,2013-10-07,OB02,FEDERATION,OPEN,SERVICES,DE,BE,BE,,71320000,3780000.0,CHF,16.0,1,brügger architekten ag,armasuisse Immobilien,False,2026-04-16T11:07:34+00:00,a124cc78-c35c-4069-b019-9fe5d5bd09b7,Generalplanerleistungen für Instandhaltungsprojekte,,duplicate_project_pubtype_language,2026-04-16T16:02:43.386869+00:00
99285,794461,2013-10-18,2013-07-30,OB02,MUNICIPALITY,OPEN,WORKS,FR,VD,VD,,45000000,519366.0,CHF,6.0,1,Induni & Cie SA,,False,2026-04-16T11:07:34+00:00,ee24a304-6afd-434c-8b02-f3606b92c2c9,,Construction d'une salle de gymnastique type VD3 avec scène fixe.,duplicate_project_pubtype_language,2026-04-16T16:02:43.386869+00:00
94805,794449,2013-10-18,2013-10-11,OB02,CANTON_OTHER,RESTRICTED,WORKS,DE,ZH,ZH,,31170000,733753.8,CHF,4.0,1,ewz Netzdienstleistungen,"Universität Zürich
Abteilung Bauten und Investitionen",False,2026-04-16T11:07:34+00:00,020c3e46-eaee-4ab7-82c7-306d9009cc28,Universität Zürich Irchel und Botanischer Garten Sanierung der 24kV-SF6-Mittelspannungsanlagen und der Niederspannungs-Hauptverteilungsanlagen,,duplicate_project_pubtype_language,2026-04-16T16:02:43.386869+00:00
1082,369645,2009-04-30,2009-04-27,OB02,FEDERATION,OPEN,SERVICES,FR,,,,72260000,626250.0,CHF,,1,SQL AG,,False,2026-04-15T04:52:11+00:00,431b5d6f-0053-42a9-9093-9c593f366b25,,"(833) 609 Prestations informatiques à l’OFIT 2009-2012, ITDL BIT 0109",duplicate_project_pubtype_language,2026-04-16T16:02:43.386869+00:00
131638,908423,2016-04-01,2016-03-21,OB02,MUNICIPALITY,OPEN,SERVICES,FR,VD,VD,,72500000,183646.0,CHF,4.0,1,"Prime Technologies SA, succursale Le Noirmont",,False,2026-04-16T12:28:29+00:00,8c9df14d-1d85-4080-97dd-7ecb5b8258e8,,Remplacement de l'ERP et des outils de gestion communale.,duplicate_project_pubtype_language,2026-04-16T16:02:43.386869+00:00
96045,794821,2013-10-22,2013-08-14,OB02,CANTON,OPEN,WORKS,FR,VD,VD,,45233142,758434.35,CHF,8.0,1,CAMANDONA SA,,False,2026-04-16T11:07:34+00:00,14d4efef-bbb3-461c-a211-1783210eef65,,Fourniture et pose de bétons bitumineux pour l'entretien des routes cantonales,duplicate_project_pubtype_language,2026-04-16T16:02:43.386869+00:00
94369,794945,2013-10-25,2013-06-04,OB02,MUNICIPALITY_OTHER,OPEN,WORKS,FR,VS,VS,,45210000,307601.45,CHF,8.0,1,Rabo Sàrl,,False,2026-04-16T11:07:34+00:00,559bc172-8adb-4f7b-af12-34e60156e289,,Nouveau cycle d'orientation régional 1890 St-Maurcie,duplicate_project_pubtype_language,2026-04-16T16:02:43.386869+00:00
88819,794933,2013-10-25,2013-06-04,OB02,MUNICIPALITY_OTHER,OPEN,WORKS,FR,VS,VS,,45210000,420213.6,CHF,4.0,1,TAPIS JORDAN SA,,False,2026-04-16T11:07:34+00:00,8e7a196c-e3b2-4f35-b416-06d386881dc7,,Nouveau cycle d'orientation régional 1890 St-Maurice,duplicate_project_pubtype_language,2026-04-16T16:02:43.386869+00:00
5692,366451,2009-04-15,,OB01,CANTON,OPEN,WORKS,DE,,,,45000000,,CHF,,0,,Oberingenieurkreis I,False,2026-04-15T03:08:16+00:00,3da57775-29aa-4c54-9b20-d14ae935d486,Baumeisterarbeiten,,duplicate_project_pubtype_language,2026-04-16T16:02:43.386869+00:00
38937,500317,2010-06-09,2010-05-31,OB02,FEDERATION,OPEN,SERVICES,FR,BE,BE,,90911200,74109.35,CHF,,1,Vebego Services AG,,False,2026-04-15T09:03:27+00:00,3844bda4-8045-44bc-9593-9ddc7346198a,,Nettoyage des bâtiments Dübendorf,duplicate_project_pubtype_language,2026-04-16T16:02:43.386869+00:00
88819,794929,2013-10-25,2013-06-04,OB02,MUNICIPALITY_OTHER,OPEN,WORKS,FR,VS,VS,,45210000,154803.6,CHF,10.0,1,Moll SA,,False,2026-04-16T11:07:34+00:00,eb121c49-db3b-4eae-9205-16ea95899d8c,,Nouveau cycle d'orientation régional 1890 St-Maurice,duplicate_project_pubtype_language,2026-04-16T16:02:43.386869+00:00
102647,795279,2013-10-25,2013-10-17,OB02,CANTON,OPEN,WORKS,DE,ZH,ZH,,45000000,304622.05,CHF,18.0,1,Estermann Gipserunternehmen AG,"Hochbauamt Kanton Zürich
Baubereich 4",False,2026-04-16T11:07:35+00:00,237bb032-f725-457e-8186-b3f4364612b2,"Universitätsspital Zürich, Sanierung Bettenhaus Ost I-III, nachträgliche bauliche Anpassungen Ost III",,duplicate_project_pubtype_language,2026-04-16T16:02:43.386869+00:00
102647,795281,2013-10-25,2013-10-17,OB02,CANTON,OPEN,WORKS,DE,ZH,ZH,,45000000,480570.6,CHF,9.0,1,KLS Müller AG,"Hochbauamt Kanton Zürich
Baubereich 4",False,2026-04-16T11:07:35+00:00,006ff282-da33-4e9f-b8df-ee3befbbf18b,"Universitätsspital Zürich, Sanierung Bettenhaus Ost I-III, nachträgliche bauliche Anpassungen Ost III",,duplicate_project_pubtype_language,2026-04-16T16:02:43.386869+00:00
31189,504597,2010-06-21,2010-05-18,OB02,CANTON,OPEN,WORKS,DE,SG,SG,,45000000,752929.95,CHF,5.0,1,Bernhard Frei AG,Hochbauamt des Kantons St.Gallen,False,2026-04-15T09:03:27+00:00,c7e04d4a-21d6-4a53-858c-f401640e32f2,Sanierung und Erweiterung der Kantonsschule Heerbrugg,,duplicate_project_pubtype_language,2026-04-16T16:02:43.386869+00:00
102647,795285,2013-10-25,2013-10-17,OB02,CANTON,OPEN,WORKS,DE,ZH,ZH,,45000000,166003.4,CHF,8.0,1,F. RUBIO AG,"Hochbauamt Kanton Zürich
Baubereich 4",False,2026-04-16T11:07:35+00:00,6b00855f-6f5d-4e7a-816c-a154e936a740,"Universitätsspital Zürich, Sanierung Bettenhaus Ost I-III, nachträgliche bauliche Anpassungen Ost III",,duplicate_project_pubtype_language,2026-04-16T16:02:43.386869+00:00
102647,795299,2013-10-25,2013-10-17,OB02,CANTON,OPEN,WORKS,DE,ZH,ZH,,45000000,168950.9,CHF,4.0,1,Protectas SA,"Hochbauamt Kanton Zürich
Baubereich 4",False,2026-04-16T11:07:35+00:00,e0f057b8-6348-477f-9ee9-6867d28ac326,"Universitätsspital Zürich, Sanierung Bettenhaus Ost I-III, nachträgliche bauliche Anpassungen Ost III",,duplicate_project_pubtype_language,2026-04-16T16:02:43.386869+00:00
102647,795303,2013-10-25,2013-10-17,OB02,CANTON,OPEN,WORKS,DE,ZH,ZH,,45000000,239314.3,CHF,17.0,1,Max Schweizer AG,"Hochbauamt Kanton Zürich
Baubereich 4",False,2026-04-16T11:07:35+00:00,0c5012f7-e1d7-4b01-a73e-942a3428e149,"Universitätsspital Zürich, Sanierung Bettenhaus Ost I-III, nachträgliche bauliche Anpassungen Ost III",,duplicate_project_pubtype_language,2026-04-16T16:02:43.386869+00:00
22377,500595,2010-06-12,2010-06-03,OB02,CANTON,OPEN,SUPPLIES,DE,BS,BS,,33000000,307690.0,CHF,,1,Sedorama AG,"Bau- und Verkehrsdepartement des Kantons Basel-Stadt,
Submissionen",False,2026-04-15T09:03:27+00:00,68c5d59b-e55c-41a8-b308-263fa9394290,"Neubau Universitäts-Kinderspital Beider Basel SKP-Nr. 805.2 / 803.2 Krankenbetten, Matratzen und Nacht-/Bettische",,duplicate_project_pubtype_language,2026-04-16T16:02:43.386869+00:00
34800,504637,2010-06-21,2010-05-18,OB02,CANTON,OPEN,WORKS,DE,SG,SG,,45000000,995960.9,CHF,9.0,1,ARGE Christian Waldburger AG / Implenia Bau AG,Hochbauamt des Kantons St.Gallen,False,2026-04-15T09:03:27+00:00,e3bb209e-08ac-42c1-8ed7-d8df82d8bf94,Neubau Bundesverwaltungsgericht St.Gallen,,duplicate_project_pubtype_language,2026-04-16T16:02:43.386869+00:00
22377,501159,2010-06-12,2010-06-03,OB02,CANTON,OPEN,SUPPLIES,DE,BS,BS,,33000000,31632.45,CHF,,1,OBA AG,"Bau- und Verkehrsdepartement des Kantons Basel-Stadt
Submissionen",False,2026-04-15T09:03:27+00:00,4d59a06f-11ab-4082-ae9b-822d6502328d,"Neubau Universitäts-Kinderspital Beider Basel SKP-Nr. 805.2 / 803.2 Krankenbetten, Matratzen und Nacht-/Bettische",,duplicate_project_pubtype_language,2026-04-16T16:02:43.386869+00:00
100185,795525,2013-10-24,2013-10-14,OB02,FEDERATION,OPEN,SERVICES,DE,BE,BE,,72000000,561000.0,CHF,,1,"Bürki Leo, BSK-Organisationsentwicklung","Bundesamt für Bauten und Logistik (BBL)
Öffentliche Ausschreibungen",False,2026-04-16T11:07:35+00:00,85362546-18b6-412e-a84f-a7ae7de0e147,(1348) 704 IT-Dienstleistungen SECO ALV,,duplicate_project_pubtype_language,2026-04-16T16:02:43.386869+00:00
100185,795543,2013-10-24,2013-10-14,OB02,FEDERATION,OPEN,SERVICES,DE,BE,BE,,72000000,1120000.0,CHF,,1,Fritz & Macziol (Schweiz) AG,"Bundesamt für Bauten und Logistik (BBL)
Öffentliche Ausschreibungen",False,2026-04-16T11:07:35+00:00,128e6261-3a57-4347-885e-f0f879b81a17,(1348) 704 IT-Dienstleistungen SECO ALV,,duplicate_project_pubtype_language,2026-04-16T16:02:43.386869+00:00
100185,795549,2013-10-24,2013-10-14,OB02,FEDERATION,OPEN,SERVICES,DE,BE,BE,,72000000,647500.0,CHF,,1,Michel & Soltermann AG,"Bundesamt für Bauten und Logistik (BBL)
Öffentliche Ausschreibungen",False,2026-04-16T11:07:35+00:00,c0469d85-c004-48e9-b0a4-e840bdc8a69e,(1348) 704 IT-Dienstleistungen SECO ALV,,duplicate_project_pubtype_language,2026-04-16T16:02:43.386869+00:00
34800,504621,2010-06-21,2010-05-10,OB02,CANTON,OPEN,WORKS,DE,SG,SG,,45000000,493610.75,CHF,9.0,1,Creatop Innenausbau + Türsysteme,Hochbauamt des Kantons St.Gallen,False,2026-04-15T09:03:27+00:00,502fc6d4-cf6c-4a04-9409-177d189b6230,Neubau Bundesverwaltungsgericht St.Gallen,,duplicate_project_pubtype_language,2026-04-16T16:02:43.386869+00:00
100185,795545,2013-10-24,2013-10-14,OB02,FEDERATION,OPEN,SERVICES,FR,BE,BE,,72000000,1120000.0,CHF,,1,Fritz & Macziol (Schweiz) AG,,False,2026-04-16T11:07:35+00:00,ac27216c-a1ab-4013-99a1-32b6298508b4,,(1348) 704 Prestations de services TI de l'AC du SECO,duplicate_project_pubtype_language,2026-04-16T16:02:43.386869+00:00
100185,795551,2013-10-24,2013-10-14,OB02,FEDERATION,OPEN,SERVICES,FR,BE,BE,,72000000,647500.0,CHF,,1,Michel & Soltermann AG,,False,2026-04-16T11:07:35+00:00,45fbdf46-9211-493b-bef0-8414ec555a98,,(1348) 704 Prestations de services TI de l'AC du SECO,duplicate_project_pubtype_language,2026-04-16T16:02:43.386869+00:00
102329,795527,2013-10-30,2013-10-28,OB02,FEDERATION,OPEN,SERVICES,FR,FR,FR,,71300000,364100.0,CHF,5.0,1,Consortium de l'Arnon,,False,2026-04-16T11:07:35+00:00,0e649eaa-a2ca-4413-9b56-c3ae1cf5e935,,N99- Baulinien F1-Recensement et définition des alignements – Livraison des résultats et préparation du projet définitif,duplicate_project_pubtype_language,2026-04-16T16:02:43.386869+00:00
102329,795533,2013-10-30,2013-10-28,OB02,FEDERATION,OPEN,SERVICES,FR,FR,FR,,71300000,362184.0,CHF,7.0,1,IG bbp / LP,,False,2026-04-16T11:07:35+00:00,39b34aa7-6c0c-4274-85a5-2375fabb363c,,N99- Baulinien F1-Recensement et définition des alignements – Livraison des résultats et préparation du projet définitif,duplicate_project_pubtype_language,2026-04-16T16:02:43.386869+00:00
104624,809873,2014-02-28,2014-02-12,OB02,CANTON,OPEN,SUPPLIES,FR,VD,VD,,38000000,14500.0,CHF,9.0,1,Sysmex Digitana SA,,False,2026-04-16T11:17:45+00:00,4e167367-6c04-4cb2-bba8-a4c6ce752cf1,,Achat d'équipements de laboratoire,duplicate_project_pubtype_language,2026-04-16T16:02:43.386869+00:00
100185,795531,2013-10-24,,OB04,FEDERATION,OPEN,SERVICES,DE,BE,BE,,72000000,,CHF,,1,,"Bundesamt für Bauten und Logistik (BBL)
Öffentliche Ausschreibungen",False,2026-04-16T11:07:35+00:00,e1e5e0dc-645c-4ae1-859e-2ee1084b15f6,(1348) 704 IT-Dienstleistungen SECO ALV,,duplicate_project_pubtype_language,2026-04-16T16:02:43.386869+00:00
3844,380219,2009-06-03,2009-06-03,OB02,UTILITY,OPEN,SERVICES,FR,,,,72000000,142.5,CHF,21.0,1,PENTAG Informatik AG,,False,2026-04-15T04:52:12+00:00,a1318b70-6f88-4797-b70a-f2d467749818,,Sourcing informatique,duplicate_project_pubtype_language,2026-04-16T16:02:43.386869+00:00
131639,908293,2016-04-01,,OB04,MUNICIPALITY,OPEN,SERVICES,FR,VD,VD,,72500000,,CHF,,1,,,False,2026-04-16T12:28:29+00:00,797e647e-2816-4c53-8b6d-4e26f0415aaf,,Remplacement de l'ERP et des outils de gestion communale.,duplicate_project_pubtype_language,2026-04-16T16:02:43.386869+00:00
131639,908261,2016-04-01,,OB04,MUNICIPALITY,OPEN,SERVICES,FR,VD,VD,,72500000,,CHF,,1,,,False,2026-04-16T12:28:29+00:00,aa964485-62ac-45c3-aeb3-9ea0d0831b26,,Remplacement de l'ERP et des outils de gestion communale.,duplicate_project_pubtype_language,2026-04-16T16:02:43.386869+00:00
131639,908297,2016-04-01,,OB04,MUNICIPALITY,OPEN,SERVICES,FR,VD,VD,,72500000,,CHF,,1,,,False,2026-04-16T12:28:29+00:00,c20c2c2b-525f-486e-8e63-a2332e0ab2d9,,Remplacement de l'ERP et des outils de gestion communale.,duplicate_project_pubtype_language,2026-04-16T16:02:43.386869+00:00
131638,908431,2016-04-01,,OB04,MUNICIPALITY,OPEN,SERVICES,FR,VD,VD,,72500000,,CHF,,1,,,False,2026-04-16T12:28:29+00:00,61ebefbc-cec6-478d-98dd-3c52bd663d8e,,Remplacement de l'ERP et des outils de gestion communale.,duplicate_project_pubtype_language,2026-04-16T16:02:43.386869+00:00
39229,501647,2010-06-14,2010-06-08,OB02,MUNICIPALITY,OPEN,SERVICES,FR,GE,GE,,90910000,35181.54,CHF,14.0,1,ONET (Schweiz) AG,,False,2026-04-15T09:03:27+00:00,dd50f1f4-5bce-4ba0-b6aa-82d9b6f34c11,,Prestations de nettoyage de bâtiments administratifs de la Ville de Genève,duplicate_project_pubtype_language,2026-04-16T16:02:43.386869+00:00
39229,501645,2010-06-14,2010-06-08,OB02,MUNICIPALITY,OPEN,SERVICES,FR,GE,GE,,90910000,66596.74,CHF,14.0,1,ONET (Schweiz) AG,,False,2026-04-15T09:03:27+00:00,feb6a610-4435-442d-9abc-0be702a941ed,,Prestations de nettoyage de bâtiments administratifs de la Ville de Genève,duplicate_project_pubtype_language,2026-04-16T16:02:43.386869+00:00
145939,956695,2017-02-28,2017-02-27,OB02,FEDERATION,OPEN,SERVICES,DE,BE,BE,,72000000,3791564.0,CHF,9.0,1,AWK Group AG,Bundesamt für Bauten und Logistik (BBL),False,2026-04-16T13:02:24+00:00,ac654710-5648-42c1-b48b-a2c8167fcfd8,(16043) 506 ICT-Fachunterstützung BABS von 2017 - 2026,,duplicate_project_pubtype_language,2026-04-16T16:02:43.386869+00:00
104698,796233,2013-11-22,2013-11-15,OB02,MUNICIPALITY_OTHER,OPEN,SUPPLIES,DE,ZH,ZH,,30213000,11340.0,CHF,3.0,1,Comdat Datasystems AG,"Universitätsspital Zürich, Direktion Betrieb, Einkauf",False,2026-04-16T11:09:34+00:00,d186844c-88c3-4aa4-8146-d502befb1a2d,PC Client SFF Ersatz 1400 Stück,,duplicate_project_pubtype_language,2026-04-16T16:02:43.386869+00:00
91802,796235,2013-11-05,2013-10-14,OB02,CANTON,OPEN,SUPPLIES,FR,GE,GE,,48921000,161559.9,CHF,1.0,1,HAMILTON BONADUZ,,False,2026-04-16T11:09:34+00:00,91c12b5d-1fde-4ae6-af48-d2338f79b6f8,,Automatisation des analyses biologiques du nouveau bâtiment des laboratoires pour les HUG,duplicate_project_pubtype_language,2026-04-16T16:02:43.386869+00:00
145210,957117,2017-03-03,2017-02-27,OB02,FEDERATION,OPEN,SERVICES,FR,AG,AG,,71300000,5130388.0,CHF,8.0,0,BG Ingenieure und Berater AG,,False,2026-04-16T13:02:24+00:00,4e9a2c9e-89b8-4d5b-8d12-97747a7a5ba6,,"N02/N14, 100054, système global Contournement de Lucerne, auteur du projet partiel 5 (PV TP 5) ; phases AP/MK, PGV et DP/MP incl.",duplicate_project_pubtype_language,2026-04-16T16:02:43.386869+00:00
11292,387479,2009-06-29,,OB01,OTHER,OPEN,WORKS,DE,,,,45210000,,CHF,,0,,Schweizerische Südostbahn AG,False,2026-04-15T08:44:49+00:00,60a5ffc7-ca73-435d-b649-2d2aee4be898,Rühlwände/Baugrubenaushub,,duplicate_project_pubtype_language,2026-04-16T16:02:43.386869+00:00
102753,796415,2013-11-05,2013-10-30,OB02,MUNICIPALITY,OPEN,SUPPLIES,FR,GE,GE,,34142000,,CHF,5.0,1,RTC Romandie Truck Center SA,,False,2026-04-16T11:09:34+00:00,c18c47ff-da76-4302-a5ed-b93e30d5e316,,Camion 2 essieux 2013,duplicate_project_pubtype_language,2026-04-16T16:02:43.386869+00:00
102110,796633,2013-11-08,,OB06,CANTON_OTHER,OPEN,,DE,AG,AG,,71352100,,CHF,,0,,"Bereich Ingenieurwesen, Feldarbeiten",False,2026-04-16T11:09:34+00:00,e90f046f-c690-453b-8320-c1bf82bb57eb,3D-Seismic in Northern Switzerland,,duplicate_project_pubtype_language,2026-04-16T16:02:43.386869+00:00
94805,796705,2013-11-08,2013-10-21,OB02,CANTON_OTHER,RESTRICTED,WORKS,DE,ZH,ZH,,31170000,610914.4,CHF,4.0,1,ewz Netzdienstleistungen,"Universität Zürich
Abteilung Bauten und Investitionen",False,2026-04-16T11:09:34+00:00,984557ab-a0f8-4292-99f8-74c861f79a76,Universität Zürich Irchel und Botanischer Garten Sanierung der 24kV-SF6-Mittelspannungsanlagen und der Niederspannungs-Hauptverteilungsanlagen,,duplicate_project_pubtype_language,2026-04-16T16:02:43.386869+00:00
7350,390409,2009-07-07,2009-06-30,OB02,UTILITY,OPEN,WORKS,DE,,,,45261000,2658959.0,CHF,3.0,1,Unirenova Rénovations  & Transformations,DII - Domaine Immobilier et Infrastructures,False,2026-04-15T08:44:50+00:00,a7c4517f-aa1c-4cb4-8278-f5a855ae2682,Sanierung von Flachdächern,,duplicate_project_pubtype_language,2026-04-16T16:02:43.386869+00:00
98195,796851,2013-11-15,2013-10-28,OB02,MUNICIPALITY,OPEN,WORKS,DE,ZG,ZG,,45214200,3349014.6,CHF,,1,Landis Bau AG,architekturbüro bosshard und partner ag,False,2026-04-16T11:09:34+00:00,7247f9e5-a33d-4424-8123-fac1856ac5ce,"Erweiterung Oberstufenschulhaus
Ehret B Hünenberg
BKP 211 - Baumeisterarbeiten
BKP 230 - Elektroanlagen
BKP 240 - Heizungsanlage
BKP 244 - Lüftungsanlagen
BKP 250 - Sanitäranlagen",,duplicate_project_pubtype_language,2026-04-16T16:02:43.386869+00:00
98195,796865,2013-11-15,2013-10-28,OB02,MUNICIPALITY,OPEN,WORKS,DE,ZG,ZG,,45214200,545304.35,CHF,,1,Pfiffner AG,architekturbüro bosshard und partner ag,False,2026-04-16T11:09:34+00:00,2dfff440-6b85-4e11-9d5f-f8a9623e30a9,"Erweiterung Oberstufenschulhaus
Ehret B Hünenberg
BKP 211 - Baumeisterarbeiten
BKP 230 - Elektroanlagen
BKP 240 - Heizungsanlage
BKP 244 - Lüftungsanlagen
BKP 250 - Sanitäranlagen",,duplicate_project_pubtype_language,2026-04-16T16:02:43.386869+00:00
98195,796867,2013-11-15,2013-10-28,OB02,MUNICIPALITY,OPEN,WORKS,DE,ZG,ZG,,45214200,812884.1,CHF,,1,M+M Technik AG,architekturbüro bosshard und partner ag,False,2026-04-16T11:09:34+00:00,5062f0a8-d37b-4e45-b61d-8e0d94752b64,"Erweiterung Oberstufenschulhaus
Ehret B Hünenberg
BKP 211 - Baumeisterarbeiten
BKP 230 - Elektroanlagen
BKP 240 - Heizungsanlage
BKP 244 - Lüftungsanlagen
BKP 250 - Sanitäranlagen",,duplicate_project_pubtype_language,2026-04-16T16:02:43.386869+00:00
31189,504603,2010-06-21,2010-05-20,OB02,CANTON,OPEN,WORKS,DE,SG,SG,,45000000,2131346.4,CHF,6.0,1,ELEMENT AG SCHWEIZ,Hochbauamt des Kantons St.Gallen,False,2026-04-15T09:03:27+00:00,9f215710-3b31-4148-8929-da83755e29fe,Sanierung und Erweiterung der Kantonsschule Heerbrugg,,duplicate_project_pubtype_language,2026-04-16T16:02:43.386869+00:00
34800,504627,2010-06-21,2010-05-18,OB02,CANTON,OPEN,WORKS,DE,SG,SG,,45000000,1933450.3,CHF,10.0,1,Creatop AG,Hochbauamt des Kantons St.Gallen,False,2026-04-15T09:03:27+00:00,079b9a61-3e71-4926-99e0-178e4ae95978,Neubau Bundesverwaltungsgericht St.Gallen,,duplicate_project_pubtype_language,2026-04-16T16:02:43.386869+00:00
105685,796909,2013-11-15,2013-10-28,OB02,MUNICIPALITY,RESTRICTED,WORKS,DE,ZG,ZG,,45214200,183630.55,CHF,,1,BWT Bau AG,Architekturbüro bosshard und partner ag,False,2026-04-16T11:09:34+00:00,01b9c54c-c630-468c-8f12-963929ba09c9,"Erweiterung Oberstufenschulhaus
Ehret B Hünenberg
BKP 119 - Asbestsanierung
BKP 221.1 - Gerüstungen",,duplicate_project_pubtype_language,2026-04-16T16:02:43.386869+00:00
34846,504515,2010-10-07,2010-09-16,OB02,FEDERATION,OPEN,SERVICES,DE,AG,AG,,71313000,472280.0,CHF,9.0,1,Jauslin + Stebler Ingenieure AG,"Bundesamt für Strassen ASTRA
Filiale Zofingen",False,2026-04-15T09:03:27+00:00,a087ef4c-8485-470b-8858-a9c5eafbbf37,Akustische Überprüfung ZEL Filiale Zofingen,,duplicate_project_pubtype_language,2026-04-16T16:02:43.386869+00:00
34846,505527,2010-10-07,2010-09-16,OB02,FEDERATION,OPEN,SERVICES,DE,AG,AG,,71313000,473559.0,CHF,7.0,1,Aegerter & Bosshardt,"Bundesamt für Strassen ASTRA
Filiale Zofingen",False,2026-04-15T09:03:28+00:00,e2ecffb6-3c47-4e92-a71d-3bc9c29ffe65,Akustische Überprüfung ZEL Filiale Zofingen,,duplicate_project_pubtype_language,2026-04-16T16:02:43.386869+00:00
34846,504521,2010-10-07,2010-09-16,OB02,FEDERATION,OPEN,SERVICES,FR,AG,AG,,71313000,472280.0,CHF,9.0,1,Jauslin + Stebler Ingenieure AG,,False,2026-04-15T09:03:27+00:00,e99a96d8-755a-428a-87c3-405bb7e66af0,,"Contrôle acoustique ZEL, filiale de Zofingue",duplicate_project_pubtype_language,2026-04-16T16:02:43.386869+00:00
98488,797041,2013-11-06,2013-11-01,OB02,FEDERATION,RESTRICTED,SUPPLIES,FR,BE,BE,,34113000,1364812.0,CHF,3.0,1,Emil Frey AG,,False,2026-04-16T11:09:35+00:00,36f06a76-8ba9-448f-9ee8-7e6a0cbcbaca,,Personenwagen geländegängig 4x4 und VAN 4x4,duplicate_project_pubtype_language,2026-04-16T16:02:43.386869+00:00
42830,505965,2010-06-25,2010-06-16,OB02,MUNICIPALITY,OPEN,WORKS,FR,VD,VD,,45222000,191915.0,CHF,8.0,1,Implenia Construction SA,,False,2026-04-15T09:03:28+00:00,4a6ecb1b-83ac-4ef0-a5a3-d2d066d7b8e5,,Campagne annuelle de réfection des chaussées et des trottoirs 2010,duplicate_project_pubtype_language,2026-04-16T16:02:43.386869+00:00
34846,505541,2010-10-07,2010-09-16,OB02,FEDERATION,OPEN,SERVICES,FR,AG,AG,,71313000,473559.0,CHF,7.0,1,Aegerter & Bosshardt,,False,2026-04-15T09:03:28+00:00,dc98cfd2-210d-4f17-9775-966a2900c7b1,,"Contrôle acoustique ZEL, filiale de Zofingue",duplicate_project_pubtype_language,2026-04-16T16:02:43.386869+00:00
42830,506101,2010-06-25,2010-06-16,OB02,MUNICIPALITY,OPEN,WORKS,FR,VD,VD,,45222000,268268.0,CHF,8.0,1,Madliger et Chenevard,,False,2026-04-15T09:03:28+00:00,13fc6dca-588f-4e1c-9c2d-ed3371a29684,,Campagne annuelle de réfection des chaussées et des trottoirs 2010,duplicate_project_pubtype_language,2026-04-16T16:02:43.386869+00:00
42830,506097,2010-06-25,2010-06-16,OB02,MUNICIPALITY,OPEN,WORKS,FR,VD,VD,,45222000,275814.0,CHF,8.0,1,Implenia Construction SA,,False,2026-04-15T09:03:28+00:00,a5f4b58e-667f-4d69-b646-1a7f0a1e4984,,Campagne annuelle de réfection des chaussées et des trottoirs 2010,duplicate_project_pubtype_language,2026-04-16T16:02:43.386869+00:00
38825,504895,2010-07-02,2010-06-16,OB02,CANTON,OPEN,SUPPLIES,DE,ZH,ZH,,39160000,266279.85,CHF,14.0,1,Novex AG,"Hochbauamt, Baubereich 3",False,2026-04-15T09:03:27+00:00,bacec07a-dd50-482c-a32a-3cbb91e1c35a,"Kantonsschule Hohe Promenade Zürich, Gesamtsanierung",,duplicate_project_pubtype_language,2026-04-16T16:02:43.386869+00:00
102410,797391,2013-11-08,2013-11-07,OB02,FEDERATION,OPEN,WORKS,FR,BE,BE,,45210000,216140.85,CHF,,1,Menuiserie Thiévent & Gerber SA,,False,2026-04-16T11:09:35+00:00,240cd035-fb6a-4ed9-89cf-9a887764ab7a,,"Bure/JU Place d’armes – Assainissement général des casernes DUFOUR, HERZOG, WILLE et GUISAN, 1ère étape",duplicate_project_pubtype_language,2026-04-16T16:02:43.386869+00:00
7316,394879,2009-07-23,2009-07-14,OB02,FEDERATION,OPEN,SERVICES,DE,,,,71000000,325834.0,CHF,25.0,1,ACS-Partner AG,armasuisse Immobilien,False,2026-04-15T08:44:52+00:00,134a11aa-cac0-4d1a-9b1d-8905fe16d698,Erdbebenüberprüfung,,duplicate_project_pubtype_language,2026-04-16T16:02:43.386869+00:00
33389,505539,2010-06-21,2010-06-14,OB02,FEDERATION,OPEN,SERVICES,DE,BE,BE,,72260000,742400.0,CHF,,1,RealStuff Informatik AG,"Bundesamt für Bauten und Logistik (BBL)
Öffentliche Ausschreibungen",False,2026-04-15T09:03:28+00:00,7943a7cd-7208-4e20-bec3-5f61bdb67e30,Projekt (1009) 609 IT-Personalstellung 0110,,duplicate_project_pubtype_language,2026-04-16T16:02:43.386869+00:00
129281,897057,2016-01-19,2015-12-16,OB02,CANTON_OTHER,OPEN,WORKS,FR,GE,GE,,45211000,968000.0,CHF,19.0,1,Piasio SA,,False,2026-04-16T12:19:42+00:00,c8b39c3a-96cd-4382-8028-d7dbe69c0bf9,,"17-17A chemin de la Petite-Boissière
Construction d’un immeuble de logements LUP
minergie, avec parking souterrain",duplicate_project_pubtype_language,2026-04-16T16:02:43.386869+00:00
33389,505553,2010-06-21,2010-06-14,OB02,FEDERATION,OPEN,SERVICES,FR,BE,BE,,72260000,742400.0,CHF,,1,RealStuff Informatik AG,,False,2026-04-15T09:03:28+00:00,eb66e6e1-dc13-4916-a089-d47c36c99a65,,Projet (1009) 609 IT-Personalstellung 0110,duplicate_project_pubtype_language,2026-04-16T16:02:43.386869+00:00
102792,797595,2013-11-25,2013-11-05,OB02,MUNICIPALITY,OPEN,WORKS,DE,SG,SG,,45210000,,CHF,11.0,1,Mobil Werke AG,Politische Gemeinde Goldach,False,2026-04-16T11:09:35+00:00,f4418775-b302-4a48-8cb7-8fb6cc38f98e,Bauarbeiten,,duplicate_project_pubtype_language,2026-04-16T16:02:43.386869+00:00
102792,797599,2013-11-25,2013-11-05,OB02,MUNICIPALITY,OPEN,WORKS,DE,SG,SG,,45200000,,CHF,8.0,1,Implenia Bau AG,Politische Gemeinde Goldach,False,2026-04-16T11:09:35+00:00,d8a36927-e7a2-4415-955c-f4d2a4bcd285,Bauarbeiten,,duplicate_project_pubtype_language,2026-04-16T16:02:43.386869+00:00
102792,797589,2013-11-25,2013-11-05,OB02,MUNICIPALITY,OPEN,WORKS,DE,SG,SG,,45210000,,CHF,12.0,1,Toni Frei Metallbau AG,Politische Gemeinde Goldach,False,2026-04-16T11:09:35+00:00,c1b80451-9a59-412a-a2f3-d484aa1e18c8,Bauarbeiten,,duplicate_project_pubtype_language,2026-04-16T16:02:43.386869+00:00
102792,797591,2013-11-25,2013-11-05,OB02,MUNICIPALITY,OPEN,WORKS,DE,SG,SG,,45210000,,CHF,4.0,1,RWD Schlatter AG,Politische Gemeinde Goldach,False,2026-04-16T11:09:35+00:00,1ceef58f-88ea-481f-a42f-4bd46ae543ef,Bauarbeiten,,duplicate_project_pubtype_language,2026-04-16T16:02:43.386869+00:00
147036,956869,2017-03-03,2017-02-27,OB02,MUNICIPALITY,OPEN,WORKS,DE,ZH,ZH,,45210000,825000.0,CHF,14.0,1,Karl Waechter AG,"Stadt Zürich
Amt für Hochbauten",False,2026-04-16T13:02:24+00:00,58876f2a-fb49-46b3-ba3b-6c4ae83e2af9,BAV 80392 Schulanlage Schütze-Areal,,duplicate_project_pubtype_language,2026-04-16T16:02:43.386869+00:00
103824,797941,2013-11-13,,OB06,UTILITY,OPEN,,FR,VD,VD,,45000000,,CHF,,0,,,False,2026-04-16T11:09:35+00:00,dcef2b4a-f3ab-408a-af41-ea54623320eb,,Assainissement du bruit du chemin de fer de l’unité d’assainissement 103 Est: Commune de Lausanne/ Commune de Pully,duplicate_project_pubtype_language,2026-04-16T16:02:43.386869+00:00
11292,399811,2009-08-17,,OB01,CANTON_OTHER,OPEN,WORKS,DE,,,,45210000,,CHF,,0,,Schweizerische Südostbahn AG,False,2026-04-15T08:46:42+00:00,c2d4bf03-f5e5-47c2-983a-2f4ea21a4c2b,Neubau Erweiterung Betriebsgebäude West,,duplicate_project_pubtype_language,2026-04-16T16:02:43.386869+00:00
29658,507221,2010-06-28,2010-05-04,OB02,CANTON,OPEN,SUPPLIES,FR,GE,GE,,33169500,5.94,CHF,,1,MayBa.ch SA/AG,,False,2026-04-15T09:03:28+00:00,b75019f0-5cfc-4a05-927c-28a3211f1091,,Traçabilité à l'instrument chirurgical pour les HUG.,duplicate_project_pubtype_language,2026-04-16T16:02:43.386869+00:00
129281,897053,2016-01-19,2015-12-16,OB02,CANTON_OTHER,OPEN,WORKS,FR,GE,GE,,45211000,793433.82,CHF,12.0,1,Sedelec SA,,False,2026-04-16T12:19:42+00:00,eefe2706-37bc-433f-b766-61eeba80088e,,"17-17A chemin de la Petite-Boissière
Construction d’un immeuble de logements LUP
minergie, avec parking souterrain",duplicate_project_pubtype_language,2026-04-16T16:02:43.386869+00:00
7276,402367,2009-08-25,2009-08-10,OB02,FEDERATION,OPEN,SERVICES,DE,,,,77330000,174977.2,CHF,,1,Hydrogärtnerei Remund,Bundesamt für Bauten und Logistik (BBL),False,2026-04-15T08:46:43+00:00,7d7b8f24-57d8-4023-bb88-fec2d985185e,Innenbegrünungspflege bei diversen zivilen Gebäuden des Bundes im Raum Bern.,,duplicate_project_pubtype_language,2026-04-16T16:02:43.386869+00:00
97443,771921,2013-04-11,,OB06,MUNICIPALITY,OPEN,,DE,BE,BE,,45000000,,CHF,,0,,"Einwohnergemeinde Lauterbrunnen, Bauverwaltung",False,2026-04-16T10:51:18+00:00,7ae63e24-11ee-400f-b9b2-4ddf5d91b9db,Elektroinstallationen,,duplicate_project_pubtype_language,2026-04-16T16:02:43.386869+00:00
9612,403391,2009-08-25,2009-08-04,OB02,MUNICIPALITY_OTHER,OPEN,WORKS,DE,,,,45210000,,CHF,1.0,1,Bertani Baugerüste AG,"BGS & Partner Architekten AG, Schönbodenstrasse 4, 8640 Rapperswil",False,2026-04-15T08:46:43+00:00,69aad18d-cfcf-4a77-aefe-a0ec8acb11d3,Instandsetzung Alterssiedlung Dufourstrasse,,duplicate_project_pubtype_language,2026-04-16T16:02:43.386869+00:00
21541,509019,2010-07-02,2010-06-22,OB02,CANTON,OPEN,SUPPLIES,DE,ZH,ZH,,31200000,1332000.0,CHF,,1,Areva T&D AG,Elektrizitätswerke des Kantons Zürich,False,2026-04-15T09:03:28+00:00,2a03257c-6689-49c8-b50f-3c3558b9831f,Lieferung und Montage von 123 kV Schaltanlagen,,duplicate_project_pubtype_language,2026-04-16T16:02:43.386869+00:00
21543,509075,2010-07-02,2010-06-22,OB02,CANTON,OPEN,SUPPLIES,DE,ZH,ZH,,31200000,996050.0,CHF,,1,ABB Sécheron AG,Elektrizitätswerke des Kantons Zürich,False,2026-04-15T09:03:28+00:00,c294c440-738c-4213-ac55-2c47c434d658,Lieferung und Montage 24 kV Schaltanlagen,,duplicate_project_pubtype_language,2026-04-16T16:02:43.386869+00:00
9612,403401,2009-08-25,2009-08-04,OB02,MUNICIPALITY_OTHER,OPEN,WORKS,DE,,,,45210000,,CHF,,1,Preisig AG,"BGS & Partner Architekten AG, Schönbodenstrasse 4, 8640 Rapperswil",False,2026-04-15T08:46:43+00:00,7d82af7a-379a-4bb7-ad01-fcabc85e5c91,Instandsetzung Alterssiedlung Dufourstrasse,,duplicate_project_pubtype_language,2026-04-16T16:02:43.386869+00:00
21543,509055,2010-07-02,2010-06-22,OB02,CANTON,OPEN,SUPPLIES,DE,ZH,ZH,,31200000,996050.0,CHF,,1,ABB Sécheron AG,Elektrizitätswerke des Kantons Zürich,False,2026-04-15T09:03:28+00:00,e127c564-ac83-4080-a097-f6b069f0dcca,Lieferung und Montage 24 kV Schaltanlagen,,duplicate_project_pubtype_language,2026-04-16T16:02:43.386869+00:00
21541,509023,2010-07-02,2010-06-22,OB02,CANTON,OPEN,SUPPLIES,DE,ZH,ZH,,31200000,1332000.0,CHF,,1,Areva T&D AG,Elektrizitätswerke des Kantons Zürich,False,2026-04-15T09:03:28+00:00,2fcd87b9-6897-494c-a4d0-31bc0badafc6,Lieferung und Montage von 123 kV Schaltanlagen,,duplicate_project_pubtype_language,2026-04-16T16:02:43.386869+00:00
21543,509063,2010-07-02,2010-06-22,OB02,CANTON,OPEN,SUPPLIES,DE,ZH,ZH,,31200000,996050.0,CHF,,1,ABB Sécheron AG,Elektrizitätswerke des Kantons Zürich,False,2026-04-15T09:03:28+00:00,2bb5418a-480e-4566-a42d-0e61c3703e00,Lieferung und Montage 24 kV Schaltanlagen,,duplicate_project_pubtype_language,2026-04-16T16:02:43.386869+00:00
129281,897059,2016-01-19,2015-12-16,OB02,CANTON_OTHER,OPEN,WORKS,FR,GE,GE,,45211000,639439.9,CHF,11.0,1,Forasol S.A.,,False,2026-04-16T12:19:42+00:00,43c99141-68f4-4748-8efa-463bbba5d2de,,"17-17A chemin de la Petite-Boissière
Construction d’un immeuble de logements LUP
minergie, avec parking souterrain",duplicate_project_pubtype_language,2026-04-16T16:02:43.386869+00:00
21541,509025,2010-07-02,2010-06-22,OB02,CANTON,OPEN,SUPPLIES,DE,ZH,ZH,,31200000,1332000.0,CHF,,1,Areva T&D AG,Elektrizitätswerke des Kantons Zürich,False,2026-04-15T09:03:28+00:00,1bdb92f5-7015-4ac7-a02a-0c3ab1cb857d,Lieferung und Montage von 123 kV Schaltanlagen,,duplicate_project_pubtype_language,2026-04-16T16:02:43.386869+00:00
21543,509077,2010-07-02,2010-06-22,OB02,CANTON,OPEN,SUPPLIES,DE,ZH,ZH,,31200000,996050.0,CHF,,1,ABB Sécheron AG,Elektrizitätswerke des Kantons Zürich,False,2026-04-15T09:03:28+00:00,77a3897d-28cb-4a5f-9366-1d6cdac6fcbb,Lieferung und Montage 24 kV Schaltanlagen,,duplicate_project_pubtype_language,2026-04-16T16:02:43.386869+00:00
126237,897173,2016-01-12,2016-01-05,OB02,FEDERATION,RESTRICTED,SUPPLIES,FR,BE,BE,,18332000,,CHF,,1,J. Weder-Meier AG,,False,2026-04-16T12:19:42+00:00,cfc690da-a523-447c-836c-e5b6e14c40ef,,Confection de chemises et de blouses,duplicate_project_pubtype_language,2026-04-16T16:02:43.386869+00:00
15750,413095,2009-10-02,2009-09-21,OB02,FEDERATION,OPEN,SERVICES,DE,,,,66172000,211505.0,CHF,,1,treibauf AG,Eidgenössische Finanzverwaltung (EFV),False,2026-04-15T08:48:10+00:00,16e7dd34-bfa6-4466-8d2b-5ba35189eda3,(921) 601 E-Government Finanzen: E-Payment und E-Billing,,duplicate_project_pubtype_language,2026-04-16T16:02:43.386869+00:00
41056,507955,2010-06-28,2010-06-28,OB02,CANTON,OPEN,SUPPLIES,FR,GE,GE,,22000000,,CHF,,1,IMPRIMERIE SCHMID,,False,2026-04-15T09:03:28+00:00,21f801b6-9e58-4a03-939a-6b21b1def08b,,"AO public pour la réalisation et l'impression du matériel électoral, soit enveloppes, brochures, bulletins de vote, fascicule de listes, carte de vote",duplicate_project_pubtype_language,2026-04-16T16:02:43.386869+00:00
41056,507963,2010-06-28,2010-06-28,OB02,CANTON,OPEN,SUPPLIES,FR,GE,GE,,22000000,,CHF,,1,ATAR ROTO PRESSE SA,,False,2026-04-15T09:03:28+00:00,1f7ff16e-a980-4fd4-a241-069fe41e54d9,,"AO public pour la réalisation et l'impression du matériel électoral, soit enveloppes, brochures, bulletins de vote, fascicule de listes, carte de vote",duplicate_project_pubtype_language,2026-04-16T16:02:43.386869+00:00
97962,798397,2013-11-19,2013-11-06,OB02,CANTON,OPEN,SUPPLIES,FR,GE,GE,,22851000,,CHF,,1,Carpentier AG,,False,2026-04-16T11:09:36+00:00,fd53171d-a224-4ce7-aa4b-e820d265de1c,,"Appel d'offres public pour l'acquisition de classeurs pour le DIP (Département de l'instruction publique, culture et sport).",duplicate_project_pubtype_language,2026-04-16T16:02:43.386869+00:00
102984,798387,2013-11-21,2013-11-11,OB02,FEDERATION,OPEN,SERVICES,DE,BE,BE,,72000000,1251000.0,CHF,,1,it-processing AG,"Parlamentsdienste
Dienst für Informatik und neue Technologien (DINT)",False,2026-04-16T11:09:36+00:00,4351fd4a-8a99-4506-8c45-250bf475608e,(1392) 101 Wartung und Weiterentwicklung von IT-Spezialanwendungen der Parlamentsdienste im Dienst für Informatik und neue Technologien der Bundesversammlung 2014 – 2017,,duplicate_project_pubtype_language,2026-04-16T16:02:43.386869+00:00
114513,841901,2014-10-29,2014-10-24,OB02,FEDERATION,OPEN,SERVICES,FR,BE,BE,,71300000,,CHF,,1,Ernst Basler + Partner AG,,False,2026-04-16T11:39:42+00:00,9de9473c-882f-42a4-aa1d-448c73edf749,,Objektsicherheit VBS,duplicate_project_pubtype_language,2026-04-16T16:02:43.386869+00:00
101902,798375,2013-11-19,2013-11-15,OB02,CANTON,OPEN,SUPPLIES,FR,GE,GE,,30192125,,CHF,4.0,1,Koellmann AG,,False,2026-04-16T11:09:36+00:00,75156af5-a1d3-4a02-a411-9de762b7b34c,,"Appel d'offres public pour l'achat de stylos, feutres et crayons",duplicate_project_pubtype_language,2026-04-16T16:02:43.386869+00:00
101902,798347,2013-11-19,2013-11-15,OB02,CANTON,OPEN,SUPPLIES,FR,GE,GE,,30192122,,CHF,2.0,1,Koellmann AG,,False,2026-04-16T11:09:36+00:00,3e958d3b-bec1-417d-93f6-dcaf395eb919,,"Appel d'offres public pour l'achat de stylos, feutres et crayons",duplicate_project_pubtype_language,2026-04-16T16:02:43.386869+00:00
101902,798355,2013-11-19,2013-11-15,OB02,CANTON,OPEN,SUPPLIES,FR,GE,GE,,30192124,,CHF,9.0,1,Premec SA,,False,2026-04-16T11:09:36+00:00,a9263363-9692-4b8d-aa1f-899fc030ddac,,"Appel d'offres public pour l'achat de stylos, feutres et crayons",duplicate_project_pubtype_language,2026-04-16T16:02:43.386869+00:00
47921,582345,2011-01-17,2010-12-20,OB02,CANTON,OPEN,WORKS,DE,SG,SG,,45000000,1226623.35,CHF,8.0,1,Jank + Blatter AG,Hochbauamt des Kantons St.Gallen,False,2026-04-15T09:19:59+00:00,bf95c39a-b4df-40d6-ad6f-757f4dfb321c,Regionale Sportanlage Sargans,,duplicate_project_pubtype_language,2026-04-16T16:02:43.386869+00:00
103775,798567,2013-11-22,2013-11-22,OB02,MUNICIPALITY_OTHER,OPEN,WORKS,DE,SO,SO,,45330000,272569.0,CHF,4.0,1,Siemens Schweiz AG,SWG,False,2026-04-16T11:09:36+00:00,876c7d12-5835-4aea-96dc-2b92abe4cee5,Neubau Betriebsgebäude SWG,,duplicate_project_pubtype_language,2026-04-16T16:02:43.386869+00:00
6854,405627,2009-09-04,,OB03,FEDERATION,RESTRICTED,SUPPLIES,FR,,,,,,CHF,,0,,,False,2026-04-15T08:46:44+00:00,a57f2810-3dfb-4797-b46a-9926d86469bd,,,duplicate_project_pubtype_language,2026-04-16T16:02:43.386869+00:00
114513,841895,2014-10-29,2014-10-24,OB02,FEDERATION,OPEN,SERVICES,DE,BE,BE,,71300000,,CHF,,1,Ernst Basler + Partner AG,"armasuisse
Kompetenzbereich Einkauf und Kooperationen
CC WTO",False,2026-04-16T11:39:42+00:00,ab0bc0b1-6d22-40cc-a873-e59aac98a737,Objektsicherheit VBS,,duplicate_project_pubtype_language,2026-04-16T16:02:43.386869+00:00
99940,799071,2013-11-26,2013-11-22,OB02,FEDERATION,OPEN,SERVICES,FR,BE,BE,,72000000,528000.0,CHF,,1,Safe+Legal AG,,False,2026-04-16T11:09:36+00:00,3097800a-5ac7-451f-90af-26b919771e6e,,(1369) 401 DFJP Ressources de projet,duplicate_project_pubtype_language,2026-04-16T16:02:43.386869+00:00
99940,799095,2013-11-26,2013-11-22,OB02,FEDERATION,OPEN,SERVICES,FR,BE,BE,,72000000,1728000.0,CHF,,1,agide AG,,False,2026-04-16T11:09:36+00:00,a1a2c7be-5d4b-4cd5-aff6-95650020b9de,,(1369) 401 DFJP Ressources de projet,duplicate_project_pubtype_language,2026-04-16T16:02:43.386869+00:00
99940,799087,2013-11-26,2013-11-22,OB02,FEDERATION,OPEN,SERVICES,DE,BE,BE,,72000000,1728000.0,CHF,,1,agide AG,"Bundesamt für Bauten und Logistik (BBL)
Öffentliche Ausschreibungen",False,2026-04-16T11:09:36+00:00,4df73139-f8cf-4c0f-aadd-1f753e6f2374,(1369) 401 EJPD Projektressourcen,,duplicate_project_pubtype_language,2026-04-16T16:02:43.386869+00:00
127700,888659,2015-11-05,2015-09-21,OB02,MUNICIPALITY,OPEN,WORKS,DE,BE,BE,,45000000,266749.8,CHF,,1,Vontobel Abbruch + Aushub AG,Fachstelle Beschaffungswesen Stadt Bern,False,2026-04-16T12:12:52+00:00,ac5647b5-b1c5-4e1b-93ba-6509e85d853e,"Alters- und Pflegeheim Kühlewil, Englisberg, Umbau Altbau",,duplicate_project_pubtype_language,2026-04-16T16:02:43.386869+00:00
41511,509701,2010-07-09,2010-07-02,OB02,CANTON_OTHER,OPEN,WORKS,FR,VD,VD,,45454100,,CHF,6.0,1,CRAUSAZ CONSTRUCTION SA,,False,2026-04-15T09:03:28+00:00,5c234664-48db-42b4-bc51-9219b6b43846,,Réfection des socles de la ligne 220 kV St-Triphon - Mühleberg,duplicate_project_pubtype_language,2026-04-16T16:02:43.386869+00:00
41511,509711,2010-07-09,2010-07-02,OB02,CANTON_OTHER,OPEN,WORKS,FR,VD,VD,,45454100,,CHF,5.0,1,PraderLosinger SA,,False,2026-04-15T09:03:28+00:00,43f2b063-26ec-425f-ba6f-2527fccc3e9a,,Réfection des socles de la ligne 220 kV St-Triphon - Mühleberg,duplicate_project_pubtype_language,2026-04-16T16:02:43.386869+00:00
102951,799001,2013-12-10,2013-12-09,OB02,FEDERATION,OPEN,SERVICES,DE,NE,NE,,98000000,369576.0,CHF,,1,Diso AG,"Bundesamt für Statistik
FICO/Beschaffungen",False,2026-04-16T11:09:36+00:00,d35fac5d-600a-4aa5-9d8c-8445a60820c3,Zur Verfügung stellen von Arbeitnehmer/-innen in der Form der Personalverleihe.,,duplicate_project_pubtype_language,2026-04-16T16:02:43.386869+00:00
102951,799037,2013-12-10,2013-12-09,OB02,FEDERATION,OPEN,SERVICES,DE,NE,NE,,98000000,291600.0,CHF,,1,kiwi Consultants GmbH,"Bundesamt für Statistik
FICO/Beschaffungen",False,2026-04-16T11:09:36+00:00,dc2735ba-eb5a-4b52-bd5d-907a22098598,Zur Verfügung stellen von Arbeitnehmer/-innen in der Form der Personalverleihe.,,duplicate_project_pubtype_language,2026-04-16T16:02:43.386869+00:00
102951,799043,2013-12-10,2013-12-09,OB02,FEDERATION,OPEN,SERVICES,DE,NE,NE,,98000000,214812.0,CHF,,1,Rexult AG,"Bundesamt für Statistik
FICO/Beschaffungen",False,2026-04-16T11:09:36+00:00,c02778f8-d369-4ba6-98e8-5d4dec863f1a,Zur Verfügung stellen von Arbeitnehmer/-innen in der Form der Personalverleihe.,,duplicate_project_pubtype_language,2026-04-16T16:02:43.386869+00:00
102951,799041,2013-12-10,2013-12-09,OB02,FEDERATION,OPEN,SERVICES,DE,NE,NE,,98000000,340200.0,CHF,,1,IT-Logix AG,"Bundesamt für Statistik
FICO/Beschaffungen",False,2026-04-16T11:09:36+00:00,aebe99b8-9220-4b67-99ea-50885ff17fde,Zur Verfügung stellen von Arbeitnehmer/-innen in der Form der Personalverleihe.,,duplicate_project_pubtype_language,2026-04-16T16:02:43.386869+00:00
102951,799011,2013-12-10,2013-12-09,OB02,FEDERATION,OPEN,SERVICES,DE,NE,NE,,98000000,169200.0,CHF,,1,ITech Consult AG,"Bundesamt für Statistik
FICO/Beschaffungen",False,2026-04-16T11:09:36+00:00,b5deb11a-8d70-4727-8148-2d30b649403d,Zur Verfügung stellen von Arbeitnehmer/-innen in der Form der Personalverleihe.,,duplicate_project_pubtype_language,2026-04-16T16:02:43.386869+00:00
102951,799005,2013-12-10,2013-12-09,OB02,FEDERATION,OPEN,SERVICES,DE,NE,NE,,98000000,323481.6,CHF,,1,Diso AG,"Bundesamt für Statistik
FICO/Beschaffungen",False,2026-04-16T11:09:36+00:00,9275e24d-2ab0-459f-a8aa-f6a4f5edea10,Zur Verfügung stellen von Arbeitnehmer/-innen in der Form der Personalverleihe.,,duplicate_project_pubtype_language,2026-04-16T16:02:43.386869+00:00
105757,799297,2013-11-22,,OB06,CANTON,OPEN,,DE,BE,BE,,45210000,,CHF,,0,,Amt für Grundstücke und Gebäude des Kantons Bern,False,2026-04-16T11:11:50+00:00,e1cc2de5-26a1-41dc-a4ab-b83b02d4a764,"Gesamtsanierung Schulcampus Interlaken
BKP 359 Laboreinrichtungen",,duplicate_project_pubtype_language,2026-04-16T16:02:43.386869+00:00
102951,799063,2013-12-10,2013-12-09,OB02,FEDERATION,OPEN,SERVICES,DE,NE,NE,,98000000,230000.0,CHF,,1,nextSoft GmbH,"Bundesamt für Statistik
FICO/Beschaffungen",False,2026-04-16T11:09:36+00:00,802c40b1-f9d6-474f-8f59-1f0149c56ba7,Zur Verfügung stellen von Arbeitnehmer/-innen in der Form der Personalverleihe.,,duplicate_project_pubtype_language,2026-04-16T16:02:43.386869+00:00
102951,799073,2013-12-10,2013-12-09,OB02,FEDERATION,OPEN,SERVICES,DE,NE,NE,,98000000,879335.7,CHF,,1,kiwi Consultants GmbH,"Bundesamt für Statistik
FICO/Beschaffungen",False,2026-04-16T11:09:36+00:00,aeeeadbb-f15d-4f48-bc3e-73aa8be7549f,Zur Verfügung stellen von Arbeitnehmer/-innen in der Form der Personalverleihe.,,duplicate_project_pubtype_language,2026-04-16T16:02:43.386869+00:00
102951,799105,2013-12-10,2013-12-09,OB02,FEDERATION,OPEN,SERVICES,DE,NE,NE,,98000000,646958.0,CHF,,1,Excellent Minds Consultancy GmbH,"Bundesamt für Statistik
FICO/Beschaffungen",False,2026-04-16T11:09:36+00:00,3aa6a8aa-3eb4-4175-9aa3-95b79d979cd7,Zur Verfügung stellen von Arbeitnehmer/-innen in der Form der Personalverleihe.,,duplicate_project_pubtype_language,2026-04-16T16:02:43.386869+00:00
102951,799139,2013-12-10,2013-12-09,OB02,FEDERATION,OPEN,SERVICES,DE,NE,NE,,98000000,53913.6,CHF,,1,Diso AG,"Bundesamt für Statistik
FICO/Beschaffungen",False,2026-04-16T11:09:36+00:00,c7fc14cf-9e5b-4741-990b-f61023e34a11,Zur Verfügung stellen von Arbeitnehmer/-innen in der Form der Personalverleihe.,,duplicate_project_pubtype_language,2026-04-16T16:02:43.386869+00:00
102951,799141,2013-12-10,2013-12-09,OB02,FEDERATION,OPEN,SERVICES,DE,NE,NE,,98000000,1136800.0,CHF,,1,Kelly Services (Suisse) SA,"Bundesamt für Statistik
FICO/Beschaffungen",False,2026-04-16T11:09:36+00:00,35c58914-be23-42f3-8740-8bbcfc14f926,Zur Verfügung stellen von Arbeitnehmer/-innen in der Form der Personalverleihe.,,duplicate_project_pubtype_language,2026-04-16T16:02:43.386869+00:00
102951,799121,2013-12-10,2013-12-09,OB02,FEDERATION,OPEN,SERVICES,DE,NE,NE,,98000000,496008.0,CHF,,1,Infocentric Research AG,"Bundesamt für Statistik
FICO/Beschaffungen",False,2026-04-16T11:09:36+00:00,0d20a8aa-f52e-40ec-975a-88ffea3a6412,Zur Verfügung stellen von Arbeitnehmer/-innen in der Form der Personalverleihe.,,duplicate_project_pubtype_language,2026-04-16T16:02:43.386869+00:00
127700,888663,2015-11-05,2015-09-21,OB02,MUNICIPALITY,OPEN,WORKS,DE,BE,BE,,45000000,198301.1,CHF,,1,Wirz Holzbau AG,Fachstelle Beschaffungswesen Stadt Bern,False,2026-04-16T12:12:52+00:00,8b92be88-a48d-43ca-9ad0-a37f3606e6d3,"Alters- und Pflegeheim Kühlewil, Englisberg, Umbau Altbau",,duplicate_project_pubtype_language,2026-04-16T16:02:43.386869+00:00
100426,799059,2013-11-29,2013-11-19,OB02,MUNICIPALITY,RESTRICTED,SERVICES,DE,ZH,ZH,,71300000,837600.0,CHF,,1,ACS-Partner AG,"Stadt Zürich
Amt für Hochbauten",False,2026-04-16T11:09:36+00:00,f419ad7c-bc20-4c20-b225-4083cf603f8a,VBZ Busgarage Hardau,,duplicate_project_pubtype_language,2026-04-16T16:02:43.386869+00:00
102951,799175,2013-12-10,2013-12-09,OB02,FEDERATION,OPEN,SERVICES,FR,NE,NE,,98000000,214812.0,CHF,,1,Rexult AG,,False,2026-04-16T11:09:36+00:00,1d903c50-6e88-4a1e-9717-4fa80ac22cb0,,Mise à disposition d'employés par le biais de la location de services,duplicate_project_pubtype_language,2026-04-16T16:02:43.386869+00:00
102951,799181,2013-12-10,2013-12-09,OB02,FEDERATION,OPEN,SERVICES,FR,NE,NE,,98000000,646958.0,CHF,,1,Excellent Minds Consultancy GmbH,,False,2026-04-16T11:09:36+00:00,019ae640-d97b-4c11-9d42-6006f32a6947,,Mise à disposition d'employés par le biais de la location de services,duplicate_project_pubtype_language,2026-04-16T16:02:43.386869+00:00
102951,799185,2013-12-10,2013-12-09,OB02,FEDERATION,OPEN,SERVICES,FR,NE,NE,,98000000,53913.6,CHF,,1,Diso AG,,False,2026-04-16T11:09:36+00:00,8a7f9f49-6607-4cf6-ba63-20d651196f6c,,Mise à disposition d'employés par le biais de la location de services,duplicate_project_pubtype_language,2026-04-16T16:02:43.386869+00:00
102951,799173,2013-12-10,2013-12-09,OB02,FEDERATION,OPEN,SERVICES,FR,NE,NE,,98000000,340200.0,CHF,,1,IT-Logix AG,,False,2026-04-16T11:09:36+00:00,5856d6b1-eabc-44b5-aa85-ce68b8e60ffd,,Mise à disposition d'employés par le biais de la location de services,duplicate_project_pubtype_language,2026-04-16T16:02:43.386869+00:00
102951,799179,2013-12-10,2013-12-09,OB02,FEDERATION,OPEN,SERVICES,FR,NE,NE,,98000000,230000.0,CHF,,1,nextSoft GmbH,,False,2026-04-16T11:09:36+00:00,28ee33b3-d0ae-496c-8735-f13310516fd5,,Mise à disposition d'employés par le biais de la location de services,duplicate_project_pubtype_language,2026-04-16T16:02:43.386869+00:00
102951,799167,2013-12-10,2013-12-09,OB02,FEDERATION,OPEN,SERVICES,FR,NE,NE,,98000000,169200.0,CHF,,1,ITech Consult AG,,False,2026-04-16T11:09:36+00:00,cbcfb325-af04-4087-adc3-7a9c5ed5facd,,Mise à disposition d'employés par le biais de la location de services,duplicate_project_pubtype_language,2026-04-16T16:02:43.386869+00:00
102951,799169,2013-12-10,2013-12-09,OB02,FEDERATION,OPEN,SERVICES,FR,NE,NE,,98000000,,CHF,,1,AAAA,,False,2026-04-16T11:09:36+00:00,35e4f0a4-d27d-4964-945a-1c162a5e0d9d,,Mise à disposition d'employés par le biais de la location de services,duplicate_project_pubtype_language,2026-04-16T16:02:43.386869+00:00
127700,888675,2015-11-05,2015-09-21,OB02,MUNICIPALITY,OPEN,WORKS,DE,BE,BE,,45000000,832334.15,CHF,,1,Badertscher + Co AG,Fachstelle Beschaffungswesen Stadt Bern,False,2026-04-16T12:12:52+00:00,9f0d59b9-024b-4a95-8ee5-0567f9bc9c9b,"Alters- und Pflegeheim Kühlewil, Englisberg, Umbau Altbau",,duplicate_project_pubtype_language,2026-04-16T16:02:43.386869+00:00
35687,510195,2010-07-09,2010-05-17,OB02,CANTON,OPEN,WORKS,FR,FR,FR,,45262120,411996.0,CHF,1.0,1,TUBAX SA,,False,2026-04-15T09:03:28+00:00,cfb67bb6-63bd-4031-b71f-31ecbcb24303,,"Agrandissement du collège de Gambach à Fribourg, lot 4",duplicate_project_pubtype_language,2026-04-16T16:02:43.386869+00:00
35687,510237,2010-07-09,2010-05-17,OB02,CANTON,OPEN,WORKS,FR,FR,FR,,45443000,837379.0,CHF,1.0,1,Brandt SA,,False,2026-04-15T09:03:28+00:00,9d12b17a-320e-417e-b99a-871d1c348f6a,,"Agrandissement du collège de Gambach à Fribourg, lot 4",duplicate_project_pubtype_language,2026-04-16T16:02:43.386869+00:00
35687,510241,2010-07-09,2010-05-17,OB02,CANTON,OPEN,WORKS,FR,FR,FR,,44112500,471119.0,CHF,4.0,1,Dentan-Schaub SA,,False,2026-04-15T09:03:28+00:00,5bd0d437-1afc-4de9-97d1-274fd26d0bdb,,"Agrandissement du collège de Gambach à Fribourg, lot 4",duplicate_project_pubtype_language,2026-04-16T16:02:43.386869+00:00
98313,799311,2013-11-29,2013-09-25,OB02,CANTON,OPEN,SERVICES,FR,NE,NE,,66512100,3331234.0,CHF,10.0,1,Vaudoise Assurances,,False,2026-04-16T11:11:50+00:00,b8e2e903-6425-4cc5-a9b7-eb11c7ee65cb,,"République et Canton de Neuchâtel - Renouvellement des Assurances Responsabilité Civile, Accident oblgatoire selon la LAA, Choses ( Bâtiment et Contenu), Véhicules Flotte et Casco professionnelle",duplicate_project_pubtype_language,2026-04-16T16:02:43.386869+00:00
35687,510267,2010-07-09,2010-05-17,OB02,CANTON,OPEN,WORKS,FR,FR,FR,,31200000,724730.0,CHF,2.0,1,Groupe E Connect SA,,False,2026-04-15T09:03:28+00:00,104d9bf5-3aaa-4d04-88d3-38e4010b94ad,,"Agrandissement du collège de Gambach à Fribourg, lot 4",duplicate_project_pubtype_language,2026-04-16T16:02:43.386869+00:00
35687,510257,2010-07-09,2010-05-17,OB02,CANTON,OPEN,WORKS,FR,FR,FR,,44112500,1166614.0,CHF,4.0,1,Geneux Dancet SA,,False,2026-04-15T09:03:28+00:00,f68f9c1b-cf22-48b9-a056-66789bf0b379,,"Agrandissement du collège de Gambach à Fribourg, lot 4",duplicate_project_pubtype_language,2026-04-16T16:02:43.386869+00:00
35687,510273,2010-07-09,2010-05-17,OB02,CANTON,OPEN,WORKS,FR,FR,FR,,38000000,586166.0,CHF,1.0,1,WALDNER SA,,False,2026-04-15T09:03:28+00:00,16504790-5af2-4f04-9ccc-0e4fe4bf04fc,,"Agrandissement du collège de Gambach à Fribourg, lot 4",duplicate_project_pubtype_language,2026-04-16T16:02:43.386869+00:00
98313,799321,2013-11-29,2013-09-25,OB02,CANTON,OPEN,SERVICES,FR,NE,NE,,66514110,175622.8,CHF,2.0,1,Vaudoise Assurances,,False,2026-04-16T11:11:50+00:00,748a6ff2-7d9e-42e4-9078-26ce906de592,,"République et Canton de Neuchâtel - Renouvellement des Assurances Responsabilité Civile, Accident oblgatoire selon la LAA, Choses ( Bâtiment et Contenu), Véhicules Flotte et Casco professionnelle",duplicate_project_pubtype_language,2026-04-16T16:02:43.386869+00:00
127700,888667,2015-11-05,2015-09-21,OB02,MUNICIPALITY,OPEN,WORKS,DE,BE,BE,,45000000,1355496.65,CHF,,1,Gfeller Elektro AG,Fachstelle Beschaffungswesen Stadt Bern,False,2026-04-16T12:12:52+00:00,84fe4a3c-add5-4e7b-b1dc-cfc9b111fe69,"Alters- und Pflegeheim Kühlewil, Englisberg, Umbau Altbau",,duplicate_project_pubtype_language,2026-04-16T16:02:43.386869+00:00
103280,799441,2013-11-27,2013-11-21,OB02,CANTON_OTHER,OPEN,SERVICES,DE,BS,BS,,71353200,169366.0,CHF,,1,Jermann Ingenieure + Geometer AG,"Bau- und Verkehrsdepartement des Kantons Basel-Stadt, Submissionen",False,2026-04-16T11:11:50+00:00,cdadfb90-cae3-49d8-8b99-0896ee94caee,"Rahmenvertrag für die Aufnahme von Werkinformationen Erdgas in den Kantonen Basel-Landschaft, Aargau und Solothurn für die Industriellen Werke Basel (in 4 Losen)",,duplicate_project_pubtype_language,2026-04-16T16:02:43.386869+00:00
103280,799449,2013-11-27,2013-11-21,OB02,CANTON_OTHER,OPEN,SERVICES,DE,BS,BS,,71353200,138386.0,CHF,,1,Jermann Ingenieure + Geometer AG,"Bau- und Verkehrsdepartement des Kantons Basel-Stadt, Submissionen",False,2026-04-16T11:11:50+00:00,9d7da3db-aa31-4d83-8495-08aac83adfd5,"Rahmenvertrag für die Aufnahme von Werkinformationen Erdgas in den Kantonen Basel-Landschaft, Aargau und Solothurn für die Industriellen Werke Basel (in 4 Losen)",,duplicate_project_pubtype_language,2026-04-16T16:02:43.386869+00:00
101667,799545,2013-11-27,2013-11-22,OB02,FEDERATION,OPEN,SERVICES,FR,ZH,ZH,,72000000,2962020.0,CHF,,1,Arturai International AG,,False,2026-04-16T11:11:50+00:00,fe2b96b3-2124-42ad-8d99-5418d1f34936,,(1376) 311 Relaunch site internet MétéoSuisse,duplicate_project_pubtype_language,2026-04-16T16:02:43.386869+00:00
105805,799599,2013-11-26,,OB06,UTILITY,OPEN,,DE,,,,71322000,,CHF,,0,,"Schweizerische Bundesbahnen SBB
Infrastruktur, Projekte Region Mitte, Projektmanagement",False,2026-04-16T11:11:50+00:00,4966796b-abbd-4675-b7dd-253df4e9b1a7,"PU Langenthal, Verbreiterung Bahnhofpassage, Planerleistungen",,duplicate_project_pubtype_language,2026-04-16T16:02:43.386869+00:00
19429,412873,2009-10-07,,OB06,MUNICIPALITY,OPEN,,DE,,,,45262420,,CHF,,0,,Fachstelle Beschaffungswesen Stadt Bern,False,2026-04-15T08:48:10+00:00,80a857c5-dab0-4494-a2b9-5d372144628d,"Neubau Tramdepot Bolligenstrasse, Montagebau in Stahl",,duplicate_project_pubtype_language,2026-04-16T16:02:43.386869+00:00
40609,511745,2010-07-07,2010-06-28,OB02,FEDERATION,OPEN,WORKS,FR,BE,BE,,45260000,308561.15,CHF,,1,La Croix Charpente Sàrl,,False,2026-04-15T09:03:29+00:00,412221cf-c10d-4c5b-be8f-eeab822446e3,,Drognens/FR Assainissement et transformations - 2ème étape,duplicate_project_pubtype_language,2026-04-16T16:02:43.386869+00:00
41942,511749,2010-07-07,2010-06-28,OB02,FEDERATION,OPEN,WORKS,FR,BE,BE,,45260000,422201.1,CHF,,1,ETSA ETANCHEITE SA,,False,2026-04-15T09:03:29+00:00,2e7005e4-038f-45ab-ace8-faa869fdc9e1,,Drognens/FR Assainissement et transformations - 2ème étape  lot 10,duplicate_project_pubtype_language,2026-04-16T16:02:43.386869+00:00
39813,511791,2010-07-05,2010-06-30,OB02,FEDERATION,OPEN,WORKS,DE,BE,BE,,45000000,977027.0,CHF,7.0,1,Helmle AG,armasuisse Immobilien,False,2026-04-15T09:03:29+00:00,66bc2fa6-c3b8-4442-8ad7-92bddc557dc1,"Thun, Dufourkaserne / Verpflegungszentrum
- 1. Submissionspaket",,duplicate_project_pubtype_language,2026-04-16T16:02:43.386869+00:00
39813,511805,2010-07-05,2010-06-30,OB02,FEDERATION,OPEN,WORKS,DE,BE,BE,,45000000,423876.05,CHF,5.0,1,Baeren Haustechnik AG,armasuisse Immobilien,False,2026-04-15T09:03:29+00:00,44181477-eed0-489b-a4f6-c23826943161,"Thun, Dufourkaserne / Verpflegungszentrum
- 1. Submissionspaket",,duplicate_project_pubtype_language,2026-04-16T16:02:43.386869+00:00
39813,511819,2010-07-05,2010-06-30,OB02,FEDERATION,OPEN,WORKS,DE,BE,BE,,45000000,117316.3,CHF,4.0,1,NORM AUFZÜGE AG BERN,armasuisse Immobilien,False,2026-04-15T09:03:29+00:00,f3224a4a-1ade-4b47-8912-f85bea68a378,"Thun, Dufourkaserne / Verpflegungszentrum
- 1. Submissionspaket",,duplicate_project_pubtype_language,2026-04-16T16:02:43.386869+00:00
127406,903839,2016-02-26,2015-11-05,OB02,MUNICIPALITY,OPEN,WORKS,FR,VS,VS,,45212220,,CHF,5.0,1,Constantin Isolations SA,,False,2026-04-16T12:24:15+00:00,bdd2e9f7-93db-415e-b793-e9f177f00987,,Construction d'une salle polyvalente double à Grône,duplicate_project_pubtype_language,2026-04-16T16:02:43.386869+00:00
39813,511815,2010-07-05,2010-06-30,OB02,FEDERATION,OPEN,WORKS,DE,BE,BE,,45000000,1573965.05,CHF,4.0,1,Fritz Krebs & CO AG,armasuisse Immobilien,False,2026-04-15T09:03:29+00:00,ed090e90-85e0-4855-9c45-f2eb7a34045f,"Thun, Dufourkaserne / Verpflegungszentrum
- 1. Submissionspaket",,duplicate_project_pubtype_language,2026-04-16T16:02:43.386869+00:00
39813,511809,2010-07-05,2010-06-30,OB02,FEDERATION,OPEN,WORKS,DE,BE,BE,,45000000,824759.2,CHF,3.0,1,MMP KLIMA AG,armasuisse Immobilien,False,2026-04-15T09:03:29+00:00,abbc10ea-fff8-447c-940c-60dc08aab754,"Thun, Dufourkaserne / Verpflegungszentrum
- 1. Submissionspaket",,duplicate_project_pubtype_language,2026-04-16T16:02:43.386869+00:00
39813,511799,2010-07-05,2010-06-30,OB02,FEDERATION,OPEN,WORKS,DE,BE,BE,,45000000,377662.55,CHF,1.0,1,Gerüstebau Schwarzenbach AG,armasuisse Immobilien,False,2026-04-15T09:03:29+00:00,3a2b0764-3fa5-4340-b7f8-9d1b82bd495c,"Thun, Dufourkaserne / Verpflegungszentrum
- 1. Submissionspaket",,duplicate_project_pubtype_language,2026-04-16T16:02:43.386869+00:00
39813,511801,2010-07-05,2010-06-30,OB02,FEDERATION,OPEN,WORKS,DE,BE,BE,,45000000,897092.7,CHF,6.0,1,Brunner + Imboden AG,armasuisse Immobilien,False,2026-04-15T09:03:29+00:00,88d122e5-012b-40d9-8bbc-befa3bfda190,"Thun, Dufourkaserne / Verpflegungszentrum
- 1. Submissionspaket",,duplicate_project_pubtype_language,2026-04-16T16:02:43.386869+00:00
128226,888711,2015-11-05,2015-09-21,OB02,MUNICIPALITY,OPEN,WORKS,DE,BE,BE,,45000000,141596.4,CHF,,1,creadec ag,Fachstelle Beschaffungswesen Stadt Bern,False,2026-04-16T12:12:52+00:00,f65481b5-bae6-4d2f-90d2-1596806293f8,"VS Wankdorf - Einbau, Sanierung Sprachheilschule, Morgartenstrasse 2c, 3014 Bern",,duplicate_project_pubtype_language,2026-04-16T16:02:43.386869+00:00
128226,888717,2015-11-05,2015-09-21,OB02,MUNICIPALITY,OPEN,WORKS,DE,BE,BE,,45000000,187883.15,CHF,,1,creadec ag,Fachstelle Beschaffungswesen Stadt Bern,False,2026-04-16T12:12:52+00:00,4513b60c-2c06-40cd-89ac-a844decbf3c6,"VS Wankdorf - Einbau, Sanierung Sprachheilschule, Morgartenstrasse 2c, 3014 Bern",,duplicate_project_pubtype_language,2026-04-16T16:02:43.386869+00:00
105895,800287,2013-11-29,,OB06,UTILITY,OPEN,,EN,,,,38580000,,CHF,,0,,Paul Scherrer Institut,False,2026-04-16T11:11:51+00:00,34dd081b-9bf8-4a91-8e70-d04d50d6ec34,Double Crystal Monochromator,,duplicate_project_pubtype_language,2026-04-16T16:02:43.386869+00:00
128226,888721,2015-11-05,2015-09-21,OB02,MUNICIPALITY,OPEN,WORKS,DE,BE,BE,,45000000,170943.25,CHF,,1,Frepa AG,Fachstelle Beschaffungswesen Stadt Bern,False,2026-04-16T12:12:52+00:00,cc435a7c-828d-461f-931c-4066a00c342c,"VS Wankdorf - Einbau, Sanierung Sprachheilschule, Morgartenstrasse 2c, 3014 Bern",,duplicate_project_pubtype_language,2026-04-16T16:02:43.386869+00:00
102209,800379,2013-12-03,2013-11-28,OB02,FEDERATION,OPEN,SUPPLIES,FR,BE,BE,,14620000,1271038.0,CHF,,1,MINT OF FINLAND LTD.,,False,2026-04-16T11:11:51+00:00,7b6498b6-94a2-4c82-884d-2d91a121a7e5,,(13115) 603 Flans de monnaie pour l'année 2014,duplicate_project_pubtype_language,2026-04-16T16:02:43.386869+00:00
102209,800383,2013-12-03,2013-11-28,OB02,FEDERATION,OPEN,SUPPLIES,FR,BE,BE,,14620000,509915.0,CHF,,1,MINT OF FINLAND LTD.,,False,2026-04-16T11:11:51+00:00,0865e3f6-544d-48a1-aaa0-7af60006d3a5,,(13115) 603 Flans de monnaie pour l'année 2014,duplicate_project_pubtype_language,2026-04-16T16:02:43.386869+00:00
102209,800387,2013-12-03,2013-11-28,OB02,FEDERATION,OPEN,SUPPLIES,FR,BE,BE,,14620000,1027700.0,CHF,,1,Poongsan Corporation,,False,2026-04-16T11:11:51+00:00,fff74e83-e92b-4961-9e09-f610c5765099,,(13115) 603 Flans de monnaie pour l'année 2014,duplicate_project_pubtype_language,2026-04-16T16:02:43.386869+00:00
102209,800395,2013-12-03,2013-11-28,OB02,FEDERATION,OPEN,SUPPLIES,FR,BE,BE,,14620000,764775.0,CHF,,1,Poongsan Corporation,,False,2026-04-16T11:11:51+00:00,4ee77227-aeb5-4219-8e6e-16980292652d,,(13115) 603 Flans de monnaie pour l'année 2014,duplicate_project_pubtype_language,2026-04-16T16:02:43.386869+00:00
34337,513879,2010-07-19,2010-04-14,OB02,MUNICIPALITY,OPEN,WORKS,FR,GE,GE,,45310000,1224488.0,CHF,6.0,1,EGG-TELSA,,False,2026-04-15T09:06:22+00:00,074dc255-3125-4640-af76-6eb5f6d9f929,,Lieu intergénérationnel et aménagement du centre du village de Meinier,duplicate_project_pubtype_language,2026-04-16T16:02:43.386869+00:00
34337,513877,2010-07-19,2010-04-14,OB02,MUNICIPALITY,OPEN,WORKS,FR,GE,GE,,45200000,8604138.65,CHF,9.0,1,GRISONI-ZAUGG SA,,False,2026-04-15T09:06:22+00:00,2ca45215-2cf9-4dd7-a37b-917fe7c678a5,,Lieu intergénérationnel et aménagement du centre du village de Meinier,duplicate_project_pubtype_language,2026-04-16T16:02:43.386869+00:00
39613,513889,2011-03-14,2010-05-27,OB02,MUNICIPALITY,OPEN,WORKS,FR,GE,GE,,44221000,665080.0,CHF,4.0,1,G. Baumgartner AG,,False,2026-04-15T09:06:22+00:00,03b16d54-1acb-4162-88c2-340966c9bf3f,,Lieu intergénérationnel et aménagement du centre du village de Meinier,duplicate_project_pubtype_language,2026-04-16T16:02:43.386869+00:00
39613,513891,2011-03-14,2010-05-27,OB02,MUNICIPALITY,OPEN,WORKS,FR,GE,GE,,44221000,162106.0,CHF,2.0,1,G. Baumgartner AG,,False,2026-04-15T09:06:22+00:00,a0773783-37cf-40f4-8910-05216c1f7783,,Lieu intergénérationnel et aménagement du centre du village de Meinier,duplicate_project_pubtype_language,2026-04-16T16:02:43.386869+00:00
104454,800291,2013-11-30,2013-11-29,OB02,UTILITY,OPEN,SUPPLIES,FR,VD,VD,,39112000,200990.0,CHF,20.0,1,Assmann Swiss AG,,False,2026-04-16T11:11:51+00:00,6e5d4c17-e8ff-4175-8d04-cfa26c26fcb7,,EPFL-DII / Constructions -  Mobilier pour le Swiss Tech Convention Center (STCC),duplicate_project_pubtype_language,2026-04-16T16:02:43.386869+00:00
42823,512943,2010-07-16,2010-06-29,OB02,MUNICIPALITY,OPEN,WORKS,FR,FR,FR,,45443000,1253035.49,CHF,,1,Clément Peinture SA,,False,2026-04-15T09:06:21+00:00,818a879a-dabd-4712-b78f-8a1c36de6cfa,,Salle de spectacle Equilibre à Fribourg.,duplicate_project_pubtype_language,2026-04-16T16:02:43.386869+00:00
103957,800247,2013-12-04,2013-11-28,OB02,CANTON_OTHER,OPEN,SERVICES,DE,BS,BS,,71300000,696465.0,CHF,,1,Rapp Arcoplan AG,"Bau- und Verkehrsdepartement, Submissionen",False,2026-04-16T11:11:51+00:00,a7890346-b6a3-4a09-90f3-2588896ce997,Rahmenvertrag für Planerleistungen Immobilien,,duplicate_project_pubtype_language,2026-04-16T16:02:43.386869+00:00
104454,800363,2013-11-30,,OB04,UTILITY,OPEN,SUPPLIES,FR,VD,VD,,39113100,,CHF,,1,,,False,2026-04-16T11:11:51+00:00,d7ee0817-4432-4b44-9b03-2597d847e5a8,,EPFL-DII / Constructions -  Mobilier pour le Swiss Tech Convention Center (STCC),duplicate_project_pubtype_language,2026-04-16T16:02:43.386869+00:00
102209,800389,2013-12-03,2013-11-28,OB02,FEDERATION,OPEN,SUPPLIES,DE,BE,BE,,14620000,1303510.0,CHF,,1,Poongsan Corporation,Eidgenössische Münzstätte Swissmint,False,2026-04-16T11:11:51+00:00,f6e32cea-206b-4220-924c-8380557ccc85,(13115) 603 Münzrondellen für das Jahr 2014,,duplicate_project_pubtype_language,2026-04-16T16:02:43.386869+00:00
102209,800385,2013-12-03,2013-11-28,OB02,FEDERATION,OPEN,SUPPLIES,DE,BE,BE,,14620000,1027700.0,CHF,,1,Poongsan Corporation,Eidgenössische Münzstätte Swissmint,False,2026-04-16T11:11:51+00:00,23b96e57-4f06-4bf7-b23d-50a6484aa967,(13115) 603 Münzrondellen für das Jahr 2014,,duplicate_project_pubtype_language,2026-04-16T16:02:43.386869+00:00
102209,800397,2013-12-03,2013-11-28,OB02,FEDERATION,OPEN,SUPPLIES,DE,BE,BE,,14620000,809910.0,CHF,,1,MINT OF FINLAND LTD.,Eidgenössische Münzstätte Swissmint,False,2026-04-16T11:11:51+00:00,f2c1b563-c801-409f-a18c-9fd26f3a17f1,(13115) 603 Münzrondellen für das Jahr 2014,,duplicate_project_pubtype_language,2026-04-16T16:02:43.386869+00:00
6629,419333,2009-10-28,2009-10-22,OB02,FEDERATION,OPEN,WORKS,FR,,,,45000000,81332.5,CHF,,1,O. Küttel AG,,False,2026-04-15T08:48:12+00:00,cde36c84-8b53-4975-88fa-814545cf9681,,"Extension, rénovation et changement de l’utilisation de l’immeuble à la Fellerstrasse 21 à Berne",duplicate_project_pubtype_language,2026-04-16T16:02:43.386869+00:00
104612,800637,2013-12-03,2013-12-02,OB02,UTILITY,OPEN,WORKS,FR,,,,39290000,66671.61,CHF,4.0,1,neon mex sa,,False,2026-04-16T11:11:51+00:00,7ca25823-f26f-4380-ace0-346b4d671976,,Travaux d'agencements fixes des 66 chambres du Swiss Tech Hotel,duplicate_project_pubtype_language,2026-04-16T16:02:43.386869+00:00
102136,800417,2013-12-02,2013-11-29,OB02,CANTON_OTHER,OPEN,SERVICES,DE,BE,BE,,72000000,254268.0,CHF,,1,cloud solutions OÜ,"SDBB
Schweizerisches Dienstleistungszentrum Berufsbildung | Berufs-, Studien- und Laufbahnberatung",False,2026-04-16T11:11:51+00:00,1a560a2d-f145-4982-ac20-6e0f4e7f4ae1,"Entwicklung und Realisierung sowie Betrieb und Wartung einer Online-Test-Plattform (OTP) für die Berufs-, Studien- und Laufbahnberatung BSLB",,duplicate_project_pubtype_language,2026-04-16T16:02:43.386869+00:00
102209,800381,2013-12-03,2013-11-28,OB02,FEDERATION,OPEN,SUPPLIES,DE,BE,BE,,14620000,509915.0,CHF,,1,MINT OF FINLAND LTD.,Eidgenössische Münzstätte Swissmint,False,2026-04-16T11:11:51+00:00,34baba0c-b7b3-42e2-8c82-bcfb387b32b6,(13115) 603 Münzrondellen für das Jahr 2014,,duplicate_project_pubtype_language,2026-04-16T16:02:43.386869+00:00
30756,514919,2010-07-20,2010-05-11,OB02,CANTON_OTHER,OPEN,WORKS,FR,VD,VD,,45262321,633473.3,CHF,,1,B.Pachoud & fils SA,,False,2026-04-15T09:06:22+00:00,09bb37f8-e965-45cb-8c46-44386b4c9774,,ECA CEI III,duplicate_project_pubtype_language,2026-04-16T16:02:43.386869+00:00
102209,800391,2013-12-03,2013-11-28,OB02,FEDERATION,OPEN,SUPPLIES,FR,BE,BE,,14620000,1303510.0,CHF,,1,Poongsan Corporation,,False,2026-04-16T11:11:51+00:00,29663496-fcb9-4f4f-9372-53c6acba37ef,,(13115) 603 Flans de monnaie pour l'année 2014,duplicate_project_pubtype_language,2026-04-16T16:02:43.386869+00:00
102054,800505,2013-12-09,2013-11-07,OB02,CANTON,OPEN,WORKS,DE,SG,SG,,45000000,575960.5,CHF,3.0,1,Dämmtech. Nottwil GmbH,"Kanton St.Gallen, Hochbauamt",False,2026-04-16T11:11:51+00:00,01e1191f-d0ca-4ddd-9d91-b68b81ee14b0,"Hochschule für Technik Rapperswil (HSR), Neubau Forschungszentrum",,duplicate_project_pubtype_language,2026-04-16T16:02:43.386869+00:00
35502,515349,2010-07-23,2010-07-23,OB02,MUNICIPALITY,OPEN,SERVICES,DE,ZH,ZH,,72260000,3500000.0,CHF,,0,Steria Schweiz AG,"Stadt Zürich, Organisation und Informatik",False,2026-04-15T09:06:22+00:00,c0726068-e5c7-4efb-9629-fe4d762d13ce,"SAP-Dienstleistungen - Bereich HCM, Stadt Zürich",,duplicate_project_pubtype_language,2026-04-16T16:02:43.386869+00:00
35502,515437,2010-07-23,2010-07-23,OB02,MUNICIPALITY,OPEN,SERVICES,DE,ZH,ZH,,72260000,3500000.0,CHF,,0,ABILITA AG,"Stadt Zürich, Organisation und Informatik",False,2026-04-15T09:06:22+00:00,1b821a22-ede8-40c5-b177-c3e7a620ad44,"SAP-Dienstleistungen - Bereich CRM, Stadt Zürich",,duplicate_project_pubtype_language,2026-04-16T16:02:43.386869+00:00
35502,515461,2010-07-23,2010-07-23,OB02,MUNICIPALITY,OPEN,SERVICES,DE,ZH,ZH,,72260000,3500000.0,CHF,,0,IDS Scheer Schweiz AG,"Stadt Zürich, Organisation und Informatik",False,2026-04-15T09:06:22+00:00,682b3ad1-456b-4a24-b970-6eb22b2d9f7c,"SAP-Dienstleistungen - Bereich IS-PSCD, Stadt Zürich",,duplicate_project_pubtype_language,2026-04-16T16:02:43.386869+00:00
35502,515471,2010-07-23,2010-07-23,OB02,MUNICIPALITY,OPEN,SERVICES,DE,ZH,ZH,,72260000,3500000.0,CHF,,0,asem group ag,"Stadt Zürich, Organisation und Informatik",False,2026-04-15T09:06:22+00:00,c4c301ac-4aa7-4e78-bc24-8ee68ffe418e,"SAP-Dienstleistungen - Bereich Inkasso, Stadt Zürich",,duplicate_project_pubtype_language,2026-04-16T16:02:43.386869+00:00
35502,515477,2010-07-23,2010-07-23,OB02,MUNICIPALITY,OPEN,SERVICES,DE,ZH,ZH,,72260000,3500000.0,CHF,,0,Exsigno AG,"Stadt Zürich, Organisation und Informatik",False,2026-04-15T09:06:22+00:00,d86e62ee-70d9-47b0-8e77-4edec542655b,"SAP-Dienstleistungen - Bereich IS-EWK, Stadt Zürich",,duplicate_project_pubtype_language,2026-04-16T16:02:43.386869+00:00
35502,515481,2010-07-23,2010-07-23,OB02,MUNICIPALITY,OPEN,SERVICES,DE,ZH,ZH,,72260000,3500000.0,CHF,,0,IDS Scheer Schweiz AG,"Stadt Zürich, Organisation und Informatik",False,2026-04-15T09:06:22+00:00,2af99f1b-2c9f-4374-b5f9-a68be8c63138,"SAP-Dienstleistungen - Bereich Waste , Stadt Zürich",,duplicate_project_pubtype_language,2026-04-16T16:02:43.386869+00:00
104608,800659,2013-12-03,2013-12-02,OB02,UTILITY,OPEN,SUPPLIES,FR,,,,39100000,62627.0,CHF,3.0,1,DDM DEILLON SA,,False,2026-04-16T11:11:51+00:00,6ed36e30-9bfb-4723-8868-a81ab63325d9,,Fourniture de mobilier et d'équipements des 66 chambres du Swiss Tech Hôtel,duplicate_project_pubtype_language,2026-04-16T16:02:43.386869+00:00
104608,800661,2013-12-03,2013-12-02,OB02,UTILITY,OPEN,SUPPLIES,FR,,,,39100000,13586.0,CHF,2.0,1,CONSONNI CONTRACT CH SA,,False,2026-04-16T11:11:51+00:00,7ba3fa81-663e-4f05-9835-d3127bf8b00b,,Fourniture de mobilier et d'équipements des 66 chambres du Swiss Tech Hôtel,duplicate_project_pubtype_language,2026-04-16T16:02:43.386869+00:00
35502,515497,2010-07-23,2010-07-23,OB02,MUNICIPALITY,OPEN,SERVICES,DE,ZH,ZH,,72260000,3500000.0,CHF,,0,IDS Scheer Schweiz AG,"Stadt Zürich, Organisation und Informatik",False,2026-04-15T09:06:22+00:00,4daa2e56-2501-4903-a00c-61d83c78f005,"SAP-Dienstleistungen - Bereich IS-Real Estate, Stadt Zürich",,duplicate_project_pubtype_language,2026-04-16T16:02:43.386869+00:00
19455,428943,2009-12-02,,OB06,MUNICIPALITY,OPEN,,DE,,,,45441000,,CHF,,0,,Fachstelle Beschaffungswesen Stadt Bern,False,2026-04-15T08:49:37+00:00,724867ce-9a97-49d9-9c66-a0fbc58f1942,"Neubau Tramdepot Bolligenstrasse, Profilverglasungen",,duplicate_project_pubtype_language,2026-04-16T16:02:43.386869+00:00
113473,841941,2014-11-18,2014-11-17,OB02,UTILITY,OPEN,SERVICES,DE,,,,31200000,662852.0,CHF,,1,Pöyry Schweiz AG,"Schweizerische Bundesbahnen SBB
Infrastruktur, Einkauf, Supply Chain und Produktion
Einkauf Bauprojekte, Standort Bern",False,2026-04-16T11:39:43+00:00,6b4ea03c-fb72-4acd-a78b-f276c4aa54b1,"Ersatzneubau Alte Mittellandleitung
Kerzers-Rupperswil Planer Los 1-3",,duplicate_project_pubtype_language,2026-04-16T16:02:43.386869+00:00
99428,800853,2013-12-13,2013-09-02,OB02,CANTON,OPEN,WORKS,DE,TG,TG,,45000000,210154.75,CHF,3.0,1,Elektro Arber AG,Kantonales Hochbauamt,False,2026-04-16T11:11:52+00:00,4b2e7b65-4edf-47e7-bc13-d8c206090a57,Kantonsspital Münsterlingen; Projekt Infrastruktur SV24,,duplicate_project_pubtype_language,2026-04-16T16:02:43.386869+00:00
9857,424817,2009-11-16,2009-11-10,OB02,FEDERATION,RESTRICTED,SERVICES,DE,,,,72000000,7069513.0,CHF,,1,SAP (Schweiz) AG,"armasuisse
Einkauf und Kooperationen
CC WTO",False,2026-04-15T08:49:36+00:00,8a134e8b-8df4-4fd4-9ffb-83a53fc13771,"BLSV, Beschaffung von Dienstleistungen",,duplicate_project_pubtype_language,2026-04-16T16:02:43.386869+00:00
36093,515593,2010-07-30,2010-07-12,OB02,MUNICIPALITY,OPEN,WORKS,FR,VD,VD,,45000000,558356.0,CHF,2.0,1,Fanger Elementtechnik,,False,2026-04-15T09:06:22+00:00,0dee5567-f6c5-49ef-93f6-1589ce335eee,,"Passage inférieur pour piétons et cycles ""Aux Saugettes""",duplicate_project_pubtype_language,2026-04-16T16:02:43.386869+00:00
43920,515673,2010-07-16,2010-07-12,OB02,MUNICIPALITY,OPEN,WORKS,DE,ZH,ZH,,45210000,427595.0,CHF,,1,Jaisli-Xamax AG,"Stadt Zürich
Amt für Hochbauten",False,2026-04-15T09:06:22+00:00,fa506e01-2441-4409-b6d7-29804048c383,"Tramdepot Kalkbreite, Ersatz Gleisbrücken,
Elektroinstallationen / Wärmeverteilung",,duplicate_project_pubtype_language,2026-04-16T16:02:43.386869+00:00
21852,425645,2009-11-18,,OB06,FEDERATION,OPEN,,FR,,,,71300000,,CHF,,0,,,False,2026-04-15T08:49:36+00:00,722231aa-4a79-4f64-8ac1-8a4144753f49,,"N03/56,60 UPlaNS Wädenswil – Wollerau, travaux d’ingénierie FAS",duplicate_project_pubtype_language,2026-04-16T16:02:43.386869+00:00
114513,841897,2014-10-29,2014-10-24,OB02,FEDERATION,OPEN,SERVICES,FR,BE,BE,,71300000,,CHF,,1,Ernst Basler + Partner AG,,False,2026-04-16T11:39:42+00:00,41e4b98b-5902-4ec9-981b-67fba45b907c,,Objektsicherheit VBS,duplicate_project_pubtype_language,2026-04-16T16:02:43.386869+00:00
101679,801239,2013-12-10,2013-12-02,OB02,FEDERATION,OPEN,SERVICES,FR,FR,FR,,71300000,4203569.0,CHF,4.0,1,"Groupement IML, c/o IM Maggia Engineering SA",,False,2026-04-16T11:11:52+00:00,055b7ad7-1fc6-40b4-a810-ae9f73a2c2a0,,Conservation du patrimoine Filiale 1 - Inspections EES dans le périmètre de la filiale 1 (période 2014 - 2017),duplicate_project_pubtype_language,2026-04-16T16:02:43.386869+00:00
127450,888691,2015-11-05,2015-09-22,OB02,MUNICIPALITY,OPEN,SUPPLIES,DE,BE,BE,,39112000,19483.0,CHF,,1,mobil Werke AG,Fachstelle Beschaffungswesen Stadt Bern,False,2026-04-16T12:12:52+00:00,e18a8f75-ce85-4751-9a3d-248adbd7a9ff,Standard Schulmobiliar für die Städtischen Volksschulen der Stadt Bern,,duplicate_project_pubtype_language,2026-04-16T16:02:43.386869+00:00
104487,801549,2013-12-13,2013-12-05,OB02,CANTON,OPEN,SERVICES,DE,ZH,ZH,,71000000,31802.0,CHF,10.0,1,Gruner AG,"Baudirektion Kanton Zürich
Immobilienamt",False,2026-04-16T11:11:53+00:00,42b1a1b7-1a39-4def-8b27-1687beaf84ac,Altlastenuntersuchungen auf belasteten Standorten mit Grundstücken der Baudirektion,,duplicate_project_pubtype_language,2026-04-16T16:02:43.386869+00:00
104487,801545,2013-12-13,2013-12-05,OB02,CANTON,OPEN,SERVICES,DE,ZH,ZH,,71000000,17592.0,CHF,11.0,1,Gruner AG,"Baudirektion Kanton Zürich
Immobilienamt",False,2026-04-16T11:11:53+00:00,cab9e461-cbce-44ef-8cc2-bc71271c9093,Altlastenuntersuchungen auf belasteten Standorten mit Grundstücken der Baudirektion,,duplicate_project_pubtype_language,2026-04-16T16:02:43.386869+00:00
97406,801395,2013-12-13,,OB04,CANTON_OTHER,OPEN,SUPPLIES,DE,ZG,ZG,,34121300,,CHF,,1,,Zugerland Verkehrsbetriebe AG,False,2026-04-16T11:11:52+00:00,3a85a3dd-4886-4921-a723-60a9359b6f92,"Fahrzeugbeschaffung ZVB, AAGL, AAGS, BOS für 2014 - 2018",,duplicate_project_pubtype_language,2026-04-16T16:02:43.386869+00:00
97406,801399,2013-12-13,,OB04,CANTON_OTHER,OPEN,SUPPLIES,DE,ZG,ZG,,34121100,,CHF,,1,,Zugerland Verkehrsbetriebe AG,False,2026-04-16T11:11:52+00:00,9830173b-3ea4-480f-9e98-5ae157d0fe30,"Fahrzeugbeschaffung ZVB, AAGL, AAGS, BOS für 2014 - 2018",,duplicate_project_pubtype_language,2026-04-16T16:02:43.386869+00:00
13014,427245,2009-11-25,2009-11-11,OB02,UTILITY,OPEN,WORKS,FR,,,,45000000,611526.8,CHF,4.0,1,Roth échafaudages,,False,2026-04-15T08:49:37+00:00,98bdc283-5296-46c1-a6ba-460004c58e2a,,"Gare de Genève Cornavin/Transformation des parties d'ouvrages A, B, C et E",duplicate_project_pubtype_language,2026-04-16T16:02:43.386869+00:00
35344,516967,2010-07-23,2010-07-06,OB02,CANTON,OPEN,SERVICES,DE,ZH,ZH,,71300000,225960.0,CHF,22.0,0,CSD Ingenieure und Geologen AG,"Baudirektion Kanton Zürich
Tiefbauamt / Fachstelle Lärmschutz",False,2026-04-15T09:06:22+00:00,c19484e7-b216-4a0b-88aa-f9e2fb1570b7,"Lärmsanierung der Staatsstrassen, Gemeinden der Sanierungsregionen ICH, OLN,SRN; Projektingenieur",,duplicate_project_pubtype_language,2026-04-16T16:02:43.386869+00:00
29274,437935,2010-01-06,,OB01,CANTON,OPEN,WORKS,DE,BE,BE,,45000000,,CHF,,0,,Oberingenieurkreis I,False,2026-04-15T08:51:29+00:00,5baeeb0a-996b-4eda-8079-14a69914aeea,10297 / Oberbauerneuerung Umfahrung Gstaad,,duplicate_project_pubtype_language,2026-04-16T16:02:43.386869+00:00
35344,516997,2010-07-23,2010-07-06,OB02,CANTON,OPEN,SERVICES,DE,ZH,ZH,,71300000,225960.0,CHF,22.0,0,"Sennhauser, Werner & Rauch AG","Baudirektion Kanton Zürich
Tiefbauamt / Fachstelle Lärmschutz",False,2026-04-15T09:06:22+00:00,6ddedae5-2493-4701-8127-d1b34cbf90f4,"Lärmsanierung der Staatsstrassen, Gemeinden der Sanierungsregionen ICH, OLN,SRN; Projektingenieur",,duplicate_project_pubtype_language,2026-04-16T16:02:43.386869+00:00
101988,801461,2013-12-10,2013-12-09,OB02,FEDERATION,OPEN,SERVICES,DE,BE,BE,,72000000,925000.0,CHF,,1,BearingPoint Switzerland AG,"Bundesamt für Bauten und Logistik (BBL)
Öffentliche Ausschreibungen",False,2026-04-16T11:11:52+00:00,3c6c5bdd-6bce-4b5b-b009-47bde3905b3d,(1397) 601 IT-Infrastruktur Partnerschaft EFV 2013-2018,,duplicate_project_pubtype_language,2026-04-16T16:02:43.386869+00:00
39514,519737,2010-07-30,2010-07-21,OB02,MUNICIPALITY,OPEN,WORKS,FR,VD,VD,,45000000,515744.55,CHF,9.0,1,Ciel,,False,2026-04-15T09:06:23+00:00,f63e1758-7852-48e4-82a7-a7bf07debbae,,Bellerive-Plage,duplicate_project_pubtype_language,2026-04-16T16:02:43.386869+00:00
101988,801459,2013-12-10,2013-12-09,OB02,FEDERATION,OPEN,SERVICES,FR,BE,BE,,72000000,1024000.0,CHF,,1,itelligence AG,,False,2026-04-16T11:11:52+00:00,4b6bd35a-7fe0-4e22-be6f-347e3c4ee170,,(1397) 601 Infrastructure informatique partenariat AFF 2013-2018,duplicate_project_pubtype_language,2026-04-16T16:02:43.386869+00:00
102549,801883,2013-12-12,2013-12-11,OB02,UTILITY,RESTRICTED,SERVICES,DE,AG,AG,,48000000,776921.0,CHF,3.0,1,Netcloud AG,Swissgrid AG,False,2026-04-16T11:11:53+00:00,50f274b5-9823-4913-ad60-d4f930576a1e,"Wartung Server, Storage & SAN / Netzwerk / Security",,duplicate_project_pubtype_language,2026-04-16T16:02:43.386869+00:00
6589,412563,2009-10-02,2009-09-22,OB02,MUNICIPALITY,OPEN,WORKS,DE,,,,45210000,900465.0,CHF,,0,Enderli Metallbau AG,"Stadt Zürich
Amt für Hochbauten",False,2026-04-15T08:48:10+00:00,7c19d3e5-0ff1-4e0e-958e-1bb18f2bac8b,"Altersheim Dorflinde
BKP 274 Spezialverglasungen (innere)",,duplicate_project_pubtype_language,2026-04-16T16:02:43.386869+00:00
22630,428827,2009-12-02,,OB06,MUNICIPALITY,OPEN,,DE,,,,44221300,,CHF,,0,,Fachstelle Beschaffungswesen Stadt Bern,False,2026-04-15T08:49:37+00:00,3129c458-4ffd-4d35-b936-2f97cdd0e5ba,Neubau Tramdepot Bolligenstrasse: Spezialtorbau,,duplicate_project_pubtype_language,2026-04-16T16:02:43.386869+00:00
13869,430505,2009-12-07,2009-10-07,OB02,CANTON,OPEN,WORKS,DE,,,,45000000,193212.15,CHF,2.0,1,Krapf Metallbau AG,Hochbauamt,False,2026-04-15T08:49:37+00:00,23cfce2a-a4bc-448f-bd1c-ed9b9d83de31,"Umbau Kulturzentrum Lokremise St.Gallen, Sanierung und Restauration",,duplicate_project_pubtype_language,2026-04-16T16:02:43.386869+00:00
11329,430535,2009-12-07,2009-11-20,OB02,CANTON,OPEN,WORKS,DE,,,,45000000,218002.75,CHF,3.0,1,Thermobau GmbH,Hochbauamt,False,2026-04-15T08:49:37+00:00,4424eff7-bf05-446b-a52e-64793bac4473,Neubau der Institute für Pathologie und Rechtsmedizin am Kantonsspital St.Gallen.,,duplicate_project_pubtype_language,2026-04-16T16:02:43.386869+00:00
16997,430865,2009-12-08,2009-12-02,OB02,FEDERATION,OPEN,SUPPLIES,FR,,,,09000000,492.28,CHF,,1,Air Total Suisse SA,,False,2026-04-15T08:49:37+00:00,dcebd8ca-6fc5-49f5-92d3-d7644809ea46,,"Carburant pour avions, carburant diesel et essence sans plomb",duplicate_project_pubtype_language,2026-04-16T16:02:43.386869+00:00
16997,430863,2009-12-08,2009-12-02,OB02,FEDERATION,OPEN,SUPPLIES,DE,,,,09000000,492.28,CHF,,1,Air Total Suisse SA,armasuisse,False,2026-04-15T08:49:37+00:00,80c0267d-1208-4089-9141-aa64f2d99052,"Flugpetrol, Dieseltreibstoff und Benzin bleifrei",,duplicate_project_pubtype_language,2026-04-16T16:02:43.386869+00:00
102403,802033,2014-01-07,2013-11-04,OB02,MUNICIPALITY_OTHER,OPEN,WORKS,FR,VD,VD,,45210000,140303.65,CHF,,1,PIRALI CHAUVET MONTAGE SA,,False,2026-04-16T11:11:53+00:00,402807a8-9a66-4a43-be29-f03283d00e94,,SILL SA - VALL LA SALLAZ  C - Construction de 2 bâtiments Minergie Eco,duplicate_project_pubtype_language,2026-04-16T16:02:43.386869+00:00
101191,802237,2014-01-09,2013-12-10,OB02,UTILITY,OPEN,SERVICES,DE,BE,BE,,31200000,171570.0,CHF,,1,Amstein + Walthert Bern AG,"Schweizerische Bundesbahnen SBB
Infrastruktur – Einkauf, Supply Chain und Produktion
Einkauf Bauprojekte",False,2026-04-16T11:14:03+00:00,4c267183-b41d-453f-9989-84567266c8a7,Integrale Planerleistung Unterwerke,,duplicate_project_pubtype_language,2026-04-16T16:02:43.386869+00:00
107190,802467,2013-12-19,,OB00,MUNICIPALITY,OPEN,WORKS,DE,BL,BL,,45232460,,CHF,,0,,Einwohnergemeinde Allschwil,False,2026-04-16T11:14:05+00:00,75203a1d-d3f0-4b69-90ac-e8fcbd6b276a,Neubau Schulanlage Gartenhof - Allschwil,,duplicate_project_pubtype_language,2026-04-16T16:02:43.386869+00:00
107190,802517,2013-12-19,,OB00,MUNICIPALITY,OPEN,WORKS,DE,BL,BL,,45262100,,CHF,,0,,Einwohnergemeinde Allschwil,False,2026-04-16T11:14:05+00:00,56a18b21-375c-4a9d-847d-dfc2e75dcc7d,Neubau Schulanlage Gartenhof - Allschwil,,duplicate_project_pubtype_language,2026-04-16T16:02:43.386869+00:00
42625,518775,2010-07-27,2010-07-19,OB02,FEDERATION,OPEN,WORKS,FR,BE,BE,,45000000,231490.4,CHF,,1,PolyForce SA,,False,2026-04-15T09:06:23+00:00,b712f892-b8da-43f3-aaf1-b3c4cab43b05,,"Grolley FR Centre Logistique et Infrastructure, 1ère étape",duplicate_project_pubtype_language,2026-04-16T16:02:43.386869+00:00
107190,802503,2013-12-19,,OB00,MUNICIPALITY,OPEN,WORKS,DE,BL,BL,,45421100,,CHF,,0,,Einwohnergemeinde Allschwil,False,2026-04-16T11:14:05+00:00,8b302dad-cc12-4f12-b35c-01ecda0ede88,Neubau Schulanlage Gartenhof - Allschwil,,duplicate_project_pubtype_language,2026-04-16T16:02:43.386869+00:00
98195,802607,2013-12-20,2013-12-17,OB02,MUNICIPALITY,OPEN,WORKS,DE,ZG,ZG,,45214200,601653.35,CHF,,1,Wickart AG,architekturbüro bosshard und partner ag,False,2026-04-16T11:14:05+00:00,1bb68fb2-600b-42d4-95da-a0c8a5346aab,"Erweiterung Oberstufenschulhaus
Ehret B Hünenberg
BKP 211 - Baumeisterarbeiten
BKP 230 - Elektroanlagen
BKP 240 - Heizungsanlage
BKP 244 - Lüftungsanlagen
BKP 250 - Sanitäranlagen",,duplicate_project_pubtype_language,2026-04-16T16:02:43.386869+00:00
107190,802425,2013-12-19,,OB00,MUNICIPALITY,OPEN,WORKS,DE,BL,BL,,45223220,,CHF,,0,,Einwohnergemeinde Allschwil,False,2026-04-16T11:14:05+00:00,d0a7ccdc-316d-489e-a251-e1feed68a1eb,Neubau Schulanlage Gartenhof - Allschwil,,duplicate_project_pubtype_language,2026-04-16T16:02:43.386869+00:00
107190,802463,2013-12-19,,OB00,MUNICIPALITY,OPEN,WORKS,DE,BL,BL,,45331000,,CHF,,0,,Einwohnergemeinde Allschwil,False,2026-04-16T11:14:05+00:00,18e3984b-7bee-48b1-8dfb-ca0a45c0b038,Neubau Schulanlage Gartenhof - Allschwil,,duplicate_project_pubtype_language,2026-04-16T16:02:43.386869+00:00
95554,802573,2013-12-19,2013-05-16,OB02,MUNICIPALITY,OPEN,WORKS,DE,BE,BE,,45000000,32832.2,CHF,,1,DORMA CBP Schweiz AG,Fachstelle Beschaffungswesen Stadt Bern,False,2026-04-16T11:14:05+00:00,53d4cb09-d04c-474d-b54b-26aae044a9f8,"Neubau Feuerwehrstützpunkt Forsthaus West, BKP 277.11",,duplicate_project_pubtype_language,2026-04-16T16:02:43.386869+00:00
92253,802581,2013-12-19,2013-04-23,OB02,MUNICIPALITY,OPEN,SERVICES,DE,BE,BE,,71240000,203212.8,CHF,,1,Grünig + Partner AG,Fachstelle Beschaffungswesen Stadt Bern,False,2026-04-16T11:14:05+00:00,6815b2d5-14b7-4ce9-98ce-1f011ed8cd0d,"Stadttheater Bern, Projektierung Haustechnik - Sanitär, Elektro und HLK",,duplicate_project_pubtype_language,2026-04-16T16:02:43.386869+00:00
127406,903859,2016-02-26,2015-11-05,OB02,MUNICIPALITY,OPEN,WORKS,FR,VS,VS,,45212220,,CHF,2.0,1,Constantin Isolations SA,,False,2026-04-16T12:24:15+00:00,40ec3660-91a8-4b19-a032-1c5366b68192,,Construction d'une salle polyvalente double à Grône,duplicate_project_pubtype_language,2026-04-16T16:02:43.386869+00:00
42389,518441,2010-07-21,2010-07-08,OB02,FEDERATION,OPEN,SERVICES,DE,BE,BE,,75130000,1968273.0,CHF,6.0,1,E' XACT Kostenplanung AG,"armasuisse Immobilien
Portfolio- und Umweltmanagement",False,2026-04-15T09:06:22+00:00,b84ac8ff-db58-4fc2-831b-211bd53b7e2a,Planerleistung strategisches Immobilienmanagement,,duplicate_project_pubtype_language,2026-04-16T16:02:43.386869+00:00
42389,518425,2010-07-21,2010-07-08,OB02,FEDERATION,OPEN,SERVICES,DE,BE,BE,,75130000,698324.0,CHF,5.0,1,ANS Architekten und Planer SIA AG,"armasuisse Immobilien
Portfolio- und Umweltmanagement",False,2026-04-15T09:06:22+00:00,ba851ae5-b619-4a08-9ade-9aec4daf0d1e,Planerleistung strategisches Immobilienmanagement,,duplicate_project_pubtype_language,2026-04-16T16:02:43.386869+00:00
102403,802795,2014-01-07,2013-11-04,OB02,MUNICIPALITY_OTHER,OPEN,WORKS,FR,VD,VD,,45210000,130174.05,CHF,,1,KONE (SUISSE) SA,,False,2026-04-16T11:14:06+00:00,fb207cb0-547d-46fd-963f-32cc5adc7daf,,SILL SA - VALL LA SALLAZ  C - Construction de 2 bâtiments Minergie Eco,duplicate_project_pubtype_language,2026-04-16T16:02:43.386869+00:00
102860,802783,2013-12-20,2013-12-17,OB02,MUNICIPALITY,OPEN,WORKS,DE,ZG,ZG,,45214200,963671.0,CHF,,1,G. Baumgartner AG,architekturbüro bosshard und partner ag,False,2026-04-16T11:14:06+00:00,73d87e9d-5128-4934-b092-736e0907cb14,"Erweiterung Oberstufenschulhaus
Ehret B Hünenberg
BKP 221 Fenster
BKP 226 Aussendämmung",,duplicate_project_pubtype_language,2026-04-16T16:02:43.386869+00:00
13149,440023,2010-01-15,2009-12-16,OB02,CANTON,OPEN,WORKS,DE,ZH,ZH,,45000000,300403.5,CHF,7.0,1,Deckisol AG,"Hochbauamt, Baubereich 3",False,2026-04-15T08:51:29+00:00,24f6f72c-6a0e-4df2-838a-3b1a69985ac9,"Kantonsschule Hohe Promenade, Promenadengasse 11, 8001 Zürich, Gesamtsanierung",,duplicate_project_pubtype_language,2026-04-16T16:02:43.386869+00:00
20729,439887,2010-01-15,2010-01-06,OB02,MUNICIPALITY,OPEN,WORKS,FR,VD,VD,,45000000,313507.95,CHF,4.0,1,Francis Gabriel SA,,False,2026-04-15T08:51:29+00:00,5c958e65-8f96-4702-811f-358791cc6481,,Collège de Villamont,duplicate_project_pubtype_language,2026-04-16T16:02:43.386869+00:00
22037,441141,2010-01-15,2010-01-04,OB02,MUNICIPALITY,OPEN,SUPPLIES,DE,ZH,ZH,,34941000,607485.0,CHF,3.0,1,VAE Eisenbahnsysteme GmbH,"Verkehrsbetriebe Zürich
Beschaffung und Einkauf",False,2026-04-15T08:51:29+00:00,e801d2f3-2074-4213-bc04-47ea215b45ef,Gleisanlagen für das Jahr 2010,,duplicate_project_pubtype_language,2026-04-16T16:02:43.386869+00:00
24917,521091,2010-08-02,2010-06-11,OB02,CANTON,OPEN,WORKS,DE,SG,SG,,45000000,254719.05,CHF,8.0,1,EICOTEC AG,Hochbauamt des Kantons St.Gallen,False,2026-04-15T09:06:23+00:00,0582b2b7-aa9d-4871-8561-5e9ae6da0d9a,"Neu- und Umbau Verwaltungszentrum Oberer Graben, St.Gallen",,duplicate_project_pubtype_language,2026-04-16T16:02:43.386869+00:00
34802,521257,2010-08-02,2010-06-04,OB02,CANTON,OPEN,WORKS,DE,SG,SG,,45000000,437906.2,CHF,5.0,1,Raschun GmbH,Hochbauamt des Kantons St.Gallen,False,2026-04-15T09:06:23+00:00,e2ecd4e8-ba7b-4566-9144-02019d25734b,Neubau Bundesverwaltungsgericht St.Gallen,,duplicate_project_pubtype_language,2026-04-16T16:02:43.386869+00:00
104454,800353,2013-11-30,,OB04,UTILITY,OPEN,SUPPLIES,FR,VD,VD,,39121200,,CHF,,1,,,False,2026-04-16T11:11:51+00:00,e13fff22-1074-4065-902e-7d7ef87a77dd,,EPFL-DII / Constructions -  Mobilier pour le Swiss Tech Convention Center (STCC),duplicate_project_pubtype_language,2026-04-16T16:02:43.386869+00:00
34802,521271,2010-08-02,2010-06-18,OB02,CANTON,OPEN,WORKS,DE,SG,SG,,45000000,682198.05,CHF,6.0,1,Creatop AG,Hochbauamt des Kantons St.Gallen,False,2026-04-15T09:06:23+00:00,c31b578a-cbf3-4f62-ac8b-9585d4beb405,Neubau Bundesverwaltungsgericht St.Gallen,,duplicate_project_pubtype_language,2026-04-16T16:02:43.386869+00:00
35853,521199,2010-08-02,2010-06-09,OB02,CANTON,OPEN,SUPPLIES,DE,SG,SG,,39100000,114179.75,CHF,11.0,1,Zingg-Lamprecht,Hochbauamt des Kantons St.Gallen,False,2026-04-15T09:06:23+00:00,e50b1701-fc42-4405-b77b-1fe855a89441,"Kant. Psych. Klinik St.Pirminsberg, Pfäfers: Neubau des Zentrums für Alterspsychiatrie",,duplicate_project_pubtype_language,2026-04-16T16:02:43.386869+00:00
35853,521207,2010-08-02,2010-06-10,OB02,CANTON,OPEN,SUPPLIES,DE,SG,SG,,39100000,328532.4,CHF,4.0,1,Embru-Werke AG,Hochbauamt des Kantons St.Gallen,False,2026-04-15T09:06:23+00:00,0e0d1f5d-08eb-43c0-b415-c98de715f486,"Kant. Psych. Klinik St.Pirminsberg, Pfäfers: Neubau des Zentrums für Alterspsychiatrie",,duplicate_project_pubtype_language,2026-04-16T16:02:43.386869+00:00
36205,521243,2010-08-02,2010-06-23,OB02,CANTON,OPEN,WORKS,DE,SG,SG,,45000000,286209.5,CHF,3.0,1,A. Müller AG,Hochbauamt des Kantons St.Gallen,False,2026-04-15T09:06:23+00:00,cc34072b-c353-4d9f-815a-a242407ba5df,Sanierung und Erweiterung der Universität St.Gallen; Gesamtsanierung,,duplicate_project_pubtype_language,2026-04-16T16:02:43.386869+00:00
19157,445077,2010-01-22,2010-01-18,OB02,FEDERATION,RESTRICTED,SUPPLIES,EN,BE,BE,,39520000,431088.64,CHF,,1,Marsum AG,"armasuisse
Purchasing and Cooperations
CC WTO",False,2026-04-15T08:51:30+00:00,e0a16275-a7bf-4c54-af38-c43a4e1f8192,manufacture of weather protection jackets,,duplicate_project_pubtype_language,2026-04-16T16:02:43.386869+00:00
104393,803407,2014-01-29,2013-12-06,OB02,CANTON_OTHER,OPEN,SERVICES,FR,JU,JU,,66516000,376489.0,CHF,5.0,1,Zurich Compagnie d'Assurances SA,,False,2026-04-16T11:14:06+00:00,ffa4d9de-4b35-417c-b80a-0d1196e18dd0,,Hôpital du Jura - Renouvellement des assurances Responsabilité civile et Maladie collective perte de gain,duplicate_project_pubtype_language,2026-04-16T16:02:43.386869+00:00
19157,445069,2010-01-22,2010-01-18,OB02,FEDERATION,RESTRICTED,SUPPLIES,EN,BE,BE,,39520000,911372.0,CHF,,1,Jas AG,"armasuisse
Purchasing and Cooperations
CC WTO",False,2026-04-15T08:51:30+00:00,5ec09149-e68c-4285-89c8-6e53f3a01af5,manufacture of weather protection jackets,,duplicate_project_pubtype_language,2026-04-16T16:02:43.386869+00:00
19157,445081,2010-01-22,2010-01-18,OB02,FEDERATION,RESTRICTED,SUPPLIES,FR,BE,BE,,39520000,404145.6,CHF,,1,D&V Protex OOD,,False,2026-04-15T08:51:30+00:00,a3d64075-105c-4a88-bf31-e6a20f73809c,,confection de vestes de protection de temps,duplicate_project_pubtype_language,2026-04-16T16:02:43.386869+00:00
33281,445555,2010-01-27,,OB01,CANTON,OPEN,WORKS,DE,BE,BE,,45000000,,CHF,,0,,Oberingenieurkreis I,False,2026-04-15T08:52:55+00:00,a0f036df-f0ce-4453-a3bc-628a32184092,7040 / Umgestaltung Kreuzung Turnhalle Lindenallee,,duplicate_project_pubtype_language,2026-04-16T16:02:43.386869+00:00
126866,892633,2015-12-01,2015-09-07,OB02,MUNICIPALITY_OTHER,OPEN,WORKS,FR,GE,GE,,45000000,121249.0,CHF,,1,Sauter Building Control Schweiz AG,,False,2026-04-16T12:17:21+00:00,d8e44079-196e-4ca4-b10f-85a13699cb6f,,"FNM-4 immeubles Minergie-A, logements et surfaces commerciales",duplicate_project_pubtype_language,2026-04-16T16:02:43.386869+00:00
102629,803767,2014-01-08,,OB06,FOREIGN,OPEN,,DE,,,,45213300,,CHF,,0,,"GORDION, s. r. o.",False,2026-04-16T11:14:06+00:00,7e88b3dd-2e8d-4f8f-a943-6166b84196cb,Uherský Brod Transport Terminal – Stage II,,duplicate_project_pubtype_language,2026-04-16T16:02:43.386869+00:00
105058,803935,2014-01-10,2014-01-10,OB02,UTILITY,OPEN,WORKS,DE,NW,NW,,45000000,968754.05,CHF,4.0,1,Implenia Schweiz AG,c+s ingenieure ag,False,2026-04-16T11:14:06+00:00,d13a387a-2a98-4982-a17b-163ad6847764,Sanierung Bahnübergänge Hergiswil - Engelberg,,duplicate_project_pubtype_language,2026-04-16T16:02:43.386869+00:00
105058,803943,2014-01-10,2014-01-10,OB02,UTILITY,OPEN,WORKS,DE,NW,NW,,45000000,123148.15,CHF,4.0,1,C. Vanoli AG,c+s ingenieure ag,False,2026-04-16T11:14:06+00:00,92226543-8cae-4817-b790-badd0fdd7abc,Sanierung Bahnübergänge Hergiswil - Engelberg,,duplicate_project_pubtype_language,2026-04-16T16:02:43.386869+00:00
104472,804005,2014-01-17,2013-12-17,OB02,MUNICIPALITY,OPEN,WORKS,FR,FR,FR,,45000000,94372.4,CHF,7.0,1,HeAeb GmbH,,False,2026-04-16T11:14:06+00:00,99e3a4c1-d13d-468e-a032-3ae7fff89259,,"Ecole Primaire de Marly Grand-Pré, 1723 Marly",duplicate_project_pubtype_language,2026-04-16T16:02:43.386869+00:00
104480,804031,2014-01-17,2013-12-17,OB02,MUNICIPALITY,OPEN,WORKS,FR,FR,FR,,45000000,362623.0,CHF,6.0,1,Gilbert Risse et Fils SA,,False,2026-04-16T11:14:07+00:00,1a3b63fc-736c-40df-90cb-82c636c0c134,,"Ecole Primaire Marly Grand-Pré, 1723 Marly",duplicate_project_pubtype_language,2026-04-16T16:02:43.386869+00:00
102628,804109,2014-01-17,2013-12-18,OB02,MUNICIPALITY,OPEN,SUPPLIES,DE,ZH,ZH,,34352200,62000.0,CHF,6.0,1,Goodyear-Dunlop Suisse SA,"Verkehrsbetriebe Zürich
Beschaffung und Einkauf",False,2026-04-16T11:14:07+00:00,e1e11407-62b4-4bdd-ab54-804796741433,Lieferung und Runderneuerung von Busreifen,,duplicate_project_pubtype_language,2026-04-16T16:02:43.386869+00:00
102628,804115,2014-01-17,2013-12-18,OB02,MUNICIPALITY,OPEN,SUPPLIES,DE,ZH,ZH,,34352200,39384.0,CHF,6.0,1,PNEU EGGER AG,"Verkehrsbetriebe Zürich
Beschaffung und Einkauf",False,2026-04-16T11:14:07+00:00,860dc678-35cb-4721-8db7-b29193589596,Lieferung und Runderneuerung von Busreifen,,duplicate_project_pubtype_language,2026-04-16T16:02:43.386869+00:00
105019,808509,2014-03-04,2014-02-12,OB02,CANTON_OTHER,OPEN,WORKS,FR,GE,GE,,45000000,250907.0,CHF,4.0,1,Groupe E Connect SA,,False,2026-04-16T11:17:44+00:00,a9f8d23c-421d-4a68-bf3e-bce237720d12,,Réalisation d'un Parking cobus et Parking visiteurs,duplicate_project_pubtype_language,2026-04-16T16:02:43.386869+00:00
102628,804113,2014-01-17,2013-12-18,OB02,MUNICIPALITY,OPEN,SUPPLIES,DE,ZH,ZH,,34352200,117250.0,CHF,7.0,1,Goodyear-Dunlop Suisse SA,"Verkehrsbetriebe Zürich
Beschaffung und Einkauf",False,2026-04-16T11:14:07+00:00,ab351a0a-5067-486d-ada7-44491de451a3,Lieferung und Runderneuerung von Busreifen,,duplicate_project_pubtype_language,2026-04-16T16:02:43.386869+00:00
102628,804119,2014-01-17,2013-12-18,OB02,MUNICIPALITY,OPEN,SUPPLIES,DE,ZH,ZH,,34352200,26492.0,CHF,6.0,1,PNEU EGGER AG,"Verkehrsbetriebe Zürich
Beschaffung und Einkauf",False,2026-04-16T11:14:07+00:00,34b6c41e-9e15-4b9e-9d31-0daa9ed967ab,Lieferung und Runderneuerung von Busreifen,,duplicate_project_pubtype_language,2026-04-16T16:02:43.386869+00:00
102628,804125,2014-01-17,2013-12-18,OB02,MUNICIPALITY,OPEN,SUPPLIES,DE,ZH,ZH,,34352200,37000.0,CHF,6.0,1,Goodyear-Dunlop Suisse SA,"Verkehrsbetriebe Zürich
Beschaffung und Einkauf",False,2026-04-16T11:14:07+00:00,bc4caf97-293f-4ce2-8786-c195d0deefe9,Lieferung und Runderneuerung von Busreifen,,duplicate_project_pubtype_language,2026-04-16T16:02:43.386869+00:00
102628,804129,2014-01-17,2013-12-18,OB02,MUNICIPALITY,OPEN,SUPPLIES,DE,ZH,ZH,,34352200,7800.0,CHF,6.0,1,Pirelli (Swiss) Tyre SA,"Verkehrsbetriebe Zürich
Beschaffung und Einkauf",False,2026-04-16T11:14:07+00:00,34e647b9-ce7c-4420-b76d-f0510891a7f9,Lieferung und Runderneuerung von Busreifen,,duplicate_project_pubtype_language,2026-04-16T16:02:43.386869+00:00
17035,452457,2010-02-12,2009-11-11,OB02,CANTON_OTHER,OPEN,SUPPLIES,FR,FR,FR,,31321210,,CHF,4.0,1,Brugg Kabel AG,,False,2026-04-15T08:52:58+00:00,50200dbb-3b54-4922-81b6-540886b9d4dc,,Fourniture de câbles multipolaires synthétiques pour la distribution basse tension du réseau électrique,duplicate_project_pubtype_language,2026-04-16T16:02:43.386869+00:00
102628,804139,2014-01-17,2013-12-18,OB02,MUNICIPALITY,OPEN,SUPPLIES,DE,ZH,ZH,,34352200,24200.0,CHF,2.0,1,PNEU EGGER AG,"Verkehrsbetriebe Zürich
Beschaffung und Einkauf",False,2026-04-16T11:14:07+00:00,11b1ad4d-35eb-4565-a9ac-1bc2326fc17c,Lieferung und Runderneuerung von Busreifen,,duplicate_project_pubtype_language,2026-04-16T16:02:43.386869+00:00
102628,804143,2014-01-17,2013-12-18,OB02,MUNICIPALITY,OPEN,SUPPLIES,DE,ZH,ZH,,34352200,23650.0,CHF,2.0,1,PNEU EGGER AG,"Verkehrsbetriebe Zürich
Beschaffung und Einkauf",False,2026-04-16T11:14:07+00:00,bab76df1-2566-4585-a1e8-84c2d76e857a,Lieferung und Runderneuerung von Busreifen,,duplicate_project_pubtype_language,2026-04-16T16:02:43.386869+00:00
102628,804137,2014-01-17,2013-12-18,OB02,MUNICIPALITY,OPEN,SUPPLIES,DE,ZH,ZH,,34352200,16560.0,CHF,2.0,1,PNEU EGGER AG,"Verkehrsbetriebe Zürich
Beschaffung und Einkauf",False,2026-04-16T11:14:07+00:00,85a4a42c-1928-4125-9e8e-1b5fd143505b,Lieferung und Runderneuerung von Busreifen,,duplicate_project_pubtype_language,2026-04-16T16:02:43.386869+00:00
33932,524047,2010-08-15,2010-07-29,OB02,UTILITY,OPEN,SERVICES,FR,VD,VD,,24111700,271680.0,CHF,2.0,1,Carbagas,,False,2026-04-15T09:06:23+00:00,64e07b65-d247-43d9-8e6d-a13b20b01315,,EPFL/UNIL - Gaz de Laboratoires,duplicate_project_pubtype_language,2026-04-16T16:02:43.386869+00:00
36252,526257,2010-08-16,2010-07-02,OB02,CANTON,OPEN,WORKS,DE,SG,SG,,45000000,68589.6,CHF,12.0,1,Neue Creaform AG,Hochbauamt des Kantons St.Gallen,False,2026-04-15T09:06:23+00:00,c18950b4-d7f2-4867-b1c6-d00e17d80ba2,Neubau der Institute für Pathologie und Rechtsmedizin am Kantonsspital St.Gallen.,,duplicate_project_pubtype_language,2026-04-16T16:02:43.386869+00:00
36708,525513,2010-08-13,2010-06-17,OB02,MUNICIPALITY,OPEN,SERVICES,FR,VD,VD,,90514000,,CHF,3.0,1,Retripa SA,,False,2026-04-15T09:06:23+00:00,6589de2b-e917-4496-b635-0b61559e35c0,,Collecte et transport des déchets communaux,duplicate_project_pubtype_language,2026-04-16T16:02:43.386869+00:00
104842,804219,2014-01-28,2013-12-18,OB02,MUNICIPALITY,OPEN,WORKS,FR,VD,VD,,45000000,7628356.1,CHF,12.0,1,Dentan SA - Zuttion SA,,False,2026-04-16T11:14:07+00:00,95e48592-b0e8-4a4c-99a9-dec46be2a1d0,,"Les Fiches Nord - lots 8 et 9, construction de 8 bâtiments de logements et d'un parking souterrain",duplicate_project_pubtype_language,2026-04-16T16:02:43.386869+00:00
36708,525507,2010-08-13,2010-06-17,OB02,MUNICIPALITY,OPEN,SERVICES,FR,VD,VD,,90514000,,CHF,2.0,1,Retripa SA,,False,2026-04-15T09:06:23+00:00,102f826b-0eab-4352-a825-bfa5207ed6d5,,Collecte et transport des déchets communaux,duplicate_project_pubtype_language,2026-04-16T16:02:43.386869+00:00
104842,804213,2014-01-28,2013-12-18,OB02,MUNICIPALITY,OPEN,WORKS,FR,VD,VD,,45000000,788400.0,CHF,6.0,1,SOTRAG SA,,False,2026-04-16T11:14:07+00:00,8b09fc9e-493e-4fb7-8800-5b11a0434843,,"Les Fiches Nord - lots 8 et 9, construction de 8 bâtiments de logements et d'un parking souterrain",duplicate_project_pubtype_language,2026-04-16T16:02:43.386869+00:00
7276,402379,2009-08-25,2009-08-10,OB02,FEDERATION,OPEN,SERVICES,FR,,,,77330000,174977.2,CHF,,1,Hydrogärtnerei Remund,,False,2026-04-15T08:46:43+00:00,028a1ae2-72a0-4ec9-9595-883d772852d5,,Entretien des plantes d'intérieur dans différents bâtiments civils de la Confédération dans la région de Berne.,duplicate_project_pubtype_language,2026-04-16T16:02:43.386869+00:00
45755,527199,2010-08-18,2010-08-11,OB02,FEDERATION,OPEN,SERVICES,FR,FR,FR,,71300000,335932.65,CHF,3.0,1,"Groupe BG - SD, par BG Ingénieurs-conseils SA",,False,2026-04-15T09:09:20+00:00,04c2bcda-2636-477e-8099-1779f8678877,,"N9Ant.Vennes-Chexbres Ouvrages Art
Réhabilitation des murs ancrés 2011",duplicate_project_pubtype_language,2026-04-16T16:02:43.386869+00:00
45755,527203,2010-08-18,2010-08-11,OB02,FEDERATION,OPEN,SERVICES,FR,FR,FR,,71300000,242215.15,CHF,3.0,1,"Groupement IUB - Geotest, par IUB Ingénierie SA",,False,2026-04-15T09:09:20+00:00,0a1335cb-abfe-42df-94cc-8aa2e78788f4,,"N9Ant.Vennes-Chexbres Ouvrages Art
Réhabilitation des murs ancrés 2011",duplicate_project_pubtype_language,2026-04-16T16:02:43.386869+00:00
105051,804807,2014-01-21,2013-12-11,OB02,MUNICIPALITY_OTHER,OPEN,SERVICES,FR,VD,VD,,71311000,,CHF,,1,RLJ ingénieurs conseils sa,,False,2026-04-16T11:14:07+00:00,f8da57ea-bd23-4d02-a780-eac585080496,,"Construction de l'EMS La Lembaz à Granges-près-Marnand, Commune de Valbroye",duplicate_project_pubtype_language,2026-04-16T16:02:43.386869+00:00
104097,804867,2014-03-07,2014-01-14,OB02,CANTON_OTHER,OPEN,WORKS,FR,VD,VD,,45000000,1629951.15,CHF,,1,Groupe E Connect SA,,False,2026-04-16T11:14:07+00:00,dad2eacb-a7f9-4e3f-b182-dd28ffe4c730,,BEX-JARDINS / Quartier de logements durable à mixité élevée,duplicate_project_pubtype_language,2026-04-16T16:02:43.386869+00:00
104097,804877,2014-03-07,2014-01-14,OB02,CANTON_OTHER,OPEN,WORKS,FR,VD,VD,,45000000,1613640.0,CHF,,1,Coutaz SA,,False,2026-04-16T11:14:07+00:00,5d3115fa-caef-4106-8538-b3163651e389,,BEX-JARDINS / Quartier de logements durable à mixité élevée,duplicate_project_pubtype_language,2026-04-16T16:02:43.386869+00:00
104097,804881,2014-03-07,2014-01-14,OB02,CANTON_OTHER,OPEN,WORKS,FR,VD,VD,,45000000,2454282.2,CHF,,1,Pasche Sanitaire S.A.,,False,2026-04-16T11:14:07+00:00,32efe79c-3a02-43a7-b74d-5a47b5b64b5d,,BEX-JARDINS / Quartier de logements durable à mixité élevée,duplicate_project_pubtype_language,2026-04-16T16:02:43.386869+00:00
104097,804879,2014-03-07,2014-01-14,OB02,CANTON_OTHER,OPEN,WORKS,FR,VD,VD,,45000000,303726.1,CHF,,1,Alpiq InTec Romandie SA,,False,2026-04-16T11:14:07+00:00,0855f747-5aab-49c4-af1f-a29aba32bf61,,BEX-JARDINS / Quartier de logements durable à mixité élevée,duplicate_project_pubtype_language,2026-04-16T16:02:43.386869+00:00
35039,528011,2010-08-23,2010-06-08,OB02,CANTON,OPEN,WORKS,DE,SG,SG,,45000000,547125.0,CHF,4.0,1,Zwicker Gerüste AG,"Amt für Vermögensverwaltung, Liegenschaften",False,2026-04-15T09:09:21+00:00,625d171f-bd67-4a94-b6fc-9e140464c669,"Wohnüberbauung Furglerstrasse, St. Gallen: Neubau 10 Mehrfamilienhäuser mit Tiefgarage",,duplicate_project_pubtype_language,2026-04-16T16:02:43.386869+00:00
35039,527991,2010-08-23,2010-06-08,OB02,CANTON,OPEN,WORKS,DE,SG,SG,,45000000,609330.1,CHF,10.0,1,Weber Holzbau AG,"Amt für Vermögensverwaltung, Liegenschaften",False,2026-04-15T09:09:21+00:00,e2643c1d-cff9-489e-9782-554a4ac4eb4c,"Wohnüberbauung Furglerstrasse, St. Gallen: Neubau 10 Mehrfamilienhäuser mit Tiefgarage",,duplicate_project_pubtype_language,2026-04-16T16:02:43.386869+00:00
35039,528057,2010-08-23,2010-06-08,OB02,CANTON,OPEN,WORKS,DE,SG,SG,,45000000,2778575.2,CHF,3.0,1,Salina Gips und Bau AG,"Amt für Vermögensverwaltung, Liegenschaften",False,2026-04-15T09:09:21+00:00,59ae340b-816e-4b21-aa68-957d3fa14ee8,"Wohnüberbauung Furglerstrasse, St. Gallen: Neubau 10 Mehrfamilienhäuser mit Tiefgarage",,duplicate_project_pubtype_language,2026-04-16T16:02:43.386869+00:00
35039,528085,2010-08-23,2010-06-09,OB02,CANTON,OPEN,WORKS,DE,SG,SG,,45000000,819524.5,CHF,7.0,1,HS Bodenbeläge GmbH,"Amt für Vermögensverwaltung, Liegenschaften",False,2026-04-15T09:09:21+00:00,18a0acf9-afcd-48f3-ba89-ba9e0602b561,"Wohnüberbauung Furglerstrasse, St. Gallen: Neubau 10 Mehrfamilienhäuser mit Tiefgarage",,duplicate_project_pubtype_language,2026-04-16T16:02:43.386869+00:00
41197,528389,2010-08-30,2010-07-29,OB02,MUNICIPALITY,OPEN,WORKS,FR,GE,GE,,45000000,283904.0,CHF,,1,Sottas SA,,False,2026-04-15T09:09:21+00:00,665e1f27-1614-4176-a1df-e808b4cba3e3,,Demi-groupe scolaire de la Vigne-Rouge,duplicate_project_pubtype_language,2026-04-16T16:02:43.386869+00:00
21508,460387,2010-02-25,2010-02-22,OB02,FEDERATION,OPEN,SERVICES,FR,BE,BE,,72260000,570500.0,CHF,,1,BSR & Partner AG,,False,2026-04-15T08:55:56+00:00,a5c7fc87-dd73-4ce5-9eb6-567443f9d968,,Projet (940) 532 Prestations de services 2009 de la BAC,duplicate_project_pubtype_language,2026-04-16T16:02:43.386869+00:00
102410,805109,2014-01-17,2014-01-15,OB02,FEDERATION,OPEN,WORKS,FR,BE,BE,,45432100,599173.2,CHF,,1,REPOXIT AG,,False,2026-04-16T11:14:07+00:00,ce625cc3-0a8a-4f04-b74d-0c5b0f5d934c,,"Bure/JU Place d’armes – Assainissement général des casernes DUFOUR, HERZOG, WILLE et GUISAN, 1ère étape",duplicate_project_pubtype_language,2026-04-16T16:02:43.386869+00:00
103800,805165,2014-01-20,2014-01-15,OB02,FEDERATION,OPEN,SERVICES,DE,BE,BE,,75130000,1125000.0,CHF,,1,M. Hauri Real Estate Management Services,Facility Management,False,2026-04-16T11:14:07+00:00,8b59aaa6-82aa-4464-b222-4006acd3cc40,Unterstützung operatives Tagesgeschäft Facility Management,,duplicate_project_pubtype_language,2026-04-16T16:02:43.386869+00:00
103800,805221,2014-01-20,2014-01-15,OB02,FEDERATION,OPEN,SERVICES,FR,BE,BE,,75130000,1125000.0,CHF,,1,M. Hauri Real Estate Management Services,,False,2026-04-16T11:14:07+00:00,a128bb45-0d98-4b6e-801d-0754d10b859d,,Soutien à l'exécution des affaires courantes opérationnelles du Facility Management,duplicate_project_pubtype_language,2026-04-16T16:02:43.386869+00:00
41197,528359,2010-08-30,2010-07-29,OB02,MUNICIPALITY,OPEN,WORKS,FR,GE,GE,,45000000,1466576.0,CHF,,1,SCRASA,,False,2026-04-15T09:09:21+00:00,753fca80-be7a-4481-a0bc-c284189e50f4,,Demi-groupe scolaire de la Vigne-Rouge,duplicate_project_pubtype_language,2026-04-16T16:02:43.386869+00:00
41197,528383,2010-08-30,2010-07-29,OB02,MUNICIPALITY,OPEN,WORKS,FR,GE,GE,,45000000,1043720.0,CHF,,1,PRELCO Préfabrication d'Éléments de Construction S.A.,,False,2026-04-15T09:09:21+00:00,a225cae3-75f4-4e8f-8ac3-7c32a77a4166,,Demi-groupe scolaire de la Vigne-Rouge,duplicate_project_pubtype_language,2026-04-16T16:02:43.386869+00:00
41197,528399,2010-08-30,2010-07-29,OB02,MUNICIPALITY,OPEN,WORKS,FR,GE,GE,,45000000,101528.0,CHF,,1,Griesser AG,,False,2026-04-15T09:09:21+00:00,7c3fcfe5-1dad-46e3-817e-ca34f0671eca,,Demi-groupe scolaire de la Vigne-Rouge,duplicate_project_pubtype_language,2026-04-16T16:02:43.386869+00:00
41197,528391,2010-08-30,2010-07-29,OB02,MUNICIPALITY,OPEN,WORKS,FR,GE,GE,,45000000,649297.0,CHF,,1,André SA,,False,2026-04-15T09:09:21+00:00,ff2d2684-9117-4c54-b637-b41bd8bed858,,Demi-groupe scolaire de la Vigne-Rouge,duplicate_project_pubtype_language,2026-04-16T16:02:43.386869+00:00
41197,528395,2010-08-30,2010-07-29,OB02,MUNICIPALITY,OPEN,WORKS,FR,GE,GE,,45000000,494727.0,CHF,,1,Tecton Etanchéité SA,,False,2026-04-15T09:09:21+00:00,9b7b8083-ce1e-4a17-a891-f00517aaa11c,,Demi-groupe scolaire de la Vigne-Rouge,duplicate_project_pubtype_language,2026-04-16T16:02:43.386869+00:00
41197,528401,2010-08-30,2010-07-29,OB02,MUNICIPALITY,OPEN,WORKS,FR,GE,GE,,45000000,456224.0,CHF,,1,EGG-TELSA,,False,2026-04-15T09:09:21+00:00,4f864881-3c65-40b3-9f87-0ad08b961b85,,Demi-groupe scolaire de la Vigne-Rouge,duplicate_project_pubtype_language,2026-04-16T16:02:43.386869+00:00
41197,528409,2010-08-30,2010-07-29,OB02,MUNICIPALITY,OPEN,WORKS,FR,GE,GE,,45000000,344320.0,CHF,,1,haelg,,False,2026-04-15T09:09:21+00:00,955da505-09b7-4366-bcb5-16fc33e39de2,,Demi-groupe scolaire de la Vigne-Rouge,duplicate_project_pubtype_language,2026-04-16T16:02:43.386869+00:00
41197,528441,2010-08-30,2010-07-29,OB02,MUNICIPALITY,OPEN,WORKS,FR,GE,GE,,45000000,228246.0,CHF,,1,Paccaud Sarl,,False,2026-04-15T09:09:21+00:00,93280316-0075-4df1-83f5-0a51ea20970b,,Demi-groupe scolaire de la Vigne-Rouge,duplicate_project_pubtype_language,2026-04-16T16:02:43.386869+00:00
41197,528429,2010-08-30,2010-07-29,OB02,MUNICIPALITY,OPEN,WORKS,FR,GE,GE,,45000000,1151320.0,CHF,,1,DENIS SCHNEEBERGER,,False,2026-04-15T09:09:21+00:00,223baf74-f222-44d3-bef5-fbbc03608d01,,Demi-groupe scolaire de la Vigne-Rouge,duplicate_project_pubtype_language,2026-04-16T16:02:43.386869+00:00
41197,528425,2010-08-30,2010-07-29,OB02,MUNICIPALITY,OPEN,WORKS,FR,GE,GE,,45000000,101144.0,CHF,,1,Ascenseurs Schindler SA,,False,2026-04-15T09:09:21+00:00,4065c731-de7a-4a0c-91a8-f1d464001459,,Demi-groupe scolaire de la Vigne-Rouge,duplicate_project_pubtype_language,2026-04-16T16:02:43.386869+00:00
41197,528405,2010-08-30,2010-07-29,OB02,MUNICIPALITY,OPEN,WORKS,FR,GE,GE,,45000000,312040.0,CHF,,1,BOSSON ET PILLET SA,,False,2026-04-15T09:09:21+00:00,a6dd800a-e10b-4712-af44-8d942faf8b02,,Demi-groupe scolaire de la Vigne-Rouge,duplicate_project_pubtype_language,2026-04-16T16:02:43.386869+00:00
105746,805429,2014-01-24,2014-01-24,OB02,CANTON,OPEN,SUPPLIES,FR,NE,NE,,30100000,,CHF,,1,AFA ORGANISATION SA,,False,2026-04-16T11:15:51+00:00,28cf1ce0-737a-4787-b492-a35731435156,,Appel d'offres pour l'acquisition de fournitures de bureau,duplicate_project_pubtype_language,2026-04-16T16:02:43.386869+00:00
97646,805989,2014-01-28,2013-10-21,OB02,MUNICIPALITY,OPEN,WORKS,DE,BE,BE,,45000000,131099.2,CHF,,1,Deweta AG,Fachstelle Beschaffungswesen Stadt Bern,False,2026-04-16T11:15:52+00:00,a66ca47e-f4b7-4232-9fee-1f2b25390fea,"Sporthallen Weissenstein, Schreinerarbeiten, Innentüren und Wandbekleidungen",,duplicate_project_pubtype_language,2026-04-16T16:02:43.386869+00:00
104083,805479,2014-01-28,2013-12-17,OB02,CANTON,OPEN,SUPPLIES,FR,GE,GE,,33113000,1355000.0,CHF,,1,Philips SA Healthcare,,False,2026-04-16T11:15:51+00:00,d46acf95-4b58-40fe-976f-b625a6c32fab,,1 IRM 1.5 Tesla pour les HUG,duplicate_project_pubtype_language,2026-04-16T16:02:43.386869+00:00
132928,904353,2016-02-26,2016-02-04,OB02,CANTON,OPEN,WORKS,DE,BE,BE,,45233221,1686440.15,CHF,4.0,1,Trauffer AG,"Tiefbauamt des Kantons Bern, Dienstleistungszentrum",False,2026-04-16T12:26:31+00:00,e5425161-1836-453d-a151-1b7a2d16cb34,Strassenmarkierung 2016/2017 auf den bernischen Kantonsstrassen,,duplicate_project_pubtype_language,2026-04-16T16:02:43.386869+00:00
42993,529569,2010-08-27,2010-08-18,OB02,MUNICIPALITY,OPEN,WORKS,FR,VD,VD,,45000000,642272.35,CHF,7.0,1,Entegra SA,,False,2026-04-15T09:09:22+00:00,3bd54626-e525-47bc-9247-a5207cb6d3b5,,Collège de Villamont,duplicate_project_pubtype_language,2026-04-16T16:02:43.386869+00:00
20722,461155,2010-03-05,2009-12-23,OB02,CANTON_OTHER,OPEN,WORKS,FR,VD,VD,,44316500,287206.1,CHF,3.0,1,FENAROLI SA,,False,2026-04-15T08:55:56+00:00,949c03a4-ac2a-4c7f-a5e0-1437d09d1f4d,,"Bâtiment administratif OAI III à Vevey, lots du second oeuvre",duplicate_project_pubtype_language,2026-04-16T16:02:43.386869+00:00
35216,457105,2010-03-15,,OB01,MUNICIPALITY,OPEN,WORKS,FR,GE,GE,,45331000,,CHF,,0,,,False,2026-04-15T08:52:59+00:00,256aabf3-e49e-4b94-9b6b-c58147c05ff2,,Pavillon de l'enfance et jardin public,duplicate_project_pubtype_language,2026-04-16T16:02:43.386869+00:00
22797,467755,2010-03-16,,OB06,FEDERATION,OPEN,,FR,BE,BE,,45000000,,CHF,,0,,,False,2026-04-15T08:55:57+00:00,c83ae2b9-028e-47d4-826e-50c3d6e032dc,,Agrandissement du centre d’archivage de la Cinémathèque Suisse à Penthaz,duplicate_project_pubtype_language,2026-04-16T16:02:43.386869+00:00
99480,806001,2014-01-28,2013-09-26,OB02,MUNICIPALITY,OPEN,WORKS,DE,BE,BE,,45000000,16280.45,CHF,,1,Tulux AG,Fachstelle Beschaffungswesen Stadt Bern,False,2026-04-16T11:15:52+00:00,ac9ee964-61bc-40da-a5c1-7a74506627f6,"Gesamtsanierung und Erweiterung VS Länggasse gross, Bern BKP 233 Leuchten und Lampen",,duplicate_project_pubtype_language,2026-04-16T16:02:43.386869+00:00
102653,806025,2014-01-23,2014-01-21,OB02,FEDERATION,OPEN,WORKS,FR,BE,BE,,45000000,1211649.25,CHF,,0,Carlo Bernasconi AG,,False,2026-04-16T11:15:52+00:00,5adc9992-5c2a-4696-ab9b-9378c5cb5efc,,Remise en état des murs de soutènement et rehaussement du parapet de la terrasse du Palais fédéral située du côté de l'Aare.,duplicate_project_pubtype_language,2026-04-16T16:02:43.386869+00:00
98682,806197,2014-02-21,2014-02-21,OB02,CANTON,OPEN,SERVICES,DE,ZH,ZH,,75000000,7297764.35,CHF,6.0,1,cm- p AG,"Amt für Wirtschaft und Arbeit, 
Qualifizierung für Stellensuchende (QuS)",False,2026-04-16T11:15:52+00:00,450dc273-7cb0-4560-99bf-b22a7731a93b,Strategiemodule Zielgruppe B,,duplicate_project_pubtype_language,2026-04-16T16:02:43.386869+00:00
42617,531393,2010-08-26,2010-08-17,OB02,FEDERATION,OPEN,SERVICES,FR,BE,BE,,77300000,143845.8,CHF,,1,Stähli Gartengestaltung GmbH,,False,2026-04-15T09:09:22+00:00,db91e8fe-22be-430d-9a5c-8a43181265d1,,Entretien des espaces verts de divers immeubles civils de la Confédération,duplicate_project_pubtype_language,2026-04-16T16:02:43.386869+00:00
44812,531239,2010-08-25,2010-08-13,OB02,FEDERATION,OPEN,WORKS,DE,BE,BE,,45000000,120549.55,CHF,4.0,1,Boss Holzbau AG,armasuisse Immobilien,False,2026-04-15T09:09:22+00:00,a43956cd-5240-44ee-984d-8d42fe51c3b3,"Thun, Dufourkaserne / Verpflegungszentrum
- 2. Submissionspaket",,duplicate_project_pubtype_language,2026-04-16T16:02:43.386869+00:00
44812,531247,2010-08-25,2010-08-13,OB02,FEDERATION,OPEN,WORKS,DE,BE,BE,,45000000,9266.25,CHF,5.0,1,Bigler Gipser und Maler AG Thun,armasuisse Immobilien,False,2026-04-15T09:09:22+00:00,e1d68196-2579-4295-99b3-04d3638cd9c3,"Thun, Dufourkaserne / Verpflegungszentrum
- 2. Submissionspaket",,duplicate_project_pubtype_language,2026-04-16T16:02:43.386869+00:00
44812,531259,2010-08-25,2010-08-13,OB02,FEDERATION,OPEN,WORKS,DE,BE,BE,,45000000,91169.05,CHF,1.0,1,Schenker Storen AG,armasuisse Immobilien,False,2026-04-15T09:09:22+00:00,c0614e81-515b-4540-8e00-850f9368d969,"Thun, Dufourkaserne / Verpflegungszentrum
- 2. Submissionspaket",,duplicate_project_pubtype_language,2026-04-16T16:02:43.386869+00:00
42617,531379,2010-08-26,2010-08-17,OB02,FEDERATION,OPEN,SERVICES,DE,BE,BE,,77300000,106862.6,CHF,,1,Hortussa AG,Bundesamt für Bauten und Logistik (BBL),False,2026-04-15T09:09:22+00:00,793fde8b-0427-4cde-9296-4cc1c75d0b0c,Grünflächenpflege bei diversen zivilen Gebäuden des Bundes.,,duplicate_project_pubtype_language,2026-04-16T16:02:43.386869+00:00
42617,531363,2010-08-26,2010-08-17,OB02,FEDERATION,OPEN,SERVICES,DE,BE,BE,,77300000,101226.4,CHF,,1,Stähli Gartengestaltung GmbH,Bundesamt für Bauten und Logistik (BBL),False,2026-04-15T09:09:22+00:00,4e32a79a-c2d0-4606-b618-c2c8bad5520d,Grünflächenpflege bei diversen zivilen Gebäuden des Bundes.,,duplicate_project_pubtype_language,2026-04-16T16:02:43.386869+00:00
103775,806531,2014-01-31,2014-01-21,OB02,MUNICIPALITY_OTHER,OPEN,WORKS,DE,SO,SO,,45200000,400618.05,CHF,12.0,1,Dial Norm AG,SWG,False,2026-04-16T11:15:52+00:00,c2f0e4cc-bfec-494c-ac65-6806473e6d04,Neubau Betriebsgebäude SWG,,duplicate_project_pubtype_language,2026-04-16T16:02:43.386869+00:00
103775,806539,2014-01-31,2014-01-21,OB02,MUNICIPALITY_OTHER,OPEN,WORKS,DE,SO,SO,,45200000,212834.85,CHF,4.0,1,STORAMA AG,SWG,False,2026-04-16T11:15:52+00:00,f1d137bc-756a-4bc1-9623-2407287a9556,Neubau Betriebsgebäude SWG,,duplicate_project_pubtype_language,2026-04-16T16:02:43.386869+00:00
35855,532577,2010-09-03,2010-06-23,OB02,CANTON,OPEN,SUPPLIES,FR,VS,VS,,34111200,113700.0,CHF,3.0,1,Garage Corbassières Sàrl,,False,2026-04-15T09:09:22+00:00,94252edc-4178-4d65-8dd9-e40d6b8ab20a,,Véhicules automobiles de Police 2010,duplicate_project_pubtype_language,2026-04-16T16:02:43.386869+00:00
35855,532573,2010-09-03,2010-06-23,OB02,CANTON,OPEN,SUPPLIES,FR,VS,VS,,34111100,59500.0,CHF,4.0,1,Garage Corbassières Sàrl,,False,2026-04-15T09:09:22+00:00,80ccb91c-2a63-400a-b072-64046aa8e684,,Véhicules automobiles de Police 2010,duplicate_project_pubtype_language,2026-04-16T16:02:43.386869+00:00
108084,806659,2014-02-03,,OB04,CANTON_OTHER,OPEN,WORKS,DE,SG,SG,,45210000,,CHF,,1,,NTB Interstaatliche Hochschule für Technik Buchs NTB,False,2026-04-16T11:15:52+00:00,70077f3e-6b30-4e5c-b861-64db0509efbc,Haustechnik E-H-K-L-K-S-Reinraum / Innentüren aus Metall / Druckverteilplatte,,duplicate_project_pubtype_language,2026-04-16T16:02:43.386869+00:00
108084,806653,2014-02-03,,OB04,CANTON_OTHER,OPEN,WORKS,DE,SG,SG,,45210000,,CHF,,1,,NTB Interstaatliche Hochschule für Technik Buchs NTB,False,2026-04-16T11:15:52+00:00,064a322f-d465-4c54-b803-9641ddd11081,Haustechnik E-H-K-L-K-S-Reinraum / Innentüren aus Metall / Druckverteilplatte,,duplicate_project_pubtype_language,2026-04-16T16:02:43.386869+00:00
42293,539301,2010-09-24,2010-08-31,OB02,MUNICIPALITY,OPEN,WORKS,FR,VD,VD,,45000000,,CHF,3.0,1,Implenia Entreprise Générale SA,,False,2026-04-15T09:09:23+00:00,75f9a0d5-7fd4-4a4a-874d-4a99f7eec02c,,P0803_LE CROSET_ECUBLENS,duplicate_project_pubtype_language,2026-04-16T16:02:43.386869+00:00
21690,533009,2010-08-31,2010-08-23,OB02,FEDERATION,OPEN,SERVICES,DE,BE,BE,,72260000,1297000.0,CHF,,1,Cirrus Consulting AG,"Bundesamt für Bauten und Logistik (BBL)
Öffentliche Ausschreibungen",False,2026-04-15T09:09:22+00:00,fd047771-bf5e-4cd7-864f-e62fa978d1eb,Projekt (941) 609 IT Personalstellung von 2010 – 2013 im CCSAP des BIT,,duplicate_project_pubtype_language,2026-04-16T16:02:43.386869+00:00
21690,533047,2010-09-03,2010-08-23,OB02,FEDERATION,OPEN,SERVICES,DE,BE,BE,,72260000,1032000.0,CHF,,1,Tecsys Consulting,"Bundesamt für Bauten und Logistik (BBL)
Öffentliche Ausschreibungen",False,2026-04-15T09:09:22+00:00,74475807-a519-4f84-be4f-d17220d863f4,Projekt (941) 609 IT Personalstellung von 2010 – 2013 im CCSAP des BIT,,duplicate_project_pubtype_language,2026-04-16T16:02:43.386869+00:00
21690,533025,2010-08-31,2010-08-23,OB02,FEDERATION,OPEN,SERVICES,DE,BE,BE,,72260000,1836000.0,CHF,,1,cce ag,"Bundesamt für Bauten und Logistik (BBL)
Öffentliche Ausschreibungen",False,2026-04-15T09:09:22+00:00,ca1a4081-3828-42fd-90d8-d88d10ff0f73,Projekt (941) 609 IT Personalstellung von 2010 – 2013 im CCSAP des BIT,,duplicate_project_pubtype_language,2026-04-16T16:02:43.386869+00:00
26651,470321,2010-03-26,2010-03-19,OB02,CANTON_OTHER,OPEN,WORKS,FR,VD,VD,,45000000,203558.76,CHF,6.0,1,EEE OMEXOM,,False,2026-04-15T08:55:58+00:00,810dd6c6-d935-4f0b-bb0e-6ab705854644,,"Démontage de la ligne 125/132 kV St-Triphon-Miéville, travaux de démontage de la ligne",duplicate_project_pubtype_language,2026-04-16T16:02:43.386869+00:00
35216,476069,2010-04-12,,OB01,MUNICIPALITY,OPEN,WORKS,FR,GE,GE,,45421100,,CHF,,0,,,False,2026-04-15T08:57:21+00:00,ecbdfc79-ed44-4bd1-bb8f-3200a7c6807a,,Pavillon de l'enfance et jardin public,duplicate_project_pubtype_language,2026-04-16T16:02:43.386869+00:00
21690,533017,2010-08-31,2010-08-23,OB02,FEDERATION,OPEN,SERVICES,DE,BE,BE,,72260000,1980000.0,CHF,,1,Cirrus Consulting AG,"Bundesamt für Bauten und Logisitk (BBL)
Öffentliche Ausschreibungen",False,2026-04-15T09:09:22+00:00,69ea48b6-45d4-4f27-9ce2-a994a1df66b8,Projekt (941) 609 IT Personalstellung von 2010 – 2013 im CCSAP des BIT,,duplicate_project_pubtype_language,2026-04-16T16:02:43.386869+00:00
33273,533553,2010-08-31,2010-08-23,OB02,FEDERATION,OPEN,SERVICES,DE,BE,BE,,72260000,630014.15,CHF,,1,Teradata (Schweiz) GmbH,"Bundesamt für Bauten und Logistik (BBL)
Öffentliche Ausschreibungen",False,2026-04-15T09:09:22+00:00,54b65b35-4631-4fbd-ac73-c7ed8c543efa,Projekt (1008) 609 SIS@BFS LE BIT,,duplicate_project_pubtype_language,2026-04-16T16:02:43.386869+00:00
97067,806829,2014-02-07,2013-12-02,OB02,CANTON_OTHER,OPEN,SUPPLIES,FR,FR,FR,,38554000,310500.0,CHF,6.0,1,ISKRAEMECO SUISSE,,False,2026-04-16T11:15:52+00:00,7c513418-8a05-4a99-9734-ff57dd7307ef,,MP Equipements de mesure et de tarification d'énergie électrique 2014/2015,duplicate_project_pubtype_language,2026-04-16T16:02:43.386869+00:00
97067,806833,2014-02-07,2013-12-02,OB02,CANTON_OTHER,OPEN,SUPPLIES,FR,FR,FR,,38554000,835200.0,CHF,5.0,1,Semax AG,,False,2026-04-16T11:15:52+00:00,9763cfc9-b577-4a9d-8389-f80ec1dccdd8,,MP Equipements de mesure et de tarification d'énergie électrique 2014/2015,duplicate_project_pubtype_language,2026-04-16T16:02:43.386869+00:00
33273,533571,2010-08-31,2010-08-23,OB02,FEDERATION,OPEN,SERVICES,DE,BE,BE,,72260000,476000.0,CHF,,1,WIB Solutions AG,"Bundesamt für Bauten und Logistik (BBL)
Öffentliche Ausschreibungen",False,2026-04-15T09:09:22+00:00,69285547-2ca5-4f2d-8dfd-bcfeb3c6a3ba,Projekt (1008) 609 SIS@BFS LE BIT,,duplicate_project_pubtype_language,2026-04-16T16:02:43.386869+00:00
21690,533359,2010-08-31,2010-08-23,OB02,FEDERATION,OPEN,SERVICES,FR,BE,BE,,72260000,1980000.0,CHF,,1,Cirrus Consulting AG,,False,2026-04-15T09:09:22+00:00,67b9307c-aac0-46fe-bdec-90a6ea322f5f,,Projet (941) 609 Mise à disposition de personnel IT de 2010 – 2013 au CCSAP à l'OFIT,duplicate_project_pubtype_language,2026-04-16T16:02:43.386869+00:00
103243,807339,2014-02-04,2014-01-27,OB02,FEDERATION,OPEN,SERVICES,FR,BE,BE,,72260000,5165400.0,CHF,,1,INVERSUM GmbH,,False,2026-04-16T11:15:53+00:00,3ce312b4-e45c-43aa-95b5-22b23f08ed02,,(13103) 609 Partenaires en matière de projets Business Analysis / Requirements Engineering et architecture de solutions pour les années 2014 à 2017,duplicate_project_pubtype_language,2026-04-16T16:02:43.386869+00:00
103243,807347,2014-02-04,2014-01-27,OB02,FEDERATION,OPEN,SERVICES,FR,BE,BE,,72260000,5151600.0,CHF,,1,Business & Decision AG,,False,2026-04-16T11:15:53+00:00,49430186-7b7c-4ba0-9385-6bd648cdb302,,(13103) 609 Partenaires en matière de projets Business Analysis / Requirements Engineering et architecture de solutions pour les années 2014 à 2017,duplicate_project_pubtype_language,2026-04-16T16:02:43.386869+00:00
33273,533619,2010-08-31,2010-08-23,OB02,FEDERATION,OPEN,SERVICES,FR,BE,BE,,72260000,489600.0,CHF,,1,NEXPLORE AG,,False,2026-04-15T09:09:22+00:00,956e92f4-bec4-458d-9c67-c77568032121,,Projet (1008) 609 SIS@BFS LE BIT,duplicate_project_pubtype_language,2026-04-16T16:02:43.386869+00:00
104624,809225,2014-02-28,2013-12-13,OB02,CANTON,OPEN,SUPPLIES,FR,VD,VD,,38000000,55226.4,CHF,8.0,1,Renggli AG,,False,2026-04-16T11:17:44+00:00,7fa337f1-e5c7-4d47-a653-d311fd134926,,Achat d'équipements de laboratoire,duplicate_project_pubtype_language,2026-04-16T16:02:43.386869+00:00
33273,533621,2010-08-31,2010-08-23,OB02,FEDERATION,OPEN,SERVICES,FR,BE,BE,,72260000,462300.0,CHF,,1,Aviva Systems Schweiz AG,,False,2026-04-15T09:09:22+00:00,d6993927-eb71-4d65-87d5-f02961b9b30f,,Projet (1008) 609 SIS@BFS LE BIT,duplicate_project_pubtype_language,2026-04-16T16:02:43.386869+00:00
33273,533633,2010-08-31,2010-08-23,OB02,FEDERATION,OPEN,SERVICES,FR,BE,BE,,72260000,471750.0,CHF,,1,PENTAG Informatik AG,,False,2026-04-15T09:09:22+00:00,58000f84-2748-4a72-adfd-0ad8140b017e,,Projet (1008) 609 SIS@BFS LE BIT,duplicate_project_pubtype_language,2026-04-16T16:02:43.386869+00:00
33273,533639,2010-08-31,2010-08-23,OB02,FEDERATION,OPEN,SERVICES,FR,BE,BE,,72260000,480000.0,CHF,,1,Unisys (Schweiz) AG,,False,2026-04-15T09:09:22+00:00,978a5565-5a8e-414d-8a31-cbe3040967a2,,Projet (1008) 609 SIS@BFS LE BIT,duplicate_project_pubtype_language,2026-04-16T16:02:43.386869+00:00
33273,533623,2010-08-31,2010-08-23,OB02,FEDERATION,OPEN,SERVICES,FR,BE,BE,,72260000,391425.0,CHF,,1,WIB Solutions AG,,False,2026-04-15T09:09:22+00:00,325de514-e30a-4d5d-97e5-05e6a26a4930,,Projet (1008) 609 SIS@BFS LE BIT,duplicate_project_pubtype_language,2026-04-16T16:02:43.386869+00:00
33273,533641,2010-08-31,2010-08-23,OB02,FEDERATION,OPEN,SERVICES,FR,BE,BE,,72260000,503200.0,CHF,,1,Unisys (Schweiz) AG,,False,2026-04-15T09:09:22+00:00,7e094528-063e-400b-83f0-e327899c25fe,,Projet (1008) 609 SIS@BFS LE BIT,duplicate_project_pubtype_language,2026-04-16T16:02:43.386869+00:00
33273,533629,2010-08-31,2010-08-23,OB02,FEDERATION,OPEN,SERVICES,FR,BE,BE,,72260000,768000.0,CHF,,1,Win2you GmbH,,False,2026-04-15T09:09:22+00:00,b59344a1-9b97-4811-aa09-1c6e9100ad69,,Projet (1008) 609 SIS@BFS LE BIT,duplicate_project_pubtype_language,2026-04-16T16:02:43.386869+00:00
33273,533613,2010-08-31,2010-08-23,OB02,FEDERATION,OPEN,SERVICES,FR,BE,BE,,72260000,476000.0,CHF,,1,WIB Solutions AG,,False,2026-04-15T09:09:22+00:00,626ce787-8d33-4fcb-9a86-1f2ca84d2403,,Projet (1008) 609 SIS@BFS LE BIT,duplicate_project_pubtype_language,2026-04-16T16:02:43.386869+00:00
33273,533617,2010-08-31,2010-08-23,OB02,FEDERATION,OPEN,SERVICES,FR,BE,BE,,72260000,630014.15,CHF,,1,Teradata (Schweiz) GmbH,,False,2026-04-15T09:09:22+00:00,7cda79ff-44bd-4e14-89bd-ad5778ec399b,,Projet (1008) 609 SIS@BFS LE BIT,duplicate_project_pubtype_language,2026-04-16T16:02:43.386869+00:00
19681,475521,2010-04-12,2010-03-01,OB02,CANTON,OPEN,WORKS,DE,SG,SG,,45000000,89727.65,CHF,5.0,1,Schiffner AG,Hochbauamt des Kantons St.Gallen,False,2026-04-15T08:57:21+00:00,1ba42bf5-bb09-4cbf-ba0c-d10dc217a492,Sanierung und Erweiterung der Universität St.Gallen,,duplicate_project_pubtype_language,2026-04-16T16:02:43.386869+00:00
20409,475469,2010-04-12,2010-02-26,OB02,CANTON,OPEN,SUPPLIES,DE,SG,SG,,39100000,38617.65,CHF,28.0,1,Hüba AG,Hochbauamt des Kantons St.Gallen,False,2026-04-15T08:57:21+00:00,dc32c722-269e-4ee9-8d7f-1a3ad841e591,Sanierung und Erweiterung der Universität St.Gallen; Gesamtsanierung,,duplicate_project_pubtype_language,2026-04-16T16:02:43.386869+00:00
103243,807345,2014-02-04,2014-01-27,OB02,FEDERATION,OPEN,SERVICES,DE,BE,BE,,72260000,5151600.0,CHF,,1,Business & Decision AG,"Bundesamt für Bauten und Logistik (BBL)
Öffentliche Ausschreibungen",False,2026-04-16T11:15:53+00:00,a5b6a0c8-c069-42cc-9dc4-d28f6bb6b581,Projekt (13103) 609 Partner für Business Analyse / Requirements Engineering und Lösungsarchitektur für das Bundesamt für Informatik und Telekommunikation (BIT) von 2014 – 2017,,duplicate_project_pubtype_language,2026-04-16T16:02:43.386869+00:00
127139,892731,2016-01-06,2015-11-16,OB02,MUNICIPALITY,OPEN,WORKS,DE,BE,BE,,45262670,76926.75,CHF,,1,Bächler + Güttinger AG,Fachstelle Beschaffungswesen Stadt Bern,False,2026-04-16T12:17:21+00:00,7fc043f1-d5b5-4c04-be83-c482a48a8592,Neubau Doppelturnhalle Bitzius,,duplicate_project_pubtype_language,2026-04-16T16:02:43.386869+00:00
22620,478603,2010-04-14,2010-04-12,OB02,FEDERATION,OPEN,SERVICES,FR,BE,BE,,79414000,79800.0,CHF,,1,adt zurich gmbh,,False,2026-04-15T08:57:21+00:00,6d1efa02-7394-4491-b0d7-0c718eb1c2e4,,MD Assessments V,duplicate_project_pubtype_language,2026-04-16T16:02:43.386869+00:00
106704,831333,2014-08-08,2014-07-01,OB02,CANTON,OPEN,SUPPLIES,DE,ZH,ZH,,30197630,54575.0,CHF,,1,INAPA Schweiz AG,kdmz,False,2026-04-16T11:31:28+00:00,13578bb6-dbd8-4566-9126-17b4d841866b,Papier für MFP und Drucker,,duplicate_project_pubtype_language,2026-04-16T16:02:43.386869+00:00
22620,478595,2010-04-14,2010-04-12,OB02,FEDERATION,OPEN,SERVICES,DE,BE,BE,,79414000,79800.0,CHF,,1,adt zurich gmbh,"armasuisse
Einkauf und Kooperationen
CC WTO",False,2026-04-15T08:57:21+00:00,ab54b4f1-9710-466f-8a6b-1b5319da919d,MD Assessments V,,duplicate_project_pubtype_language,2026-04-16T16:02:43.386869+00:00
32734,479335,2010-04-15,2010-03-30,OB02,FEDERATION,OPEN,WORKS,DE,BE,BE,,45000000,497885.0,CHF,3.0,1,Schwarzenbach AG,"armasuisse Immobilien
Projektmanagement Mitte",False,2026-04-15T08:57:22+00:00,8a2698c5-9e92-4899-b60c-cd78332ba825,Sanierung Fassaden und Faltdächer Ausbildungs- und Einstellhallen A-P  Wpl Thun,,duplicate_project_pubtype_language,2026-04-16T16:02:43.386869+00:00
105437,807633,2014-02-07,2014-01-29,OB02,CANTON,OPEN,SUPPLIES,DE,ZH,ZH,,33190000,3206446.61,CHF,2.0,1,Allentown Italia srl,"Universität Zürich,
Hauptabteilung Infrastruktur,
Stab Bedarfsmanagement Infrastruktur",False,2026-04-16T11:15:53+00:00,d711f175-14d6-4415-939f-38be2d7fecab,Ausstattung Tierhaltung Schlieren Wagistrasse 13a,,duplicate_project_pubtype_language,2026-04-16T16:02:43.386869+00:00
33273,533635,2010-08-31,2010-08-23,OB02,FEDERATION,OPEN,SERVICES,DE,BE,BE,,72260000,503200.0,CHF,,1,Unisys (Schweiz) AG,"Bundesamt für Bauten und Logistik (BBL)
Öffentliche Ausschreibungen",False,2026-04-15T09:09:22+00:00,dba1800c-7b2b-4aa5-8d14-3976bb816d2a,Projekt (1008) 609 SIS@BFS LE BIT,,duplicate_project_pubtype_language,2026-04-16T16:02:43.386869+00:00
105019,808507,2014-03-04,2014-02-12,OB02,CANTON_OTHER,OPEN,WORKS,FR,GE,GE,,45000000,129600.0,CHF,2.0,1,DES Systèmes de sécurité SA,,False,2026-04-16T11:17:44+00:00,847fc68b-2187-4a97-af20-d79f68896385,,Réalisation d'un Parking cobus et Parking visiteurs,duplicate_project_pubtype_language,2026-04-16T16:02:43.386869+00:00
102760,807701,2014-02-07,2014-01-31,OB02,MUNICIPALITY,RESTRICTED,SERVICES,DE,ZH,ZH,,71300000,251400.0,CHF,,1,"WSMAG, Walter Salm, Meier & Partner AG","Stadt Zürich
Amt für Hochbauten",False,2026-04-16T11:15:53+00:00,d8cdee9a-e21b-4ec3-9cf9-71622904ba45,Schulanlage Gubel,,duplicate_project_pubtype_language,2026-04-16T16:02:43.386869+00:00
130863,892739,2016-01-06,2015-11-18,OB02,MUNICIPALITY,OPEN,WORKS,DE,BE,BE,,45000000,499994.55,CHF,,1,Biollay Spezialbau AG,Fachstelle Beschaffungswesen Stadt Bern,False,2026-04-16T12:17:21+00:00,1713a457-c230-4dd5-a568-90d163767f24,"Ersatzneubau Stöckacker Süd
BKP 281.0 Anhydritunterlagsboden, 281.0 Anhydritbelag farbig eingefärbt als Fertigbelag, 281.1 Hartbeton und Zementüberzüge",,duplicate_project_pubtype_language,2026-04-16T16:02:43.386869+00:00
22620,481011,2010-04-21,2010-04-16,OB02,FEDERATION,OPEN,SERVICES,DE,BE,BE,,79414000,79800.0,CHF,,1,GMC Germann Management Consulting,"armasuisse
Einkauf und Kooperationen
CC WTO",False,2026-04-15T08:57:22+00:00,289a56ad-b59a-493a-96e7-175ca5f55e03,MD Assessments V,,duplicate_project_pubtype_language,2026-04-16T16:02:43.386869+00:00
96715,808071,2014-02-07,2014-01-21,OB02,FEDERATION,OPEN,SERVICES,DE,BE,BE,,80522000,1386000.0,CHF,,1,Siegenthaler Formation,"Eidgenössisches Personalamt (EPA)
Ausbildungszentrum der Bundesverwaltung (AZB)",False,2026-04-16T11:15:53+00:00,839e0e23-f0d7-49ee-a400-149f1bbc33b4,(1325) 614 Führungsausbildung,,duplicate_project_pubtype_language,2026-04-16T16:02:43.386869+00:00
96715,808079,2014-02-07,2014-01-21,OB02,FEDERATION,OPEN,SERVICES,DE,BE,BE,,80522000,198000.0,CHF,,1,Viktor Bauch S.à.r.l.,"Eidgenössisches Personalamt (EPA)
Ausbildungszentrum der Bundesverwaltung (AZB)",False,2026-04-16T11:15:53+00:00,2431bafd-6b12-4b71-bf04-0b214dc7155b,(1325) 614 Führungsausbildung,,duplicate_project_pubtype_language,2026-04-16T16:02:43.386869+00:00
96715,808085,2014-02-07,2014-01-21,OB02,FEDERATION,OPEN,SERVICES,IT,BE,BE,,80522000,1386000.0,CHF,,1,Siegenthaler Formation,"Ufficio federale del personale (UFPER)
Centro di formazione dell’Amministrazione federale (CFAF)",False,2026-04-16T11:15:53+00:00,d333a7a1-6eda-41f2-b0b5-36141b8af055,(1325) 614 Formazione in materia di conduzione,,duplicate_project_pubtype_language,2026-04-16T16:02:43.386869+00:00
96715,808087,2014-02-07,2014-01-21,OB02,FEDERATION,OPEN,SERVICES,IT,BE,BE,,80522000,198000.0,CHF,,1,Viktor Bauch S.à.r.l.,"Ufficio federale del personale (UFPER)
Centro di formazione dell’Amministrazione federale (CFAF)",False,2026-04-16T11:15:53+00:00,47b509f6-3fd2-40cc-b42d-c6d7be2a758e,(1325) 614 Formazione in materia di conduzione,,duplicate_project_pubtype_language,2026-04-16T16:02:43.386869+00:00
96715,808111,2014-02-07,2014-01-21,OB02,FEDERATION,OPEN,SERVICES,DE,BE,BE,,80522000,1584000.0,CHF,,1,EVOLEX AG,"Eidgenössisches Personalamt (EPA)
Ausbildungszentrum der Bundesverwaltung (AZB)",False,2026-04-16T11:15:53+00:00,e2cc3f77-14e7-4704-9e49-9888d6785db3,(1325) 614 Führungsausbildung,,duplicate_project_pubtype_language,2026-04-16T16:02:43.386869+00:00
96715,808115,2014-02-07,2014-01-21,OB02,FEDERATION,OPEN,SERVICES,IT,BE,BE,,80522000,1584000.0,CHF,,1,EVOLEX AG,"Ufficio federale del personale (UFPER)
Centro di formazione dell’Amministrazione federale (CFAF)",False,2026-04-16T11:15:53+00:00,b25762e6-ba5f-4ac0-a24f-2b15c04327b9,(1325) 614 Formazione in materia di conduzione,,duplicate_project_pubtype_language,2026-04-16T16:02:43.386869+00:00
19573,478325,2010-04-28,2010-04-30,OB02,UTILITY,OPEN,SERVICES,DE,BE,BE,,60000000,1418508.0,CHF,,1,Die Schweizerische Post,"Schweizerische Bundesbahnen SBB
Einkauf Konzerndienstleistungen",False,2026-04-15T08:57:21+00:00,1d5696e1-6ca2-4131-b7ca-952e98731733,"TRANSPORTLEISTUNGEN FÜR P-OP-SB, G-AM-IH, P-VS UND WEITERE SBB-KUNDEN",,duplicate_project_pubtype_language,2026-04-16T16:02:43.386869+00:00
105899,808135,2014-02-13,2014-02-11,OB02,CANTON,OPEN,WORKS,DE,BL,BL,,45000000,427717.8,CHF,,1,Sersa Technik AG,BLT Baselland Transport AG,False,2026-04-16T11:15:53+00:00,56840bd1-6fc4-4e34-9691-c54c9eefc7ae,"BLT Linie 10 Ettingen - Flüh, Doppelspurausbau
Neubau Fahrleitung",,duplicate_project_pubtype_language,2026-04-16T16:02:43.386869+00:00
37791,534673,2010-09-15,2010-09-15,OB02,UTILITY,OPEN,SUPPLIES,DE,BE,BE,,32200000,300481.0,CHF,,1,sagem communications,"Schweizerische Bundesbahnen SBB, Einkauf, Supply Chain, Produktion, Telecom",False,2026-04-15T09:09:23+00:00,6f26f95b-6fcc-49cb-9bc1-503ba21303aa,"Rangier-, Bau- und Lokalkommunikation
Mobile Kommunikationsausrüstung SBB - 
GSM-R Mobile Devices",,duplicate_project_pubtype_language,2026-04-16T16:02:43.386869+00:00
98143,808187,2014-02-14,2014-01-29,OB02,MUNICIPALITY,OPEN,SUPPLIES,DE,ZH,ZH,,39110000,1252000.0,CHF,,1,Girsberger AG,"Stadt Zürich
Immobilien-Bewirtschaftung",False,2026-04-16T11:15:53+00:00,c0c3c66e-15a6-4b2b-bcda-b0cea3aa1995,Evaluation Verwaltungsmobiliar 2013,,duplicate_project_pubtype_language,2026-04-16T16:02:43.386869+00:00
49021,534623,2010-09-02,2010-09-01,OB02,OTHER,OPEN,SERVICES,DE,AG,AG,,79221000,1636.35,CHF,5.0,1,KPMG AG,Swissgrid AG,False,2026-04-15T09:09:23+00:00,32f39781-50ce-4d21-9972-7538bf692114,„Due Diligence“ für Swissgrid,,duplicate_project_pubtype_language,2026-04-16T16:02:43.386869+00:00
49021,534665,2010-09-02,2010-09-01,OB02,OTHER,OPEN,SERVICES,FR,AG,AG,,71310000,1663.27,CHF,6.0,1,AF-Colenco AG,,False,2026-04-15T09:09:23+00:00,3c283281-a051-43f6-a950-866a5ed6318d,,„Due Diligence“ für Swissgrid,duplicate_project_pubtype_language,2026-04-16T16:02:43.386869+00:00
49500,535049,2010-09-06,2010-09-02,OB02,FEDERATION,OPEN,SUPPLIES,DE,,,,14620000,,CHF,2.0,1,KME Germany AG & Co.KG,Eidg. Münzstätte Swissmint,False,2026-04-15T09:09:23+00:00,d8707bce-2252-4fa4-b151-06ffffdabb44,Beschaffung von Münzrondellen aus Kupfernickel und Aluminiumbronze für das Jahr 2011,,duplicate_project_pubtype_language,2026-04-16T16:02:43.386869+00:00
49500,535035,2010-09-06,2010-09-02,OB02,FEDERATION,OPEN,SUPPLIES,DE,,,,14620000,,CHF,2.0,1,KME Germany AG & Co.KG,Eidg. Münzstätte Swissmint,False,2026-04-15T09:09:23+00:00,0493d80d-b687-47eb-8211-0fd0e7808271,Beschaffung von Münzrondellen aus Kupfernickel und Aluminiumbronze für das Jahr 2011,,duplicate_project_pubtype_language,2026-04-16T16:02:43.386869+00:00
49500,535051,2010-09-06,2010-09-02,OB02,FEDERATION,OPEN,SUPPLIES,DE,,,,14620000,,CHF,2.0,1,KME Germany AG & Co.KG,Eidg. Münzstätte Swissmint,False,2026-04-15T09:09:23+00:00,73e08e8a-01ce-42e2-b2ad-2cc9328b8b25,Beschaffung von Münzrondellen aus Kupfernickel und Aluminiumbronze für das Jahr 2011,,duplicate_project_pubtype_language,2026-04-16T16:02:43.386869+00:00
104311,808501,2014-02-25,2014-02-03,OB02,CANTON_OTHER,OPEN,WORKS,FR,GE,GE,,45000000,715813.0,CHF,3.0,1,THIEBAUD+PERRITAZ SA,,False,2026-04-16T11:17:44+00:00,c0fca5bb-14f7-43e1-ab2f-002992a7fdb8,,Réalisation d’un Parking cobus et Parking visiteurs,duplicate_project_pubtype_language,2026-04-16T16:02:43.386869+00:00
105019,808505,2014-03-25,2014-02-12,OB02,CANTON_OTHER,OPEN,WORKS,FR,GE,GE,,45000000,120817.0,CHF,5.0,1,BERT'AEU SA,,False,2026-04-16T11:17:44+00:00,dae15cfc-0bb4-4540-8f0e-c66e06064226,,Réalisation d'un Parking cobus et Parking visiteurs,duplicate_project_pubtype_language,2026-04-16T16:02:43.386869+00:00
49500,535043,2010-09-06,2010-09-02,OB02,FEDERATION,OPEN,SUPPLIES,DE,,,,14620000,,CHF,2.0,1,KME Germany AG & Co.KG,Eidg. Münzstätte Swissmint,False,2026-04-15T09:09:23+00:00,9d9fb02b-a6f5-4dd7-89b2-a7884c6a6286,Beschaffung von Münzrondellen aus Kupfernickel und Aluminiumbronze für das Jahr 2011,,duplicate_project_pubtype_language,2026-04-16T16:02:43.386869+00:00
102152,808565,2014-02-14,2014-02-04,OB02,MUNICIPALITY,RESTRICTED,SERVICES,DE,ZH,ZH,,71300000,217100.0,CHF,,1,Amstein + Walthert AG,"Stadt Zürich
Amt für Hochbauten",False,2026-04-16T11:17:44+00:00,bda269ea-7062-4f48-ad05-b4b32fd24904,VBZ Busgarage Hardau,,duplicate_project_pubtype_language,2026-04-16T16:02:43.386869+00:00
49500,535053,2010-09-06,2010-09-02,OB02,FEDERATION,OPEN,SUPPLIES,DE,,,,14620000,,CHF,2.0,1,KME Germany AG & Co.KG,Eidg. Münzstätte Swissmint,False,2026-04-15T09:09:23+00:00,931c7273-6e7d-4081-b2d1-9092ada88b53,Beschaffung von Münzrondellen aus Kupfernickel und Aluminiumbronze für das Jahr 2011,,duplicate_project_pubtype_language,2026-04-16T16:02:43.386869+00:00
102152,808553,2014-02-14,2014-02-04,OB02,MUNICIPALITY,RESTRICTED,SERVICES,DE,ZH,ZH,,71300000,233400.0,CHF,,1,"WSMAG, Walter Salm, Meier & Partner AG","Stadt Zürich
Amt für Hochbauten",False,2026-04-16T11:17:44+00:00,8529afdb-271b-4e53-b67e-bdea4a8996a2,VBZ Busgarage Hardau,,duplicate_project_pubtype_language,2026-04-16T16:02:43.386869+00:00
102980,810145,2014-03-04,2014-01-31,OB02,CANTON_OTHER,OPEN,WORKS,FR,VD,VD,,45000000,,CHF,,1,Climatec SA,,False,2026-04-16T11:17:45+00:00,e21da401-39ad-46d8-bbf8-24940e265d4f,,Fondation Saphir_Site Bellevue à Yverdon-les-Bains,duplicate_project_pubtype_language,2026-04-16T16:02:43.386869+00:00
49500,535077,2010-09-06,2010-09-02,OB02,FEDERATION,OPEN,SUPPLIES,FR,,,,14620000,,CHF,2.0,1,KME Germany AG & Co.KG,,False,2026-04-15T09:09:23+00:00,a951e50f-bd11-4630-9f9d-e544a7b7e2d4,,Procuration des flans en cupro-nickel et bronze d'aluminium pour l'année 2011,duplicate_project_pubtype_language,2026-04-16T16:02:43.386869+00:00
126954,904845,2016-03-04,,OB04,CANTON_OTHER,OPEN,WORKS,FR,VD,VD,,45210000,,CHF,,1,,,False,2026-04-16T12:26:31+00:00,214893e3-4e09-41b3-8e0a-f5ae103aeabf,,Construction et transformation de locaux sur le site de la Fondation Les Eglantines à Vevey,duplicate_project_pubtype_language,2026-04-16T16:02:43.386869+00:00
43100,535653,2010-09-07,2010-09-03,OB02,FEDERATION,OPEN,SERVICES,DE,BE,BE,,71000000,372156.1,CHF,9.0,1,Pöyry Infra AG,"armasuisse Immobilien
Portfolio- und Umweltmanagement / UNS",False,2026-04-15T09:09:23+00:00,b04c3a8d-a8d6-4225-810d-442a9f21b614,Sicherheitskonzepte (SIKO) Starkstromanlagen CH-weit,,duplicate_project_pubtype_language,2026-04-16T16:02:43.386869+00:00
43100,535651,2010-09-07,2010-09-03,OB02,FEDERATION,OPEN,SERVICES,DE,BE,BE,,71000000,238904.3,CHF,9.0,1,Inelplan AG,"armasuisse Immobilien
Portfolio- und Umweltmanagement / UNS",False,2026-04-15T09:09:23+00:00,fcbcf040-3696-4e4e-9dd3-a96bfd421513,Sicherheitskonzepte (SIKO) Starkstromanlagen CH-weit,,duplicate_project_pubtype_language,2026-04-16T16:02:43.386869+00:00
104624,809223,2014-02-28,2013-12-13,OB02,CANTON,OPEN,SUPPLIES,FR,VD,VD,,38000000,242947.0,CHF,9.0,1,Beckman Coulter Insternational SA,,False,2026-04-16T11:17:44+00:00,363d151b-0dfa-4b18-9acf-c8725a55d826,,Achat d'équipements de laboratoire,duplicate_project_pubtype_language,2026-04-16T16:02:43.386869+00:00
43100,535667,2010-09-07,2010-09-03,OB02,FEDERATION,OPEN,SERVICES,DE,BE,BE,,71000000,185287.2,CHF,2.0,1,SSE Engineering AG,"armasuisse Immobilien
Portfolio- und Umweltmanagement / UNS",False,2026-04-15T09:09:23+00:00,ca25c4e1-00df-4fa1-83d1-ce2909c28613,Sicherheitskonzepte (SIKO) Starkstromanlagen CH-weit,,duplicate_project_pubtype_language,2026-04-16T16:02:43.386869+00:00
43100,535659,2010-09-07,2010-09-03,OB02,FEDERATION,OPEN,SERVICES,DE,BE,BE,,71000000,300680.15,CHF,2.0,1,"Perrin & Spaeth, bureau d'ingénieurs conseils SA","armasuisse Immobilien
Portfolio- und Umweltmanagement / UNS",False,2026-04-15T09:09:23+00:00,cc3142a5-098b-4bd2-995c-4a60394f5a04,Sicherheitskonzepte (SIKO) Starkstromanlagen CH-weit,,duplicate_project_pubtype_language,2026-04-16T16:02:43.386869+00:00
19681,488269,2010-05-10,2010-03-24,OB02,CANTON,OPEN,WORKS,DE,SG,SG,,45000000,72849.5,CHF,9.0,1,Alpiq InTec Ost AG,Hochbauamt des Kantons St.Gallen,False,2026-04-15T08:59:19+00:00,ce2e75ea-b1b1-4583-aba7-d4a05416f6e7,Sanierung und Erweiterung der Universität St.Gallen,,duplicate_project_pubtype_language,2026-04-16T16:02:43.386869+00:00
88337,809177,2014-02-25,2013-12-18,OB02,CANTON,OPEN,SERVICES,FR,GE,GE,,79810000,4481089.01,CHF,,1,Xerox SA,,False,2026-04-16T11:17:44+00:00,39120714-2e80-457f-8425-b6f42f7cd1af,,Positionnement des moyens d'impression dans le cadre de leur développement durable au sein des Hôpitaux Universitaires de Genève,duplicate_project_pubtype_language,2026-04-16T16:02:43.386869+00:00
104624,809221,2014-02-28,2013-12-13,OB02,CANTON,OPEN,SUPPLIES,FR,VD,VD,,38000000,59738.0,CHF,9.0,1,Fisher Scientific AG,,False,2026-04-16T11:17:44+00:00,92d7a402-8316-43b6-9eb8-fc09b075f02f,,Achat d'équipements de laboratoire,duplicate_project_pubtype_language,2026-04-16T16:02:43.386869+00:00
4237,402951,2009-08-28,2009-08-24,OB02,FEDERATION,OPEN,SUPPLIES,FR,,,,30200000,1009290.0,CHF,,1,KROMMESS + ROTH AG,,False,2026-04-15T08:46:43+00:00,edfde7b6-1d5c-4eda-85ab-afbe34b15be6,,Acquisition de produits «Tape- et Cleaning Cartridges avec labelling barcode» pour les années 2009 – 2012,duplicate_project_pubtype_language,2026-04-16T16:02:43.386869+00:00
104624,809217,2014-02-28,2013-12-13,OB02,CANTON,OPEN,SUPPLIES,FR,VD,VD,,38600000,106238.38,CHF,6.0,1,Leica Microsystems (Schweiz) AG,,False,2026-04-16T11:17:44+00:00,75215fcb-f2cd-424a-a618-2b1b8fc95fbd,,Achat d'équipements de laboratoire,duplicate_project_pubtype_language,2026-04-16T16:02:43.386869+00:00
104624,809173,2014-02-28,2013-12-13,OB02,CANTON,OPEN,SUPPLIES,FR,VD,VD,,38000000,17489.89,CHF,1.0,1,GE Healthcare Europe GmbH,,False,2026-04-16T11:17:44+00:00,af8a61ad-d8b2-42f0-99d0-c0b89731aa5e,,Achat d'équipements de laboratoire,duplicate_project_pubtype_language,2026-04-16T16:02:43.386869+00:00
126765,888745,2015-11-06,2015-08-31,OB02,CANTON,OPEN,SUPPLIES,FR,GE,GE,,33113100,1597916.0,CHF,3.0,1,"Philips S.A., succursale de Gland",,False,2026-04-16T12:12:53+00:00,80e5eb85-017f-4e34-abf3-ca7d176f2c7c,,IRM 3T et salle de radiologie numérique polyvalente pour l'Hôpital du Valais (HVS),duplicate_project_pubtype_language,2026-04-16T16:02:43.386869+00:00
36252,536349,2010-09-13,2010-08-05,OB02,CANTON,OPEN,WORKS,DE,SG,SG,,45000000,112653.25,CHF,8.0,1,ARGE Pollux AG Rorschach/ Armit AG Zürich,Hochbauamt des Kantons St.Gallen,False,2026-04-15T09:09:23+00:00,7f2ef7fc-783d-4b09-b0fc-202fa936fd71,Neubau der Institute für Pathologie und Rechtsmedizin am Kantonsspital St.Gallen.,,duplicate_project_pubtype_language,2026-04-16T16:02:43.386869+00:00
39096,536429,2010-09-13,2010-08-12,OB02,CANTON,OPEN,WORKS,DE,SG,SG,,45000000,126690.5,CHF,6.0,1,Raschun GmbH,Hochbauamt des Kantons St.Gallen,False,2026-04-15T09:09:23+00:00,1f5d823a-82ac-4e68-abfb-f55c9a6ddfc5,Neubau Fachhochschulzentrum Bahnhof Nord St.Gallen und Parkgarage.,,duplicate_project_pubtype_language,2026-04-16T16:02:43.386869+00:00
105901,809443,2014-03-07,2014-02-05,OB02,MUNICIPALITY,OPEN,WORKS,FR,VD,VD,,45000000,204248.85,CHF,4.0,1,Griesser SA,,False,2026-04-16T11:17:45+00:00,9d4754db-3f2e-420d-8d5b-d1b3010dbfe5,,"Les Fiches Nord - Lots 8 et 9, construction de 8 bâtiments de logements et d'un parking souterrain",duplicate_project_pubtype_language,2026-04-16T16:02:43.386869+00:00
37910,536435,2010-09-13,2010-08-03,OB02,CANTON,OPEN,WORKS,DE,SG,SG,,45000000,321742.3,CHF,8.0,1,Eigenmann AG,Hochbauamt des Kantons St.Gallen,False,2026-04-15T09:09:23+00:00,778213dd-8873-44ab-b2b4-b9421c3c12fb,"Neu- und Umbau Verwaltungszentrum Oberer Graben, St.Gallen",,duplicate_project_pubtype_language,2026-04-16T16:02:43.386869+00:00
105901,809445,2014-03-07,2014-02-05,OB02,MUNICIPALITY,OPEN,WORKS,FR,VD,VD,,45000000,156656.49,CHF,5.0,1,Elitec SA,,False,2026-04-16T11:17:45+00:00,d2af1d6a-5c31-4389-a1da-491765961d9a,,"Les Fiches Nord - Lots 8 et 9, construction de 8 bâtiments de logements et d'un parking souterrain",duplicate_project_pubtype_language,2026-04-16T16:02:43.386869+00:00
104842,809451,2014-03-07,2014-01-16,OB02,MUNICIPALITY,OPEN,WORKS,FR,VD,VD,,45000000,1513664.44,CHF,4.0,1,Multi-Maintenance SA,,False,2026-04-16T11:17:45+00:00,82da9019-8502-4aa9-93b7-c295a53aa386,,"Les Fiches Nord - lots 8 et 9, construction de 8 bâtiments de logements et d'un parking souterrain",duplicate_project_pubtype_language,2026-04-16T16:02:43.386869+00:00
46849,536561,2010-09-18,2010-08-27,OB02,CANTON,OPEN,SERVICES,DE,BE,BE,,85000000,,CHF,2.0,1,Unilabs Mittelland,"Universitäre Psychiatrische Dienste Bern (UPD)
Stab Direktion Psychiatrie",False,2026-04-15T09:09:23+00:00,590f60bc-de3b-4e27-a5a2-74bdfea849a5,Laborleistungen der Universitären Psychiatrischen Dienste Bern (UPD),,duplicate_project_pubtype_language,2026-04-16T16:02:43.386869+00:00
104842,809459,2014-03-07,2014-01-16,OB02,MUNICIPALITY,OPEN,WORKS,FR,VD,VD,,45000000,1827986.62,CHF,7.0,1,G. Baumgartner AG,,False,2026-04-16T11:17:45+00:00,8939b441-0b33-4244-afe9-333912f4e89e,,"Les Fiches Nord - lots 8 et 9, construction de 8 bâtiments de logements et d'un parking souterrain",duplicate_project_pubtype_language,2026-04-16T16:02:43.386869+00:00
104842,809453,2014-03-07,2013-11-20,OB02,MUNICIPALITY,OPEN,WORKS,FR,VD,VD,,45000000,925028.6,CHF,3.0,1,Alvazzi chauffage Lausanne,,False,2026-04-16T11:17:45+00:00,aac75d18-d8fc-41c1-9817-db62b7336d17,,"Les Fiches Nord - lots 8 et 9, construction de 8 bâtiments de logements et d'un parking souterrain",duplicate_project_pubtype_language,2026-04-16T16:02:43.386869+00:00
104842,809457,2014-03-07,2014-01-16,OB02,MUNICIPALITY,OPEN,WORKS,FR,VD,VD,,45000000,2443243.4,CHF,3.0,1,ALVAZZI SANITAIRE LAUSANNE SA,,False,2026-04-16T11:17:45+00:00,e8ce8a0b-35c6-4b29-95f0-e6e8a41f3c5a,,"Les Fiches Nord - lots 8 et 9, construction de 8 bâtiments de logements et d'un parking souterrain",duplicate_project_pubtype_language,2026-04-16T16:02:43.386869+00:00
107830,809405,2014-02-15,,OB06,UTILITY,OPEN,,FR,,,,42113000,,CHF,,0,,,False,2026-04-16T11:17:45+00:00,9e03f597-8601-41dd-852f-19d1b4b21e40,,Nouvelle vanne sphérique et révision des trois vannes pour la centrale électrique d’Amsteg,duplicate_project_pubtype_language,2026-04-16T16:02:43.386869+00:00
36033,492249,2010-05-20,2010-05-12,OB02,FEDERATION,OPEN,SERVICES,DE,BE,BE,,71000000,32420.0,CHF,,1,Bering AG,Bundesamt für Bauten und Logistik (BBL),False,2026-04-15T08:59:20+00:00,f43a2e32-cc04-4a0b-83db-ff7d6b006ab3,"Migration Alarmierung der Bundesverwaltung (BV), Elektroingenieur für Planungsarbeiten und Ausführungsüberwachung.",,duplicate_project_pubtype_language,2026-04-16T16:02:43.386869+00:00
36033,492203,2010-05-20,2010-05-12,OB02,FEDERATION,OPEN,SERVICES,FR,BE,BE,,71000000,48400.0,CHF,,1,etrinex SA,,False,2026-04-15T08:59:20+00:00,21ea6c61-217d-47a4-9dcc-60c8ad11722d,,"Migration du système de transmission de l'alarme de l'admin. fédérale, ingénieur électricien pour des trav. de planifi.et la surveill. de la réalisat.",duplicate_project_pubtype_language,2026-04-16T16:02:43.386869+00:00
105673,809577,2014-02-21,2014-02-17,OB02,MUNICIPALITY,OPEN,WORKS,FR,VS,VS,,45313100,102088.3,CHF,3.0,1,KONE (SUISSE) SA,,False,2026-04-16T11:17:45+00:00,2c5cf482-89e5-4099-93b6-6b5d3fbd5cfb,,Commune de Troistorrents - Construction d'un parking,duplicate_project_pubtype_language,2026-04-16T16:02:43.386869+00:00
39097,538007,2010-09-13,2010-09-08,OB02,FEDERATION,OPEN,SERVICES,FR,BE,BE,,80340000,554905.0,CHF,,1,Schweizerisches Rotes Kreuz Kanton Bern,,False,2026-04-15T09:09:23+00:00,b9945b8d-e84a-4f7d-8d8b-ebd9021c2a55,,(1021) 735 Cours de formation spécifiques à une affectation,duplicate_project_pubtype_language,2026-04-16T16:02:43.386869+00:00
21508,496843,2010-05-28,2010-05-25,OB02,FEDERATION,OPEN,SERVICES,FR,BE,BE,,72260000,1181250.0,CHF,,1,GHR Intext GmbH,,False,2026-04-15T08:59:21+00:00,1bc3a24d-eb4e-42ee-a2f6-b4c46b898823,,Projekt (940) 532 Prestations de services 2009 de la BAC,duplicate_project_pubtype_language,2026-04-16T16:02:43.386869+00:00
103520,809819,2014-02-21,2014-02-21,OB02,UTILITY,OPEN,SUPPLIES,FR,BE,BE,,31154000,3649002.4,CHF,,1,Newave Energy AG,,False,2026-04-16T11:17:45+00:00,3b3c7924-5923-43d1-93a2-4458041769d7,,Alimentation sans coupure (ASC) pour installations spécifiquement ferroviaires (deuxième appel d'offres),duplicate_project_pubtype_language,2026-04-16T16:02:43.386869+00:00
21508,496809,2010-05-28,2010-05-25,OB02,FEDERATION,OPEN,SERVICES,FR,BE,BE,,72260000,972000.0,CHF,,1,Wistar Informatik AG,,False,2026-04-15T08:59:21+00:00,e854462b-f975-49c6-be41-e85ecee7a2c9,,Projekt (940) 532 Prestations de services 2009 de la BAC,duplicate_project_pubtype_language,2026-04-16T16:02:43.386869+00:00
105402,810073,2014-02-25,2014-02-20,OB02,CANTON,OPEN,SUPPLIES,FR,GE,GE,,35200000,,CHF,3.0,1,F.O.R.S.,,False,2026-04-16T11:17:45+00:00,eb51a760-5f61-4252-ad10-8fc31e124735,,Appel d'offres public pour l'acquisition de matériel de protection individuel anti-coup pour la police genevoise,duplicate_project_pubtype_language,2026-04-16T16:02:43.386869+00:00
105402,810059,2014-02-25,2014-02-20,OB02,CANTON,OPEN,SUPPLIES,FR,GE,GE,,35200000,,CHF,3.0,1,MSA Schweiz GmbH,,False,2026-04-16T11:17:45+00:00,4e90e26b-c66a-4b62-a9a8-3f9a5e22635a,,Appel d'offres public pour l'acquisition de matériel de protection individuel anti-coup pour la police genevoise,duplicate_project_pubtype_language,2026-04-16T16:02:43.386869+00:00
102431,810107,2014-03-04,2014-01-31,OB02,CANTON_OTHER,OPEN,WORKS,FR,VD,VD,,45000000,,CHF,,1,Cand Landi SA,,False,2026-04-16T11:17:45+00:00,d88f96cc-2c90-4a21-862c-2db73f00b03e,,Fondation Saphir_Site Bellevue à Yverdon-les-Bains,duplicate_project_pubtype_language,2026-04-16T16:02:43.386869+00:00
102431,810111,2014-03-04,2014-01-31,OB02,CANTON_OTHER,OPEN,WORKS,FR,VD,VD,,45000000,,CHF,,1,Cand-Landi SA,,False,2026-04-16T11:17:45+00:00,9ab2365b-ddf6-45b3-abc5-3bb7ce74be11,,Fondation Saphir_Site Bellevue à Yverdon-les-Bains,duplicate_project_pubtype_language,2026-04-16T16:02:43.386869+00:00
102980,810147,2014-03-04,2014-01-31,OB02,CANTON_OTHER,OPEN,WORKS,FR,VD,VD,,45000000,,CHF,,1,yerly installations sa,,False,2026-04-16T11:17:45+00:00,65eb57bc-d606-4661-9655-c4a7722473a9,,Fondation Saphir_Site Bellevue à Yverdon-les-Bains,duplicate_project_pubtype_language,2026-04-16T16:02:43.386869+00:00
102980,810149,2014-03-04,2014-01-31,OB02,CANTON_OTHER,OPEN,WORKS,FR,VD,VD,,45000000,,CHF,,1,André SA,,False,2026-04-16T11:17:45+00:00,0d0d9e15-90e6-4f5a-96e1-f10eb13564e8,,Fondation Saphir_Site Bellevue à Yverdon-les-Bains,duplicate_project_pubtype_language,2026-04-16T16:02:43.386869+00:00
103664,810159,2014-03-04,2014-01-31,OB02,CANTON_OTHER,OPEN,WORKS,FR,VD,VD,,45000000,,CHF,,1,G. Dentan SA,,False,2026-04-16T11:17:45+00:00,b7425009-83ba-4aba-b4e6-2699725ad606,,Fondation Saphir_Site Bellevue à Yverdon-les-Bains,duplicate_project_pubtype_language,2026-04-16T16:02:43.386869+00:00
102431,810121,2014-03-04,,OB04,CANTON_OTHER,OPEN,WORKS,FR,VD,VD,,45000000,,CHF,,1,,,False,2026-04-16T11:17:45+00:00,b4001d23-3e40-43f9-a83d-9c3713ececf5,,Fondation Saphir_Site Bellevue à Yverdon-les-Bains,duplicate_project_pubtype_language,2026-04-16T16:02:43.386869+00:00
121533,888763,2015-11-13,2015-09-18,OB02,CANTON_OTHER,OPEN,WORKS,FR,VD,VD,,45000000,908051.5,CHF,3.0,1,Georges Dentan S.A.,,False,2026-04-16T12:12:53+00:00,e0986aa8-4ed4-440e-bde4-a4d6b20502c0,,BEX-JARDINS / Quartier de logements durable à mixité élevée,duplicate_project_pubtype_language,2026-04-16T16:02:43.386869+00:00
103664,810157,2014-03-04,2014-01-31,OB02,CANTON_OTHER,OPEN,WORKS,FR,VD,VD,,45000000,,CHF,,1,Brandt SA,,False,2026-04-16T11:17:45+00:00,6d55a894-7374-4e8a-ae20-67042270d34a,,Fondation Saphir_Site Bellevue à Yverdon-les-Bains,duplicate_project_pubtype_language,2026-04-16T16:02:43.386869+00:00
35744,497525,2010-06-02,2010-05-18,OB02,FEDERATION,OPEN,WORKS,FR,BE,BE,,45300000,709732.55,CHF,,1,Consortium Armelec Groupe E Connect SA et ETF SA,,False,2026-04-15T08:59:21+00:00,db2b4158-c418-4413-8393-40f882742761,,"Grolley FR Centre Logisitique et Infrastructure, 1ère étape",duplicate_project_pubtype_language,2026-04-16T16:02:43.386869+00:00
35744,497527,2010-06-02,2010-05-18,OB02,FEDERATION,OPEN,WORKS,FR,BE,BE,,45300000,58367.6,CHF,,1,Groupe E Connect SA,,False,2026-04-15T08:59:21+00:00,d1cb5308-70b3-47ef-8c31-d05b24827750,,"Grolley FR Centre Logisitique et Infrastructure, 1ère étape",duplicate_project_pubtype_language,2026-04-16T16:02:43.386869+00:00
31352,496737,2010-06-04,2010-05-26,OB02,MUNICIPALITY,OPEN,WORKS,FR,VD,VD,,45000000,540122.15,CHF,7.0,1,ALVAZZI VENTILATION SA,,False,2026-04-15T08:59:21+00:00,5da7ab6f-7006-498a-b47e-61a4c78c6e85,,OPL - Opéra de Lausanne,duplicate_project_pubtype_language,2026-04-16T16:02:43.386869+00:00
105905,810099,2014-02-21,2014-02-18,OB02,FEDERATION,OPEN,WORKS,FR,BE,BE,,45310000,572151.6,CHF,4.0,1,Groupe E Connect SA,,False,2026-04-16T11:17:45+00:00,c7c52b32-94da-4179-9c68-0a30d48d3388,,Payerne/VD – Agrandissement des boxes F/A-18,duplicate_project_pubtype_language,2026-04-16T16:02:43.386869+00:00
103664,810155,2014-03-04,2014-01-31,OB02,CANTON_OTHER,OPEN,WORKS,FR,VD,VD,,45000000,,CHF,,1,DUBRIT SA,,False,2026-04-16T11:17:45+00:00,e9e3a4ab-51e1-489e-9f90-ba7388db9281,,Fondation Saphir_Site Bellevue à Yverdon-les-Bains,duplicate_project_pubtype_language,2026-04-16T16:02:43.386869+00:00
121533,888773,2015-11-13,2015-09-18,OB02,CANTON_OTHER,OPEN,WORKS,FR,VD,VD,,45000000,656336.41,CHF,3.0,1,Balzan et Immer S.A.,,False,2026-04-16T12:12:53+00:00,736ccfa8-8376-4a0e-b769-0993e5502cec,,BEX-JARDINS / Quartier de logements durable à mixité élevée,duplicate_project_pubtype_language,2026-04-16T16:02:43.386869+00:00
31352,496795,2010-06-04,2010-05-26,OB02,MUNICIPALITY,OPEN,WORKS,FR,VD,VD,,45000000,652128.05,CHF,8.0,1,Joseph Diémand SA,,False,2026-04-15T08:59:21+00:00,49ca125f-88ec-4ec7-b4d1-13da4a65e751,,OPL - Opéra de Lausanne,duplicate_project_pubtype_language,2026-04-16T16:02:43.386869+00:00
19275,498141,2010-06-04,2010-04-22,OB02,MUNICIPALITY,OPEN,WORKS,FR,VD,VD,,45233225,458649.3,CHF,7.0,1,GRISONI-ZAUGG SA,,False,2026-04-15T08:59:21+00:00,53bf374e-e7c4-443b-b9d3-0f3bd986e383,,Génie civil - Construction et réfection de chemins,duplicate_project_pubtype_language,2026-04-16T16:02:43.386869+00:00
38813,498077,2010-06-04,2010-05-31,OB02,CANTON,OPEN,SUPPLIES,DE,ZH,ZH,,30200000,814286.0,CHF,5.0,1,Dell SA,kdmz,False,2026-04-15T08:59:21+00:00,293499b7-16ca-476a-9bbb-fe049283df61,"Beschaffung Desktop-Computer inkl. Monitor, Maus und Tastatur für die Direktionen Bau und Justiz",,duplicate_project_pubtype_language,2026-04-16T16:02:43.386869+00:00
121533,888759,2015-11-13,2015-09-18,OB02,CANTON_OTHER,OPEN,WORKS,FR,VD,VD,,45000000,2007478.87,CHF,4.0,1,Amédée Berrut SA,,False,2026-04-16T12:12:53+00:00,f2012c60-db4e-48bd-bb6b-a8b6dca8a997,,BEX-JARDINS / Quartier de logements durable à mixité élevée,duplicate_project_pubtype_language,2026-04-16T16:02:43.386869+00:00
25586,496401,2010-06-07,2010-03-25,OB02,CANTON,OPEN,WORKS,DE,SG,SG,,45000000,146962.7,CHF,6.0,1,Pircher GmbH,Hochbauamt des Kantons St.Gallen,False,2026-04-15T08:59:21+00:00,257f5bde-aa7c-4c3a-a37d-9471fc024f70,Sanierung und Erweiterung der Kantonsschule Heerbrugg,,duplicate_project_pubtype_language,2026-04-16T16:02:43.386869+00:00
121533,888771,2015-11-13,2015-09-18,OB02,CANTON_OTHER,OPEN,WORKS,FR,VD,VD,,45000000,1532191.01,CHF,4.0,1,Consortium Sochame,,False,2026-04-16T12:12:53+00:00,3c8f7b6b-79b1-4417-aafd-b75628dfeb65,,BEX-JARDINS / Quartier de logements durable à mixité élevée,duplicate_project_pubtype_language,2026-04-16T16:02:43.386869+00:00
23229,496453,2010-06-07,2010-04-19,OB02,CANTON,OPEN,WORKS,DE,SG,SG,,45262670,244466.3,CHF,5.0,1,Hautle Metallbau AG,Hochbauamt,False,2026-04-15T08:59:21+00:00,eba1f064-e1be-459e-bf89-e8f3fa484211,Neubau der Institute für Pathologie und Rechtsmedizin am Kantonsspital St.Gallen.,,duplicate_project_pubtype_language,2026-04-16T16:02:43.386869+00:00
107298,810321,2014-02-24,2014-02-21,OB02,UTILITY,OPEN,SERVICES,FR,VD,VD,,79413000,,CHF,,1,Chowder Inc,,False,2026-04-16T11:17:45+00:00,783ee3bf-9234-416b-bcef-9c5ecfb8e5ef,,Human Brain Project (HBP) / Blue Brain Project (BBP) Brand Stewardship & Content Development,duplicate_project_pubtype_language,2026-04-16T16:02:43.386869+00:00
121533,888783,2015-11-13,2015-09-29,OB02,CANTON_OTHER,OPEN,WORKS,FR,VD,VD,,45000000,345169.43,CHF,3.0,1,AS Ascenseurs SA,,False,2026-04-16T12:12:53+00:00,e731fe3c-621a-405e-aec7-18be5a307b12,,BEX-JARDINS / Quartier de logements durable à mixité élevée,duplicate_project_pubtype_language,2026-04-16T16:02:43.386869+00:00
38937,500311,2010-06-09,2010-05-31,OB02,FEDERATION,OPEN,SERVICES,DE,BE,BE,,90911200,74109.35,CHF,,1,Vebego Services AG,"armasuisse
Einkauf und Kooperationen
CC WTO",False,2026-04-15T09:03:27+00:00,e7aa8932-affd-42a9-84fe-bdd014a3b0df,Gebäudereinigung Dübendorf,,duplicate_project_pubtype_language,2026-04-16T16:02:43.386869+00:00
107830,810413,2014-02-26,,OB06,UTILITY,OPEN,,FR,,,,42113000,,CHF,,0,,,False,2026-04-16T11:17:45+00:00,805d8b6b-2ba5-4715-88c6-1027e5734746,,Nouvelle vanne sphérique et révision des trois vannes pour la centrale électrique d’Amsteg,duplicate_project_pubtype_language,2026-04-16T16:02:43.386869+00:00
104696,810735,2014-03-07,2014-02-19,OB02,MUNICIPALITY,OPEN,SUPPLIES,DE,ZH,ZH,,03220000,163792.0,CHF,8.0,1,Tenti AG,"Stadt Winterthur
Departement Soziales
Bereich Alter und Pflege",False,2026-04-16T11:17:46+00:00,6a7efae3-a8a2-48d8-b2ef-8da7280997b3,Früchte und Gemüse,,duplicate_project_pubtype_language,2026-04-16T16:02:43.386869+00:00
100261,811015,2014-03-11,2014-01-24,OB02,MUNICIPALITY,OPEN,SUPPLIES,DE,BE,BE,,22000000,4249.5,CHF,,1,Hermann Kuhn AG,Fachstelle Beschaffungswesen Stadt Bern,False,2026-04-16T11:17:46+00:00,b787ac91-a114-4ce5-9b65-d90b45108798,Büro- und Schulmaterial SBZ,,duplicate_project_pubtype_language,2026-04-16T16:02:43.386869+00:00
106571,811097,2014-03-21,2014-02-25,OB02,MUNICIPALITY,OPEN,SUPPLIES,DE,BE,BE,,34144510,2582656.9,CHF,,1,J. Ochsner AG,Fachstelle Beschaffungswesen Stadt Bern,False,2026-04-16T11:17:46+00:00,e66c8697-d829-4345-aa3a-370a0aa43eff,Kehrichtwagen für die Grüngut- und Kehrichtsammlung 2014-2016 in zwei Losen,,duplicate_project_pubtype_language,2026-04-16T16:02:43.386869+00:00
104029,811307,2014-03-04,2014-03-03,OB02,FEDERATION,OPEN,SERVICES,DE,BE,BE,,72260000,8422500.0,CHF,,1,Trivadis AG,"Bundesamt für Bauten und Logistik (BBL)
Öffentliche Ausschreibungen",False,2026-04-16T11:17:46+00:00,759e68c5-4c6e-463f-97d8-4e215ab762d7,(13106) 609 Unterstützungsleistungen Individualentwicklung (.NET / Java / UI) von 2014-2017,,duplicate_project_pubtype_language,2026-04-16T16:02:43.386869+00:00
104029,811315,2014-03-04,2014-03-03,OB02,FEDERATION,OPEN,SERVICES,DE,BE,BE,,72260000,1950000.0,CHF,,1,Unisys (Schweiz) GmbH,"Bundesamt für Bauten und Logistik (BBL)
Öffentliche Ausschreibungen",False,2026-04-16T11:17:46+00:00,da4a9d8d-8710-4dcc-95f5-8d778b2495df,(13106) 609 Unterstützungsleistungen Individualentwicklung (.NET / Java / UI) von 2014-2017,,duplicate_project_pubtype_language,2026-04-16T16:02:43.386869+00:00
104029,811355,2014-03-04,2014-03-03,OB02,FEDERATION,OPEN,SERVICES,DE,BE,BE,,72260000,1640000.0,CHF,,1,msg systems AG,"Bundesamt für Bauten und Logistik (BBL)
Öffentliche Ausschreibungen",False,2026-04-16T11:17:46+00:00,82700ff5-31ad-4640-b87b-1f6732713d1a,(13106) 609 Unterstützungsleistungen Individualentwicklung (.NET / Java / UI) von 2014-2017,,duplicate_project_pubtype_language,2026-04-16T16:02:43.386869+00:00
104029,811329,2014-03-04,2014-03-03,OB02,FEDERATION,OPEN,SERVICES,DE,BE,BE,,72260000,12665000.0,CHF,,1,isolutions AG,"Bundesamt für Bauten und Logistik (BBL)
Öffentliche Ausschreibungen",False,2026-04-16T11:17:46+00:00,311a4f4d-629d-438d-bbb4-f164d386c309,(13106) 609 Unterstützungsleistungen Individualentwicklung (.NET / Java / UI) von 2014-2017,,duplicate_project_pubtype_language,2026-04-16T16:02:43.386869+00:00
105279,811079,2014-03-21,2014-02-25,OB02,MUNICIPALITY,OPEN,WORKS,DE,BE,BE,,45000000,203327.65,CHF,,1,AFG Küchen AG,Fachstelle Beschaffungswesen Stadt Bern,False,2026-04-16T11:17:46+00:00,4a764bc8-dc03-42b7-bc16-b9008a3844ce,"Alters- und Pflegeheim Kühlewil, Neubau Westtrakt",,duplicate_project_pubtype_language,2026-04-16T16:02:43.386869+00:00
121533,888789,2015-11-13,2015-09-18,OB02,CANTON_OTHER,OPEN,WORKS,FR,VD,VD,,45000000,770411.04,CHF,6.0,1,A. Bernasconi S.A. Peinture,,False,2026-04-16T12:12:53+00:00,c0d2d315-b759-4f66-bc07-1db48aeed370,,BEX-JARDINS / Quartier de logements durable à mixité élevée,duplicate_project_pubtype_language,2026-04-16T16:02:43.386869+00:00
104029,811337,2014-03-04,2014-03-03,OB02,FEDERATION,OPEN,SERVICES,FR,BE,BE,,72260000,8422500.0,CHF,,1,Trivadis AG,,False,2026-04-16T11:17:46+00:00,66e45f49-77e7-49ac-b4ac-92bf40fc17f2,,(13106) 609 Prestations de soutien en matière de développement individuel (.NET / Java / UI) de 2014 à 2017,duplicate_project_pubtype_language,2026-04-16T16:02:43.386869+00:00
106577,810949,2014-02-28,,OB06,UTILITY,OPEN,,FR,GE,GE,,45000000,,CHF,,0,,,False,2026-04-16T11:17:46+00:00,388b0ca2-f603-4d48-9719-74a9a273da19,,"Liaison ferroviaire CEVA  – Travaux d’architecture - Travaux stations - Lot A (LStA) - Charpente métallique, façades en verre, ouvrages métalliques, signalétique et installations de chantier.",duplicate_project_pubtype_language,2026-04-16T16:02:43.386869+00:00
105877,811061,2014-03-21,2014-02-25,OB02,MUNICIPALITY,OPEN,WORKS,DE,BE,BE,,45000000,367319.95,CHF,,1,IPS Gebäudetechnik GmbH,Fachstelle Beschaffungswesen Stadt Bern,False,2026-04-16T11:17:46+00:00,74f6e9dd-c5ea-4349-9052-df3af292e919,"VWG Schwanengasse 14, Gesamterneuerung, BKP 230 Elektroinstallationen und BKP 244 Lüftungsanlagen",,duplicate_project_pubtype_language,2026-04-16T16:02:43.386869+00:00
105871,811075,2014-03-21,2014-02-25,OB02,MUNICIPALITY,OPEN,WORKS,DE,BE,BE,,45000000,83144.05,CHF,,1,ABC Elektrotechnik AG,Fachstelle Beschaffungswesen Stadt Bern,False,2026-04-16T11:17:46+00:00,010ac99d-4a76-404a-89bd-0843ca91a7c7,"VWG Schwanengasse 14, Gesamterneuerung, BKP 211.1 Gerüstungen und BKP 231.2 Schaltgerätekombinationen (SGK)",,duplicate_project_pubtype_language,2026-04-16T16:02:43.386869+00:00
105279,811083,2014-03-21,2014-02-25,OB02,MUNICIPALITY,OPEN,WORKS,DE,BE,BE,,45000000,224467.85,CHF,,1,Herrmann Gartenbau AG,Fachstelle Beschaffungswesen Stadt Bern,False,2026-04-16T11:17:46+00:00,5b3cc4a6-1e48-4bff-bc7f-66972c88ea24,"Alters- und Pflegeheim Kühlewil, Neubau Westtrakt",,duplicate_project_pubtype_language,2026-04-16T16:02:43.386869+00:00
105279,811081,2014-03-21,2014-02-25,OB02,MUNICIPALITY,OPEN,WORKS,DE,BE,BE,,45000000,208043.85,CHF,,1,Lüthi-Aufzüge AG,Fachstelle Beschaffungswesen Stadt Bern,False,2026-04-16T11:17:46+00:00,956d2bb3-c3f2-42d8-86bd-aa57931a4245,"Alters- und Pflegeheim Kühlewil, Neubau Westtrakt",,duplicate_project_pubtype_language,2026-04-16T16:02:43.386869+00:00
105064,811127,2014-03-11,2014-01-24,OB02,MUNICIPALITY,OPEN,WORKS,DE,BE,BE,,45000000,329950.25,CHF,,1,hj.aeschbacher ag,Fachstelle Beschaffungswesen Stadt Bern,False,2026-04-16T11:17:46+00:00,674c5367-78ae-4c82-a7dc-3c564f3cdbe7,"Neue Volksschule Brünnen, BKP 240 Heizungsanlagen, BKP 244 Lüftungsanlagen, BKP 250 Sanitäranlagen",,duplicate_project_pubtype_language,2026-04-16T16:02:43.386869+00:00
105064,811131,2014-03-11,2014-01-24,OB02,MUNICIPALITY,OPEN,WORKS,DE,BE,BE,,45000000,532522.3,CHF,,1,MMP KLIMA AG,Fachstelle Beschaffungswesen Stadt Bern,False,2026-04-16T11:17:46+00:00,38e20518-f09e-465a-bd71-b721ba7ab28c,"Neue Volksschule Brünnen, BKP 240 Heizungsanlagen, BKP 244 Lüftungsanlagen, BKP 250 Sanitäranlagen",,duplicate_project_pubtype_language,2026-04-16T16:02:43.386869+00:00
33389,505153,2010-06-21,2010-06-14,OB02,FEDERATION,OPEN,SERVICES,DE,BE,BE,,72260000,3328000.0,CHF,,1,Fasel IT Services GmbH,"Bundesamt für Bauten und Logistik (BBL)
Öffentliche Ausschreibungen",False,2026-04-15T09:03:28+00:00,83ac5120-9b64-454d-a781-374ebd254f80,Projekt (1009) 609 IT-Personalstellung 0110,,duplicate_project_pubtype_language,2026-04-16T16:02:43.386869+00:00
33389,505459,2010-06-21,2010-06-14,OB02,FEDERATION,OPEN,SERVICES,FR,BE,BE,,72260000,3328000.0,CHF,,1,Fasel IT Services GmbH,,False,2026-04-15T09:03:28+00:00,5dcb28fe-754b-4bbf-a04c-e57c442aaca6,,Projet (1009) 609 IT-Personalstellung 0110,duplicate_project_pubtype_language,2026-04-16T16:02:43.386869+00:00
104772,811073,2014-03-11,2014-01-24,OB02,MUNICIPALITY,OPEN,WORKS,DE,BE,BE,,45000000,347077.85,CHF,1.0,1,Ramseyer und Dilger AG,Fachstelle Beschaffungswesen Stadt Bern,False,2026-04-16T11:17:46+00:00,e6100bd0-3d2c-4f0e-8939-ad2e7d211f21,"VWG Schwanengasse 14, Gesamterneuerung, BKP 240 Heizungs- und Kälteanlagen, BKP 250 Sanitäranlagen",,duplicate_project_pubtype_language,2026-04-16T16:02:43.386869+00:00
96309,811357,2014-03-13,2014-03-07,OB02,FEDERATION,OPEN,SERVICES,FR,FR,FR,,71000000,972800.0,CHF,7.0,1,"Groupement AGP, p.a. OPAN Concept Neuchâtel SA",,False,2026-04-16T11:17:46+00:00,1a404d4f-b781-48ae-afd2-c420927f6554,,"EPF1 Conservation du patrimoine Filiale1.
Mise à jour des banques de données KUBA-DB + des objets d'inventaire du système de base (BS) et préparation des bases pour les inspections périodiques.  Période 2014-2018",duplicate_project_pubtype_language,2026-04-16T16:02:43.386869+00:00
96309,811363,2014-03-13,2014-03-06,OB02,FEDERATION,OPEN,SERVICES,FR,FR,FR,,71000000,416050.0,CHF,2.0,1,"Groupement AGP, p.a. OPAN Concept Neuchâtel SA",,False,2026-04-16T11:19:23+00:00,c0cef924-cb0e-4c2d-a171-5329d3cc93a3,,"EPF1 Conservation du patrimoine Filiale1.
Mise à jour des banques de données KUBA-DB + des objets d'inventaire du système de base (BS) et préparation des bases pour les inspections périodiques.  Période 2014-2018",duplicate_project_pubtype_language,2026-04-16T16:02:43.386869+00:00
92885,813963,2014-03-25,2013-04-11,OB02,CANTON,OPEN,WORKS,FR,GE,GE,,45000000,610787.0,CHF,1.0,1,persa sa,,False,2026-04-16T11:19:27+00:00,0cbfa17f-c140-4633-b777-897029a76105,,Construction d'un établissement de mesures en milieu fermé-Projet Curabilis lot CFC 271.3 Cloisons Plâtre-Faux-Plafonds-Peinture,duplicate_project_pubtype_language,2026-04-16T16:02:43.386869+00:00
104029,811371,2014-03-04,2014-03-03,OB02,FEDERATION,OPEN,SERVICES,DE,BE,BE,,72260000,3625000.0,CHF,,1,Puzzle ITC GmbH,"Bundesamt für Bauten und Logistik (BBL)
Öffentliche Ausschreibungen",False,2026-04-16T11:19:23+00:00,329256c7-0630-4b0a-91a8-113c1f3b5fab,(13106) 609 Unterstützungsleistungen Individualentwicklung (.NET / Java / UI) von 2014-2017,,duplicate_project_pubtype_language,2026-04-16T16:02:43.386869+00:00
105856,811571,2014-03-07,2014-02-25,OB02,MUNICIPALITY,OPEN,WORKS,DE,ZH,ZH,,45232460,1132000.0,CHF,,1,Sada AG,"Stadt Zürich
Amt für Hochbauten",False,2026-04-16T11:19:25+00:00,9eb47f3d-54af-45a4-babb-a3e0dcf6e699,Alterszentrum Laubegg,,duplicate_project_pubtype_language,2026-04-16T16:02:43.386869+00:00
105856,811579,2014-03-07,2014-02-25,OB02,MUNICIPALITY,OPEN,WORKS,DE,ZH,ZH,,45315000,371000.0,CHF,,1,Sada AG,"Stadt Zürich
Amt für Hochbauten",False,2026-04-16T11:19:25+00:00,aab9ce47-fd5f-40a3-a658-4114e70d9b8b,Alterszentrum Laubegg,,duplicate_project_pubtype_language,2026-04-16T16:02:43.386869+00:00
121533,888801,2015-11-13,2015-09-18,OB02,CANTON_OTHER,OPEN,WORKS,FR,VD,VD,,45000000,1652642.57,CHF,9.0,1,Grillo & Fils SA,,False,2026-04-16T12:12:53+00:00,e6889391-6c96-454d-ab89-5ad9d7657c32,,BEX-JARDINS / Quartier de logements durable à mixité élevée,duplicate_project_pubtype_language,2026-04-16T16:02:43.386869+00:00
92885,813961,2014-03-25,2013-04-11,OB02,CANTON,OPEN,WORKS,FR,GE,GE,,45000000,94796.0,CHF,1.0,1,persa sa,,False,2026-04-16T11:19:27+00:00,5bac4d69-0495-4a59-9c2a-a310f86ad6fd,,Construction d'un établissement de mesures en milieu fermé-Projet Curabilis lot CFC 271.3 Cloisons Plâtre-Faux-Plafonds-Peinture,duplicate_project_pubtype_language,2026-04-16T16:02:43.386869+00:00
106641,811951,2014-03-14,2014-03-05,OB02,CANTON_OTHER,OPEN,WORKS,FR,VD,VD,,44114250,,CHF,1.0,1,Elément SA Suisse,,False,2026-04-16T11:19:25+00:00,05acb8aa-cdfe-4f1e-af1e-d5566f5aa1b9,,"RENOUVELLEMENT DES GALERIES DE PROTECTION JAMAN AMONT ET NAYE AMONT.
MODIFICATION DE LA PASSERELLE DU TELESKI",duplicate_project_pubtype_language,2026-04-16T16:02:43.386869+00:00
106641,811953,2014-03-14,2014-03-05,OB02,CANTON_OTHER,OPEN,WORKS,FR,VD,VD,,45223210,,CHF,2.0,1,R. Morand & Fils SA,,False,2026-04-16T11:19:25+00:00,e6bd1901-98d1-4ca6-a1e4-f4e8dcc10214,,"RENOUVELLEMENT DES GALERIES DE PROTECTION JAMAN AMONT ET NAYE AMONT.
MODIFICATION DE LA PASSERELLE DU TELESKI",duplicate_project_pubtype_language,2026-04-16T16:02:43.386869+00:00
106641,811955,2014-03-14,2014-03-05,OB02,CANTON_OTHER,OPEN,WORKS,FR,VD,VD,,45000000,,CHF,2.0,1,DENERIAZ SA,,False,2026-04-16T11:19:25+00:00,3c36b173-c3fa-4ace-83e2-b0b7dd5da959,,"RENOUVELLEMENT DES GALERIES DE PROTECTION JAMAN AMONT ET NAYE AMONT.
MODIFICATION DE LA PASSERELLE DU TELESKI",duplicate_project_pubtype_language,2026-04-16T16:02:43.386869+00:00
48227,509515,2010-07-02,,OB01,MUNICIPALITY,OPEN,WORKS,DE,ZH,ZH,,45232430,,CHF,,0,,Gemeinde Affoltern am Albis,False,2026-04-15T09:03:28+00:00,e18a6d23-38cf-4815-aeb0-40ee59e58d3d,Sanierung und Erweiterung Freibad Stigeli,,duplicate_project_pubtype_language,2026-04-16T16:02:43.386869+00:00
106005,811987,2014-03-06,2014-03-04,OB02,FEDERATION,OPEN,WORKS,DE,BE,BE,,45000000,62283.9,CHF,,1,Tulux AG,Bundesamt für Bauten und Logistik (BBL),False,2026-04-16T11:19:25+00:00,27b06267-3db0-496a-b54b-a83faf15e5ac,"Schweizerisches Landesmuseum (SLM) Zürich, Sanierung des Kunstgewerbeschulflügels und erstellen eines Erweiterungsbau, Etappe B",,duplicate_project_pubtype_language,2026-04-16T16:02:43.386869+00:00
39813,511787,2010-07-05,2010-06-30,OB02,FEDERATION,OPEN,WORKS,DE,BE,BE,,45000000,126828.65,CHF,7.0,1,Walo Bertschinger AG,armasuisse Immobilien,False,2026-04-15T09:03:29+00:00,795e281b-2bac-4355-9868-0edad9a6c0b5,"Thun, Dufourkaserne / Verpflegungszentrum
- 1. Submissionspaket",,duplicate_project_pubtype_language,2026-04-16T16:02:43.386869+00:00
39813,511779,2010-07-05,2010-06-30,OB02,FEDERATION,OPEN,WORKS,DE,BE,BE,,45000000,74550.65,CHF,4.0,1,Walo Bertschinger AG,armasuisse Immobilien,False,2026-04-15T09:03:29+00:00,1a8121aa-c54f-4068-84f0-6f639040be5f,"Thun, Dufourkaserne / Verpflegungszentrum
- 1. Submissionspaket",,duplicate_project_pubtype_language,2026-04-16T16:02:43.386869+00:00
106563,812145,2014-03-07,2014-03-05,OB02,FEDERATION,OPEN,WORKS,FR,FR,FR,,45342000,544507.6,CHF,6.0,1,Charmoy J.F. S.A.,,False,2026-04-16T11:19:25+00:00,5e6ea0f1-3edf-4e1f-9930-68dc0df6792e,,N01.06.100063 / Clo. Clôtures Versoix-Gland - Renouvellement des clôtures bordant l’AR N01 - Travaux 2014,duplicate_project_pubtype_language,2026-04-16T16:02:43.386869+00:00
106563,812151,2014-03-07,2014-03-05,OB02,FEDERATION,OPEN,WORKS,FR,FR,FR,,45342000,537851.7,CHF,6.0,1,Charmoy J.F. S.A.,,False,2026-04-16T11:19:25+00:00,c356688e-1621-4490-9c0b-4f671439c085,,N01.06.100063 / Clo. Clôtures Versoix-Gland - Renouvellement des clôtures bordant l’AR N01 - Travaux 2014,duplicate_project_pubtype_language,2026-04-16T16:02:43.386869+00:00
106605,812637,2014-03-11,2014-03-05,OB02,CANTON_OTHER,OPEN,WORKS,FR,BE,BE,,45240000,36226.75,CHF,4.0,1,Annoni SA,,False,2026-04-16T11:19:26+00:00,6a5de2b8-d529-496d-bb50-97e0c596efe8,,"Construction d'un réservoir de 500 m3
Conduites de liaisons longueur 1'125 mètres",duplicate_project_pubtype_language,2026-04-16T16:02:43.386869+00:00
104277,812441,2014-03-14,2014-03-06,OB02,FEDERATION,OPEN,SERVICES,FR,BE,BE,,79633000,97500.0,CHF,,1,cedac - entwicklung assessment beratung ag,,False,2026-04-16T11:19:26+00:00,eafc7db9-9ae1-4673-95f1-88e19b3218a5,,(1343) 704 Assessments,duplicate_project_pubtype_language,2026-04-16T16:02:43.386869+00:00
104277,812439,2014-03-14,2014-03-06,OB02,FEDERATION,OPEN,SERVICES,DE,BE,BE,,79633000,97500.0,CHF,,1,cedac - entwicklung assessment beratung ag,"Staatssekretariat für Wirtschaft SECO,
Organisation, Recht und Akkredditierung, Ressort Personal (OAPE)",False,2026-04-16T11:19:26+00:00,8da99881-cfd7-4869-bdcd-a382b8ee13b6,(1343) 704 Assessments,,duplicate_project_pubtype_language,2026-04-16T16:02:43.386869+00:00
99032,812577,2014-03-18,2013-12-06,OB02,CANTON,OPEN,WORKS,FR,GE,GE,,45454100,97920.0,CHF,,1,zem rohner peinture décorative et en décor du patrimoine,,False,2026-04-16T11:19:26+00:00,b0065d9d-941a-4be8-aeb1-ed9459af2f8b,,"Transformation et rénovation des bâtiments UNI-BASTIONS
CFC 285.2 Restauration intérieure Philosophes
Staff - Peinture - Restauration d'art",duplicate_project_pubtype_language,2026-04-16T16:02:43.386869+00:00
106605,812641,2014-03-11,2014-03-05,OB02,CANTON_OTHER,OPEN,WORKS,FR,BE,BE,,45240000,45130.0,CHF,1.0,1,ROMAG AG,,False,2026-04-16T11:19:26+00:00,ed2dfbd0-160b-48a5-a9bc-a0fd323f60a7,,"Construction d'un réservoir de 500 m3
Conduites de liaisons longueur 1'125 mètres",duplicate_project_pubtype_language,2026-04-16T16:02:43.386869+00:00
108875,822907,2014-06-24,2014-06-23,OB02,UTILITY,OPEN,SUPPLIES,DE,BE,BE,,31321300,3000000.0,CHF,,1,Brugg Kabel AG,"Konzerneinkauf
Verbrauchsgüter",False,2026-04-16T11:25:21+00:00,3e207550-6802-4866-b629-8a9172084e7b,Kupferkabel,,duplicate_project_pubtype_language,2026-04-16T16:02:43.386869+00:00
106605,812643,2014-03-11,2014-03-05,OB02,CANTON_OTHER,OPEN,WORKS,FR,BE,BE,,45240000,68581.6,CHF,3.0,1,Pascal Schaer,,False,2026-04-16T11:19:26+00:00,f7cf411b-dc33-4a18-86d2-e24671e57c13,,"Construction d'un réservoir de 500 m3
Conduites de liaisons longueur 1'125 mètres",duplicate_project_pubtype_language,2026-04-16T16:02:43.386869+00:00
106605,812651,2014-03-11,2014-03-05,OB02,CANTON_OTHER,OPEN,WORKS,FR,BE,BE,,45240000,11776.05,CHF,6.0,1,Pascal Schaer,,False,2026-04-16T11:19:26+00:00,5e1a1ac6-1315-499e-889a-777f03509753,,"Construction d'un réservoir de 500 m3
Conduites de liaisons longueur 1'125 mètres",duplicate_project_pubtype_language,2026-04-16T16:02:43.386869+00:00
106605,812659,2014-03-11,2014-03-05,OB02,CANTON_OTHER,OPEN,WORKS,FR,BE,BE,,45240000,99009.4,CHF,4.0,1,Perfora.SA,,False,2026-04-16T11:19:26+00:00,4378b0f3-6730-49cd-bfaa-482c927feba0,,"Construction d'un réservoir de 500 m3
Conduites de liaisons longueur 1'125 mètres",duplicate_project_pubtype_language,2026-04-16T16:02:43.386869+00:00
106605,812665,2014-03-11,2014-03-05,OB02,CANTON_OTHER,OPEN,WORKS,FR,BE,BE,,45240000,88076.3,CHF,8.0,1,Torti Frères S.A.,,False,2026-04-16T11:19:26+00:00,b98499c2-2e0d-4d25-888d-03b4f862e533,,"Construction d'un réservoir de 500 m3
Conduites de liaisons longueur 1'125 mètres",duplicate_project_pubtype_language,2026-04-16T16:02:43.386869+00:00
106605,812657,2014-03-11,2014-03-05,OB02,CANTON_OTHER,OPEN,WORKS,FR,BE,BE,,45240000,65170.25,CHF,8.0,1,F.Hänzi SA,,False,2026-04-16T11:19:26+00:00,79864123-cb16-4695-b719-940bf053ef99,,"Construction d'un réservoir de 500 m3
Conduites de liaisons longueur 1'125 mètres",duplicate_project_pubtype_language,2026-04-16T16:02:43.386869+00:00
106605,812653,2014-03-11,2014-03-05,OB02,CANTON_OTHER,OPEN,WORKS,FR,BE,BE,,45240000,262046.1,CHF,6.0,1,Annoni SA,,False,2026-04-16T11:19:26+00:00,b90033fd-38ec-4595-81c8-3ab39d4ae5f9,,"Construction d'un réservoir de 500 m3
Conduites de liaisons longueur 1'125 mètres",duplicate_project_pubtype_language,2026-04-16T16:02:43.386869+00:00
106605,812669,2014-03-11,2014-03-05,OB02,CANTON_OTHER,OPEN,WORKS,FR,BE,BE,,45240000,75231.8,CHF,4.0,1,Jean-Paul Stalder,,False,2026-04-16T11:19:26+00:00,c19c6431-3aa4-4fa4-8a10-94bad85fcc74,,"Construction d'un réservoir de 500 m3
Conduites de liaisons longueur 1'125 mètres",duplicate_project_pubtype_language,2026-04-16T16:02:43.386869+00:00
106605,812647,2014-03-11,2014-03-05,OB02,CANTON_OTHER,OPEN,WORKS,FR,BE,BE,,45240000,32491.0,CHF,2.0,1,ROMAG AG,,False,2026-04-16T11:19:26+00:00,e1cba43b-6e04-4017-8a03-ebdbc26242fc,,"Construction d'un réservoir de 500 m3
Conduites de liaisons longueur 1'125 mètres",duplicate_project_pubtype_language,2026-04-16T16:02:43.386869+00:00
110306,813273,2014-03-21,,OB01,MUNICIPALITY,OPEN,WORKS,DE,ZH,ZH,,45000000,,CHF,,0,,Politische Gemeinde Wallisellen,False,2026-04-16T11:19:26+00:00,118417b4-addb-401a-82ea-b4dce452a5a3,Umbau und Erweiterung Alterszentrum Wägelwiesen (AZW) 8304 Wallisellen,,duplicate_project_pubtype_language,2026-04-16T16:02:43.386869+00:00
125328,888833,2015-11-06,2015-09-10,OB02,CANTON,OPEN,SUPPLIES,FR,VD,VD,,33111000,90000.0,CHF,3.0,1,Siemens Schweiz AG,,False,2026-04-16T12:12:53+00:00,8fd0f693-a2c3-4c4a-a263-e5bec3140f65,,Systèmes de radioscopie mobile destinés à différents services du CHUV.,duplicate_project_pubtype_language,2026-04-16T16:02:43.386869+00:00
104454,800357,2013-11-30,,OB04,UTILITY,OPEN,SUPPLIES,FR,VD,VD,,39113500,,CHF,,1,,,False,2026-04-16T11:11:51+00:00,2a869840-6ae8-4fbe-bd4d-de7ab2f8ebb7,,EPFL-DII / Constructions -  Mobilier pour le Swiss Tech Convention Center (STCC),duplicate_project_pubtype_language,2026-04-16T16:02:43.386869+00:00
130863,892743,2016-01-06,2015-11-18,OB02,MUNICIPALITY,OPEN,WORKS,DE,BE,BE,,45000000,334641.0,CHF,,1,Biollay Spezialbau AG,Fachstelle Beschaffungswesen Stadt Bern,False,2026-04-16T12:17:21+00:00,353b06d1-05c0-46ed-b822-5a92025107b5,"Ersatzneubau Stöckacker Süd
BKP 281.0 Anhydritunterlagsboden, 281.0 Anhydritbelag farbig eingefärbt als Fertigbelag, 281.1 Hartbeton und Zementüberzüge",,duplicate_project_pubtype_language,2026-04-16T16:02:43.386869+00:00
34337,513883,2010-07-19,2010-04-14,OB02,MUNICIPALITY,OPEN,WORKS,FR,GE,GE,,45332000,1700510.6,CHF,4.0,1,Alpiq InTec Romandie SA,,False,2026-04-15T09:06:22+00:00,8467d0a4-53d4-45d0-83cd-b1aeb0846870,,Lieu intergénérationnel et aménagement du centre du village de Meinier,duplicate_project_pubtype_language,2026-04-16T16:02:43.386869+00:00
31352,516919,2010-07-23,2010-07-14,OB02,MUNICIPALITY,OPEN,WORKS,FR,VD,VD,,45000000,1390506.7,CHF,3.0,1,Alpiq InTec Romandie SA,,False,2026-04-15T09:06:22+00:00,15d1d930-8e83-465e-b610-c0545b7e2014,,OPL - Opéra de Lausanne,duplicate_project_pubtype_language,2026-04-16T16:02:43.386869+00:00
35344,516957,2010-07-23,2010-07-06,OB02,CANTON,OPEN,SERVICES,DE,ZH,ZH,,71300000,225960.0,CHF,22.0,0,"Locher AG Zürich, Ingenieure","Baudirektion Kanton Zürich
Tiefbauamt / Fachstelle Lärmschutz",False,2026-04-15T09:06:22+00:00,b263ee8e-9730-43f6-8e69-f495bc778205,"Lärmsanierung der Staatsstrassen, Gemeinden der Sanierungsregionen ICH, OLN,SRN; Projektingenieur",,duplicate_project_pubtype_language,2026-04-16T16:02:43.386869+00:00
106892,813209,2014-03-21,2014-03-11,OB02,MUNICIPALITY,OPEN,WORKS,DE,ZH,ZH,,45210000,886376.45,CHF,,1,ERNE AG Bauunternehmung,"Stadt Zürich
Amt für Hochbauten",False,2026-04-16T11:19:26+00:00,809e5be4-7891-4363-998f-716413f70d6c,"Neubau Hort
8032 Zürich-Hotingen",,duplicate_project_pubtype_language,2026-04-16T16:02:43.386869+00:00
42625,518767,2010-07-27,2010-07-19,OB02,FEDERATION,OPEN,WORKS,FR,BE,BE,,45000000,70358.2,CHF,,1,PolyForce SA,,False,2026-04-15T09:06:22+00:00,a08f36f5-c003-4899-a396-2259f7d2b8d5,,"Grolley FR Centre Logistique et Infrastructure, 1ère étape",duplicate_project_pubtype_language,2026-04-16T16:02:43.386869+00:00
104538,813455,2014-06-24,2014-02-05,OB02,MUNICIPALITY_OTHER,OPEN,WORKS,FR,GE,GE,,45000000,,CHF,,1,Sottas SA,,False,2026-04-16T11:19:26+00:00,59a7a162-7386-41fd-9aac-bf20309dda63,,Construction d'un amortisseur de bruit pour avions sur l'aire Sud,duplicate_project_pubtype_language,2026-04-16T16:02:43.386869+00:00
39514,519729,2010-07-30,2010-07-21,OB02,MUNICIPALITY,OPEN,WORKS,FR,VD,VD,,45000000,633274.0,CHF,6.0,1,Pasche Sanitaire SA,,False,2026-04-15T09:06:23+00:00,5d52eb00-5a21-4042-9d6c-475ba2088614,,Bellerive-Plage,duplicate_project_pubtype_language,2026-04-16T16:02:43.386869+00:00
41537,516099,2010-08-04,,OB01,MUNICIPALITY,OPEN,WORKS,DE,BE,BE,,45453100,,CHF,,0,,Burgergemeinde Bern,False,2026-04-15T09:06:22+00:00,b90cddd3-80e1-4853-9477-ebd0d5215b8e,"Umbau und Sanierung Burgerspittel im Viererfeld, Bern",,duplicate_project_pubtype_language,2026-04-16T16:02:43.386869+00:00
24917,521085,2010-08-02,2010-07-07,OB02,CANTON,OPEN,WORKS,DE,SG,SG,,45000000,482922.55,CHF,9.0,1,Klarer Fenster AG,Hochbauamt des Kantons St.Gallen,False,2026-04-15T09:06:23+00:00,e2c09490-78d2-4f5e-8e8d-7acf449f243d,"Neu- und Umbau Verwaltungszentrum Oberer Graben, St.Gallen",,duplicate_project_pubtype_language,2026-04-16T16:02:43.386869+00:00
38936,522165,2010-08-03,2010-06-09,OB02,CANTON,OPEN,SUPPLIES,FR,VD,VD,,31100000,493647.28,CHF,3.0,1,Knürr AG,,False,2026-04-15T09:06:23+00:00,c00e5882-ad64-445d-856b-96685e1925b7,,AO_Data-Center,duplicate_project_pubtype_language,2026-04-16T16:02:43.386869+00:00
40806,526277,2010-08-16,2010-07-01,OB02,CANTON,OPEN,WORKS,DE,SG,SG,,45000000,266960.8,CHF,2.0,1,Eberhard Bühnen AG,Hochbauamt des Kantons St.Gallen,False,2026-04-15T09:06:23+00:00,dac97cdf-45df-4d72-adff-3010908a3645,Sanierung und Erweiterung der Kantonsschule Heerbrugg,,duplicate_project_pubtype_language,2026-04-16T16:02:43.386869+00:00
36252,526265,2010-08-16,2010-06-18,OB02,CANTON,OPEN,WORKS,DE,SG,SG,,45112700,575390.9,CHF,4.0,1,Christian Waldburger AG,Hochbauamt des Kantons St.Gallen,False,2026-04-15T09:06:23+00:00,1ec5eb1c-a879-469e-bb1f-5adedd802be3,Neubau der Institute für Pathologie und Rechtsmedizin am Kantonsspital St.Gallen.,,duplicate_project_pubtype_language,2026-04-16T16:02:43.386869+00:00
45755,527205,2010-08-18,2010-08-11,OB02,FEDERATION,OPEN,SERVICES,FR,FR,FR,,71300000,205383.0,CHF,6.0,1,DIC SA,,False,2026-04-15T09:09:20+00:00,13fe216f-0c0f-42ee-a777-07d96f857489,,"N9Ant.Vennes-Chexbres Ouvrages Art
Réhabilitation des murs ancrés 2011",duplicate_project_pubtype_language,2026-04-16T16:02:43.386869+00:00
35039,528051,2010-08-23,2010-06-08,OB02,CANTON,OPEN,WORKS,DE,SG,SG,,45000000,507267.3,CHF,9.0,1,Beat Brönnimann Gmbh,"Amt für Vermögensverwaltung, Liegenschaften",False,2026-04-15T09:09:21+00:00,f6c271ba-9a05-4d4b-90f8-7d0354e5c109,"Wohnüberbauung Furglerstrasse, St. Gallen: Neubau 10 Mehrfamilienhäuser mit Tiefgarage",,duplicate_project_pubtype_language,2026-04-16T16:02:43.386869+00:00
35039,528055,2010-08-23,2010-07-09,OB02,CANTON,OPEN,WORKS,DE,SG,SG,,45000000,1344318.45,CHF,6.0,1,ARGE Dawag AG / Clerici AG,"Amt für Vermögensverwaltung, Liegenschaften",False,2026-04-15T09:09:21+00:00,46ad7e77-ffea-4d53-8f13-f765c49761bb,"Wohnüberbauung Furglerstrasse, St. Gallen: Neubau 10 Mehrfamilienhäuser mit Tiefgarage",,duplicate_project_pubtype_language,2026-04-16T16:02:43.386869+00:00
114750,831955,2014-08-09,,OB06,CANTON_OTHER,OPEN,,DE,BS,BS,,33696500,,CHF,,0,,"Universitätsspital Basel
Rechtsdienst & Compliance
Sekretariat",False,2026-04-16T11:31:29+00:00,533a0b2d-e605-4b1b-a18b-8489262501f1,Automation Klinische Chemie,,duplicate_project_pubtype_language,2026-04-16T16:02:43.386869+00:00
107811,814305,2014-03-28,2014-03-19,OB02,MUNICIPALITY,OPEN,WORKS,DE,ZH,ZH,,45000000,94109.2,CHF,,1,GGZ Gartenbau,"Stadt Zürich
Amt für Hochbauten",False,2026-04-16T11:19:27+00:00,738f94ce-0a31-435d-a72c-5cbb69592475,Neubau Schulhausprovisorien ZM10; Gärtnerarbeiten,,duplicate_project_pubtype_language,2026-04-16T16:02:43.386869+00:00
107811,814341,2014-03-28,2014-03-21,OB02,MUNICIPALITY,OPEN,WORKS,DE,ZH,ZH,,45000000,224924.0,CHF,,1,Garten Holenstein,"Stadt Zürich
Amt für Hochbauten",False,2026-04-16T11:19:27+00:00,128ea779-571d-4961-8437-b2b83ad3373a,Neubau Schulhausprovisorien ZM10; Gärtnerarbeiten,,duplicate_project_pubtype_language,2026-04-16T16:02:43.386869+00:00
44812,531269,2010-08-25,2010-08-13,OB02,FEDERATION,OPEN,WORKS,DE,BE,BE,,45000000,330400.0,CHF,2.0,1,Alpic InTec West AG,armasuisse Immobilien,False,2026-04-15T09:09:22+00:00,811da87a-6047-40de-9fa9-41bfd878e6b0,"Thun, Dufourkaserne / Verpflegungszentrum
- 2. Submissionspaket",,duplicate_project_pubtype_language,2026-04-16T16:02:43.386869+00:00
107650,814665,2014-03-28,2014-03-24,OB02,MUNICIPALITY,OPEN,WORKS,DE,ZH,ZH,,45210000,635042.65,CHF,,1,Robert Spleiss AG,"Stadt Zürich
Amt für Hochbauten",False,2026-04-16T11:19:27+00:00,fa3aa181-6f5f-4c6d-b74f-7ac4224e4ed7,"Verwaltungszentrum Werd, Instandsetzung Pavillon und Einbau Jurierungsräume",,duplicate_project_pubtype_language,2026-04-16T16:02:43.386869+00:00
107650,814723,2014-03-28,2014-03-25,OB02,MUNICIPALITY,OPEN,WORKS,DE,ZH,ZH,,45232460,148560.55,CHF,,1,Benzenhofer AG,"Stadt Zürich
Amt für Hochbauten",False,2026-04-16T11:21:19+00:00,414cf385-71e4-4a85-9b6a-d6f098fe6bd3,"Verwaltungszentrum Werd, Instandsetzung Pavillon und Einbau Jurierungsräume",,duplicate_project_pubtype_language,2026-04-16T16:02:43.386869+00:00
42617,531383,2010-08-26,2010-08-17,OB02,FEDERATION,OPEN,SERVICES,DE,BE,BE,,77300000,143845.8,CHF,,1,Stähli Gartengestaltung GmbH,Bundesamt für Bauten und Logistik (BBL),False,2026-04-15T09:09:22+00:00,509c6b69-95fe-4217-88bf-07c4d18942e8,Grünflächenpflege bei diversen zivilen Gebäuden des Bundes.,,duplicate_project_pubtype_language,2026-04-16T16:02:43.386869+00:00
42617,531313,2010-08-26,2010-08-17,OB02,FEDERATION,OPEN,SERVICES,DE,BE,BE,,77300000,163136.6,CHF,,1,Kuster Gärten AG,Bundesamt für Bauten und Logistik (BBL),False,2026-04-15T09:09:22+00:00,28dd6f90-d0a3-4f19-9267-9ad4c8e8bd4e,Grünflächenpflege bei diversen zivilen Gebäuden des Bundes.,,duplicate_project_pubtype_language,2026-04-16T16:02:43.386869+00:00
42617,531369,2010-08-26,2010-08-17,OB02,FEDERATION,OPEN,SERVICES,FR,BE,BE,,77300000,101226.4,CHF,,1,Stähli Gartengestaltung GmbH,,False,2026-04-15T09:09:22+00:00,301c995e-926c-4453-900b-f2d9a3932da0,,Entretien des espaces verts de divers immeubles civils de la Confédération,duplicate_project_pubtype_language,2026-04-16T16:02:43.386869+00:00
107248,814531,2014-04-11,2014-03-11,OB02,CANTON_OTHER,OPEN,WORKS,FR,FR,FR,,45000000,431140.85,CHF,9.0,1,Zmoos SA,,False,2026-04-16T11:19:27+00:00,edad5ac4-8678-4102-9fa4-11bf8daedbed,,Travaux de génie civil pour la pose d'une batterie de tubes PE sur 4340 m en 2 lots de 2200 m (lot 1) et 2140 m (lot 2).,duplicate_project_pubtype_language,2026-04-16T16:02:43.386869+00:00
42993,529543,2010-08-27,2010-08-18,OB02,MUNICIPALITY,OPEN,WORKS,FR,VD,VD,,45000000,202755.3,CHF,3.0,1,Blanc & Cie SA,,False,2026-04-15T09:09:22+00:00,6806a1ac-8a18-420c-bc98-9cd983a1dc1e,,Collège de Villamont,duplicate_project_pubtype_language,2026-04-16T16:02:43.386869+00:00
21690,533153,2010-08-31,2010-08-23,OB02,FEDERATION,OPEN,SERVICES,DE,BE,BE,,72260000,3866400.0,CHF,,1,Business & Decision Espace AG,"Bundesamt für Bauten und Logistik (BBL)
Öffentliche Ausschreibungen",False,2026-04-15T09:09:22+00:00,aad83a8c-844f-49ce-a11e-a9986cb86229,Projekt (941) 609 IT Personalstellung von 2010 – 2013 im CCSAP des BIT,,duplicate_project_pubtype_language,2026-04-16T16:02:43.386869+00:00
21690,533355,2010-08-31,2010-08-23,OB02,FEDERATION,OPEN,SERVICES,FR,BE,BE,,72260000,2342006.0,CHF,,1,IT-Logix AG,,False,2026-04-15T09:09:22+00:00,fd3b3a48-436c-4024-a820-f4e09eda9610,,Projet (941) 609 Mise à disposition de personnel IT de 2010 – 2013 au CCSAP à l'OFIT,duplicate_project_pubtype_language,2026-04-16T16:02:43.386869+00:00
33273,533577,2010-08-31,2010-08-23,OB02,FEDERATION,OPEN,SERVICES,DE,BE,BE,,72260000,391425.0,CHF,,1,WIB Solutions AG,"Bundesamt für Bauten und Logistik (BBL)
Öffentliche Ausschreibungen",False,2026-04-15T09:09:22+00:00,a68d66f0-5496-4675-b63a-a29a47fc4c01,Projekt (1008) 609 SIS@BFS LE BIT,,duplicate_project_pubtype_language,2026-04-16T16:02:43.386869+00:00
21690,533325,2010-08-31,2010-08-23,OB02,FEDERATION,OPEN,SERVICES,FR,BE,BE,,72260000,1297000.0,CHF,,1,Cirrus Consulting AG,,False,2026-04-15T09:09:22+00:00,1a03ed46-94ff-4702-8076-8fa380dca025,,Projet (941) 609 Mise à disposition de personnel IT de 2010 – 2013 au CCSAP à l'OFIT,duplicate_project_pubtype_language,2026-04-16T16:02:43.386869+00:00
33273,533597,2010-08-31,2010-08-23,OB02,FEDERATION,OPEN,SERVICES,DE,BE,BE,,72260000,768000.0,CHF,,1,Win2you GmbH,"Bundesamt für Bauten und Logistik (BBL)
Öffentliche Ausschreibungen",False,2026-04-15T09:09:22+00:00,81a86178-8686-4bad-ac94-a44e1d2d2420,Projekt (1008) 609 SIS@BFS LE BIT,,duplicate_project_pubtype_language,2026-04-16T16:02:43.386869+00:00
33273,533631,2010-08-31,2010-08-23,OB02,FEDERATION,OPEN,SERVICES,DE,BE,BE,,72260000,471750.0,CHF,,1,PENTAG Informatik AG,"Bundesamt für Bauten und Logistik (BBL)
Öffentliche Ausschreibungen",False,2026-04-15T09:09:22+00:00,e17d4aae-a55b-4dfb-8390-0e42546e8ea4,Projekt (1008) 609 SIS@BFS LE BIT,,duplicate_project_pubtype_language,2026-04-16T16:02:43.386869+00:00
49021,534659,2010-09-02,2010-09-01,OB02,OTHER,OPEN,SERVICES,FR,AG,AG,,79221000,1636.35,CHF,5.0,1,KPMG AG,,False,2026-04-15T09:09:23+00:00,96907d95-68e1-442e-ae1a-b1787d59136d,,„Due Diligence“ pour Swissgrid,duplicate_project_pubtype_language,2026-04-16T16:02:43.386869+00:00
49021,534649,2010-09-02,2010-09-01,OB02,OTHER,OPEN,SERVICES,FR,AG,AG,,66171000,2716.6,CHF,5.0,1,PricewaterhouseCoopers AG,,False,2026-04-15T09:09:23+00:00,48898f5a-7ed4-4a0b-9fd4-fedb74f5831a,,„Due Diligence“ für Swissgrid,duplicate_project_pubtype_language,2026-04-16T16:02:43.386869+00:00
35855,532579,2010-09-03,2010-06-23,OB02,CANTON,OPEN,SUPPLIES,FR,VS,VS,,34410000,65700.0,CHF,1.0,1,Claude Urfer SA,,False,2026-04-15T09:09:22+00:00,a78ae24c-bf02-466e-b160-0ed00a3aa6ce,,Véhicules automobiles de Police 2010,duplicate_project_pubtype_language,2026-04-16T16:02:43.386869+00:00
21690,533365,2010-09-03,2010-08-23,OB02,FEDERATION,OPEN,SERVICES,FR,BE,BE,,72260000,3866400.0,CHF,,1,Business & Decision Espace AG,,False,2026-04-15T09:09:22+00:00,5a9020a7-3125-4675-8a56-6476c8a1038e,,Projet (941) 609 Mise à disposition de personnel IT de 2010 – 2013 au CCSAP à l'OFIT,duplicate_project_pubtype_language,2026-04-16T16:02:43.386869+00:00
38686,531707,2010-09-03,2010-07-27,OB02,CANTON_OTHER,OPEN,SUPPLIES,FR,FR,FR,,31000000,977400.0,CHF,5.0,1,Siemens Suisse SA,,False,2026-04-15T09:09:22+00:00,13b24c01-0478-493b-9f0f-871c7704e70c,,Gorgier - Construction poste HT,duplicate_project_pubtype_language,2026-04-16T16:02:43.386869+00:00
102794,815171,2014-04-04,2014-03-24,OB02,CANTON_OTHER,OPEN,WORKS,DE,AG,AG,,45231400,509933.0,CHF,,1,Wilcop AG,Axpo Power AG,False,2026-04-16T11:21:21+00:00,4d6085d6-86a1-4dc5-af94-f09070793381,"Netzanschluss PSW Linth Limmern, Korrosionsschutz",,duplicate_project_pubtype_language,2026-04-16T16:02:43.386869+00:00
104215,815217,2014-03-28,2014-03-28,OB02,UTILITY,OPEN,SUPPLIES,FR,BE,BE,,30213200,1611941.76,CHF,,1,Coop,,False,2026-04-16T11:21:21+00:00,7973be2b-2390-4693-8347-6f27b5033b8c,,Appareils mobiles CFF,duplicate_project_pubtype_language,2026-04-16T16:02:43.386869+00:00
104215,815211,2014-03-28,2014-03-28,OB02,UTILITY,OPEN,SUPPLIES,FR,BE,BE,,32252000,8455426.56,CHF,,1,Coop,,False,2026-04-16T11:21:21+00:00,42a48a74-a25c-4075-b8fc-cd8791fecd14,,Appareils mobiles CFF,duplicate_project_pubtype_language,2026-04-16T16:02:43.386869+00:00
98780,815315,2014-04-04,2014-03-26,OB02,CANTON,RESTRICTED,SUPPLIES,DE,ZH,ZH,,18310000,568750.0,CHF,3.0,1,Cross Fashion Ltd,"Sicherheitsdirektion Kanton Zürich
Amt für Militär und Zivilschutz",False,2026-04-16T11:21:21+00:00,ccae114e-44d3-46cc-a335-8839fa1b02c6,Funktionelles Bekleidungssystem Layer 1-3,,duplicate_project_pubtype_language,2026-04-16T16:02:43.386869+00:00
49500,535067,2010-09-06,2010-09-02,OB02,FEDERATION,OPEN,SUPPLIES,FR,,,,14620000,,CHF,2.0,1,KME Germany AG & Co.KG,,False,2026-04-15T09:09:23+00:00,7a6e3ae3-2e70-458f-9bed-390e37ddd0d1,,Procuration des flans en cupro-nickel et bronze d'aluminium pour l'année 2011,duplicate_project_pubtype_language,2026-04-16T16:02:43.386869+00:00
49500,535075,2010-09-06,2010-09-02,OB02,FEDERATION,OPEN,SUPPLIES,FR,,,,14620000,,CHF,2.0,1,KME Germany AG & Co.KG,,False,2026-04-15T09:09:23+00:00,946f40ed-82a3-4c94-ac46-0065f09239c7,,Procuration des flans en cupro-nickel et bronze d'aluminium pour l'année 2011,duplicate_project_pubtype_language,2026-04-16T16:02:43.386869+00:00
49500,535073,2010-09-06,2010-09-02,OB02,FEDERATION,OPEN,SUPPLIES,FR,,,,14620000,,CHF,2.0,1,KME Germany AG & Co.KG,,False,2026-04-15T09:09:23+00:00,d58352e1-d5cd-473f-a67f-c837114a667d,,Procuration des flans en cupro-nickel et bronze d'aluminium pour l'année 2011,duplicate_project_pubtype_language,2026-04-16T16:02:43.386869+00:00
274145,1402101,2024-03-06,,OB06,MUNICIPALITY,OPEN,WORKS,FR,GE,GE,,32322000,,CHF,,0,,,False,2026-04-14T22:55:45+00:00,d1ad3cb8-6ce3-4c9a-86f2-cb810ba41f59,,Acquisition de matériel audio et vidéo pour 3 salles,duplicate_project_pubtype_language,2026-04-16T16:02:43.386869+00:00
143829,957103,2017-03-07,2017-03-01,OB02,FEDERATION,RESTRICTED,SUPPLIES,FR,,,,30216120,846730.0,CHF,,1,mobit ag,,False,2026-04-16T13:02:24+00:00,69b41a7b-bf29-4248-b05e-f1b850afdc03,,Mil Office 5,duplicate_project_pubtype_language,2026-04-16T16:02:43.386869+00:00
43100,535643,2010-09-07,2010-09-03,OB02,FEDERATION,OPEN,SERVICES,DE,BE,BE,,71000000,135856.65,CHF,9.0,1,Inelplan AG,"armasuisse Immobilien
Portfolio- und Umweltmanagement / UNS",False,2026-04-15T09:09:23+00:00,8954ccae-4f11-4ac5-b061-1367e6a7adf5,Sicherheitskonzepte (SIKO) Starkstromanlagen CH-weit,,duplicate_project_pubtype_language,2026-04-16T16:02:43.386869+00:00
53589,536963,2010-09-09,,OB01,MUNICIPALITY,OPEN,WORKS,DE,BE,BE,,45232400,,CHF,,0,,"Stadtbauamt
Fachbereich Tiefbau",False,2026-04-15T09:09:23+00:00,afd0ac55-41e4-4cf0-abd5-1a7e5df0a380,Kanalisation Murgenthalstrasse Rohrvortrieb,,duplicate_project_pubtype_language,2026-04-16T16:02:43.386869+00:00
98086,815793,2014-04-04,2014-03-31,OB02,FEDERATION,OPEN,SUPPLIES,FR,BE,BE,,30197630,8533798.4,CHF,,1,Papyrus Schweiz AG,,False,2026-04-16T11:21:22+00:00,dc628032-e8e2-4e8a-81b6-f960f6b25e17,,(1346) 620 Papier pour imprimantes et appareils multifonctions,duplicate_project_pubtype_language,2026-04-16T16:02:43.386869+00:00
98086,815799,2014-04-04,2014-03-31,OB02,FEDERATION,OPEN,SUPPLIES,FR,BE,BE,,30197630,1658592.0,CHF,,1,Papyrus Schweiz AG,,False,2026-04-16T11:21:22+00:00,0ef5e19a-4fae-43d3-ae69-f445fd330044,,(1346) 620 Papier pour imprimantes et appareils multifonctions,duplicate_project_pubtype_language,2026-04-16T16:02:43.386869+00:00
98086,815829,2014-04-04,2014-03-31,OB02,FEDERATION,OPEN,SUPPLIES,FR,BE,BE,,30197630,301368.0,CHF,,1,Papyrus Schweiz AG,,False,2026-04-16T11:21:22+00:00,2c14a81d-cb71-4d1d-ab9e-e46d5dd60795,,(1346) 620 Papier pour imprimantes et appareils multifonctions,duplicate_project_pubtype_language,2026-04-16T16:02:43.386869+00:00
39097,537997,2010-09-13,2010-09-08,OB02,FEDERATION,OPEN,SERVICES,DE,BE,BE,,80340000,554905.0,CHF,,1,Schweizerisches Rotes Kreuz Kanton Bern,Vollzugsstelle für den Zivildienst (ZIVI),False,2026-04-15T09:09:23+00:00,47e47a57-2e75-45bb-8ed2-a1f596842a8e,(1021) 735 Einsatzspezifische Ausbildungskurse für Zivildienstleistende,,duplicate_project_pubtype_language,2026-04-16T16:02:43.386869+00:00
39097,537973,2010-09-13,2010-09-08,OB02,FEDERATION,OPEN,SERVICES,DE,BE,BE,,80340000,732681.0,CHF,,1,Schweizerisches Rotes Kreuz Kanton Bern,Vollzugsstelle für den Zivildienst (ZIVI),False,2026-04-15T09:09:23+00:00,7a10397b-d8a0-4a16-8a54-424b0256cebd,(1021) 735 Einsatzspezifische Ausbildungskurse für Zivildienstleistende,,duplicate_project_pubtype_language,2026-04-16T16:02:43.386869+00:00
39097,537953,2010-09-13,2010-09-08,OB02,FEDERATION,OPEN,SERVICES,DE,BE,BE,,80340000,2432049.0,CHF,,1,Agogis,Vollzugsstelle für den Zivildienst (ZIVI),False,2026-04-15T09:09:23+00:00,921d5335-b270-4bda-be97-9fc6065065ad,(1021) 735 Einsatzspezifische Ausbildungskurse für Zivildienstleistende,,duplicate_project_pubtype_language,2026-04-16T16:02:43.386869+00:00
42558,537745,2010-09-13,2010-09-09,OB02,FEDERATION,OPEN,SERVICES,FR,BE,BE,,79310000,461703.0,CHF,,1,MIS Trend SA,,False,2026-04-15T09:09:23+00:00,7ba7287c-313b-4f9e-9142-b69db16b55f9,,"(1026) 706 ""PISA 2012 - Codification, Saisie, Administration tests""",duplicate_project_pubtype_language,2026-04-16T16:02:43.386869+00:00
42558,537743,2010-09-13,2010-09-09,OB02,FEDERATION,OPEN,SERVICES,DE,BE,BE,,79310000,461703.0,CHF,,1,MIS Trend SA,"Bundesamt für Bauten und Logistik (BBL)
Öffentliche Ausschreibungen",False,2026-04-15T09:09:23+00:00,0a255a42-7fca-4cba-b0cc-bdc390a6ac4c,"(1026) 706 ""PISA 2012 - Kodierung, Datenerfassung, Testadministration""",,duplicate_project_pubtype_language,2026-04-16T16:02:43.386869+00:00
39097,537983,2010-09-13,2010-09-08,OB02,FEDERATION,OPEN,SERVICES,FR,BE,BE,,80340000,732681.0,CHF,,1,Schweizerisches Rotes Kreuz Kanton Bern,,False,2026-04-15T09:09:23+00:00,cfb2dc5b-5cb7-4ef5-9c4a-686a96791381,,(1021) 735 Cours de formation spécifiques à une affectation,duplicate_project_pubtype_language,2026-04-16T16:02:43.386869+00:00
105852,815443,2014-03-29,2014-03-28,OB02,UTILITY,OPEN,SUPPLIES,DE,,,,42122450,,CHF,2.0,1,SAES GETTERS S.p.A.,Paul Scherrer Institut,False,2026-04-16T11:21:21+00:00,502ac1b0-7450-4c9d-bbcb-4fe3d6eca8d6,UHV Pumpen,,duplicate_project_pubtype_language,2026-04-16T16:02:43.386869+00:00
24917,536321,2010-09-13,2010-08-13,OB02,CANTON,OPEN,WORKS,DE,SG,SG,,45000000,4831202.35,CHF,6.0,1,Tuchschmid AG,Hochbauamt des Kantons St.Gallen,False,2026-04-15T09:09:23+00:00,772b38d5-6161-4806-8fb1-aec4c19a94db,"Neu- und Umbau Verwaltungszentrum Oberer Graben, St.Gallen",,duplicate_project_pubtype_language,2026-04-16T16:02:43.386869+00:00
105852,815447,2014-03-29,2014-03-28,OB02,UTILITY,OPEN,SUPPLIES,EN,,,,42122450,,CHF,2.0,1,SAES GETTERS S.p.A.,Paul Scherrer Institut,False,2026-04-16T11:21:21+00:00,d31897e0-07f3-46c4-8c81-403c3fbfdf7d,UHV Pumps,,duplicate_project_pubtype_language,2026-04-16T16:02:43.386869+00:00
98086,815803,2014-04-04,2014-03-31,OB02,FEDERATION,OPEN,SUPPLIES,DE,BE,BE,,30197630,301368.0,CHF,,1,Papyrus Schweiz AG,"Bundesamt für Bauten und Logistik BBL Bern, Eidgenössische Technische Hochschule ETH Zürich und Schul- und Büromaterialzentrale (SBZ) Bern",False,2026-04-16T11:21:22+00:00,a2769c08-054f-4110-ab47-a59f537e1db9,(1346) 620 Papier für MF-Geräte und Drucker,,duplicate_project_pubtype_language,2026-04-16T16:02:43.386869+00:00
98086,815801,2014-04-04,2014-03-31,OB02,FEDERATION,OPEN,SUPPLIES,DE,BE,BE,,30197630,168768.0,CHF,,1,Papyrus Schweiz AG,"Bundesamt für Bauten und Logistik BBL Bern, Eidgenössische Technische Hochschule ETH Zürich und Schul- und Büromaterialzentrale (SBZ) Bern",False,2026-04-16T11:21:22+00:00,d9cb2ea9-e06d-4e12-85a6-2bd01cbf0fa0,(1346) 620 Papier für MF-Geräte und Drucker,,duplicate_project_pubtype_language,2026-04-16T16:02:43.386869+00:00
104361,815557,2014-04-04,2014-03-31,OB02,MUNICIPALITY,OPEN,WORKS,DE,ZH,ZH,,45210000,210585.9,CHF,,1,Wanner AG,"Stadt Zürich
Amt für Hochbauten",False,2026-04-16T11:21:22+00:00,10323e83-3429-4cd4-bd59-d15af6634917,Schulhaus Bläsi,,duplicate_project_pubtype_language,2026-04-16T16:02:43.386869+00:00
34333,539651,2010-09-17,2010-09-16,OB02,UTILITY,OPEN,WORKS,FR,GE,GE,,45000000,18980.64,CHF,4.0,1,LICHT + RAUM AG,,False,2026-04-15T09:09:23+00:00,87dccef3-fbf4-48ef-baf0-a8f5afcd5f7e,,"Gare de Genève Cornavin / Transformation des parties d'ouvrages A, B, C et E",duplicate_project_pubtype_language,2026-04-16T16:02:43.386869+00:00
135584,916641,2016-06-14,2016-04-25,OB02,MUNICIPALITY,OPEN,WORKS,DE,BE,BE,,45000000,104708.55,CHF,,1,Vontobel Abbruch + Aushub AG,Fachstelle Beschaffungswesen Stadt Bern,False,2026-04-16T12:34:51+00:00,b156e4d5-30d2-4ab0-8891-330241c5ff43,Gesamtsanierung und Erweiterung VS Manuel,,duplicate_project_pubtype_language,2026-04-16T16:02:43.386869+00:00
34333,539637,2010-09-17,2010-09-16,OB02,UTILITY,OPEN,WORKS,FR,GE,GE,,45000000,106602.5,CHF,6.0,1,LICHT + RAUM AG,,False,2026-04-15T09:09:23+00:00,a926100a-7113-435e-8fdd-0692e2c87c10,,"Gare de Genève Cornavin / Transformation des parties d'ouvrages A, B, C et E",duplicate_project_pubtype_language,2026-04-16T16:02:43.386869+00:00
107650,815929,2014-04-11,2014-03-31,OB02,MUNICIPALITY,OPEN,WORKS,DE,ZH,ZH,,45331000,435303.05,CHF,,1,Koster AG,"Stadt Zürich
Amt für Hochbauten",False,2026-04-16T11:21:22+00:00,cd073e20-e7b0-499b-aa11-27ba049603ce,"Verwaltungszentrum Werd, Instandsetzung Pavillon und Einbau Jurierungsräume",,duplicate_project_pubtype_language,2026-04-16T16:02:43.386869+00:00
34669,535779,2010-09-20,2010-09-08,OB02,CANTON,OPEN,SERVICES,DE,AG,AG,,72200000,21631276.0,CHF,,1,Bedag Informatik AG,e-comtrust international AG,False,2026-04-15T09:09:23+00:00,0512823d-0364-4c2a-841c-c981de3c19e8,Auslagerung VIACAR,,duplicate_project_pubtype_language,2026-04-16T16:02:43.386869+00:00
105833,815613,2014-04-08,2014-03-31,OB02,MUNICIPALITY,OPEN,SERVICES,FR,GE,GE,,90919300,20005.06,CHF,10.0,1,ib services sarl,,False,2026-04-16T11:21:22+00:00,5363a6b9-f6cf-4825-a472-c0f7651d70ec,,Nettovit_13 - Prestations de nettoyage des vitres des bâtiments scolaires de la Ville de Genève.,duplicate_project_pubtype_language,2026-04-16T16:02:43.386869+00:00
105833,815653,2014-04-08,2014-03-31,OB02,MUNICIPALITY,OPEN,SERVICES,FR,GE,GE,,90919300,29862.0,CHF,10.0,1,TN-TECHNIQUE DU NETTOYAGE,,False,2026-04-16T11:21:22+00:00,61982548-14da-4d9b-a878-353556e80a43,,Nettovit_13 - Prestations de nettoyage des vitres des bâtiments scolaires de la Ville de Genève.,duplicate_project_pubtype_language,2026-04-16T16:02:43.386869+00:00
105833,815657,2014-04-08,2014-03-31,OB02,MUNICIPALITY,OPEN,SERVICES,FR,GE,GE,,90919300,15873.71,CHF,10.0,1,ib services sarl,,False,2026-04-16T11:21:22+00:00,adfffe6e-5aa4-4c92-baa6-ea78b0d489cf,,Nettovit_13 - Prestations de nettoyage des vitres des bâtiments scolaires de la Ville de Genève.,duplicate_project_pubtype_language,2026-04-16T16:02:43.386869+00:00
105833,815627,2014-04-08,2014-03-31,OB02,MUNICIPALITY,OPEN,SERVICES,FR,GE,GE,,90919300,13731.77,CHF,10.0,1,ib services sarl,,False,2026-04-16T11:21:22+00:00,facf1509-552b-4558-9cbe-3d3661f27f13,,Nettovit_13 - Prestations de nettoyage des vitres des bâtiments scolaires de la Ville de Genève.,duplicate_project_pubtype_language,2026-04-16T16:02:43.386869+00:00
105833,815641,2014-04-08,2014-03-31,OB02,MUNICIPALITY,OPEN,SERVICES,FR,GE,GE,,90919300,19089.81,CHF,10.0,1,Net Inter sa,,False,2026-04-16T11:21:22+00:00,56ca58f9-5855-4be0-97b5-47d27a639fce,,Nettovit_13 - Prestations de nettoyage des vitres des bâtiments scolaires de la Ville de Genève.,duplicate_project_pubtype_language,2026-04-16T16:02:43.386869+00:00
105833,815659,2014-04-08,2014-03-31,OB02,MUNICIPALITY,OPEN,SERVICES,FR,GE,GE,,90919300,16091.17,CHF,10.0,1,Net Inter sa,,False,2026-04-16T11:21:22+00:00,e8938236-2bca-498c-97c5-748f78fdbc8e,,Nettovit_13 - Prestations de nettoyage des vitres des bâtiments scolaires de la Ville de Genève.,duplicate_project_pubtype_language,2026-04-16T16:02:43.386869+00:00
105833,815647,2014-04-08,2014-03-31,OB02,MUNICIPALITY,OPEN,SERVICES,FR,GE,GE,,90919300,22417.34,CHF,10.0,1,TN-TECHNIQUE DU NETTOYAGE,,False,2026-04-16T11:21:22+00:00,92a0e008-faed-4c88-931e-7f498a0c5f03,,Nettovit_13 - Prestations de nettoyage des vitres des bâtiments scolaires de la Ville de Genève.,duplicate_project_pubtype_language,2026-04-16T16:02:43.386869+00:00
102210,816059,2014-04-03,2014-03-25,OB02,UTILITY,OPEN,SUPPLIES,DE,ZH,ZH,,31682210,,CHF,,1,"Kinemetrics, Inc.","Eidgenössisch Technische Hochschule Zürich
Schweizerischer Erdbebendienst",False,2026-04-16T11:21:22+00:00,7d47680d-3aa7-42cb-a350-e9783f86c3a0,Sensoren und Datenlogger für das Schweizerische (seismische) Starkbebenmessnetz SSMNet,,duplicate_project_pubtype_language,2026-04-16T16:02:43.386869+00:00
105833,815673,2014-04-08,2014-03-31,OB02,MUNICIPALITY,OPEN,SERVICES,FR,GE,GE,,90919300,18713.94,CHF,10.0,1,Net Inter sa,,False,2026-04-16T11:21:22+00:00,edbb7c44-1fb8-4c16-a013-ae683d515802,,Nettovit_13 - Prestations de nettoyage des vitres des bâtiments scolaires de la Ville de Genève.,duplicate_project_pubtype_language,2026-04-16T16:02:43.386869+00:00
105833,815677,2014-04-08,2014-03-31,OB02,MUNICIPALITY,OPEN,SERVICES,FR,GE,GE,,90919300,10905.84,CHF,10.0,1,ib services sarl,,False,2026-04-16T11:21:22+00:00,95cd1ff6-9834-4d84-8306-52ab2d5b4d5b,,Nettovit_13 - Prestations de nettoyage des vitres des bâtiments scolaires de la Ville de Genève.,duplicate_project_pubtype_language,2026-04-16T16:02:43.386869+00:00
105833,815665,2014-04-08,2014-03-31,OB02,MUNICIPALITY,OPEN,SERVICES,FR,GE,GE,,90919300,9785.86,CHF,10.0,1,Net Inter sa,,False,2026-04-16T11:21:22+00:00,9ca337cf-f097-4bca-88e7-8d32b724fc13,,Nettovit_13 - Prestations de nettoyage des vitres des bâtiments scolaires de la Ville de Genève.,duplicate_project_pubtype_language,2026-04-16T16:02:43.386869+00:00
105833,815671,2014-04-08,2014-03-31,OB02,MUNICIPALITY,OPEN,SERVICES,FR,GE,GE,,90919300,11651.47,CHF,10.0,1,ib services sarl,,False,2026-04-16T11:21:22+00:00,c0d5c961-b515-4d48-b7ae-dd1c59076656,,Nettovit_13 - Prestations de nettoyage des vitres des bâtiments scolaires de la Ville de Genève.,duplicate_project_pubtype_language,2026-04-16T16:02:43.386869+00:00
41132,546433,2010-10-08,2010-10-01,OB02,UTILITY,OPEN,SUPPLIES,DE,BE,BE,,42995000,335067.0,CHF,,1,Rapid Technik AG,"SBB AG
Einkauf Infrastruktur
Fahrzeugmanagement",False,2026-04-15T09:13:09+00:00,d946e1aa-d5dc-4172-bcca-0b27364bc3d8,Beschaffung und Instandhaltung Reinigungsfahrzeuge Rail clean,,duplicate_project_pubtype_language,2026-04-16T16:02:43.386869+00:00
105833,815675,2014-04-08,2014-03-31,OB02,MUNICIPALITY,OPEN,SERVICES,FR,GE,GE,,90919300,33038.71,CHF,10.0,1,Net Inter sa,,False,2026-04-16T11:21:22+00:00,c46a9254-53d9-4c6e-b38e-9c2a81191189,,Nettovit_13 - Prestations de nettoyage des vitres des bâtiments scolaires de la Ville de Genève.,duplicate_project_pubtype_language,2026-04-16T16:02:43.386869+00:00
40806,541593,2010-09-27,2010-08-23,OB02,CANTON,OPEN,WORKS,DE,SG,SG,,45000000,2508112.3,CHF,8.0,1,Cofely AG,Hochbauamt des Kantons St.Gallen,False,2026-04-15T09:09:24+00:00,941a36f5-ec4f-4531-9565-830883c963d6,Sanierung und Erweiterung der Kantonsschule Heerbrugg,,duplicate_project_pubtype_language,2026-04-16T16:02:43.386869+00:00
40806,541595,2010-09-27,2010-08-23,OB02,CANTON,OPEN,WORKS,DE,SG,SG,,45000000,1611698.0,CHF,2.0,1,Spirig Vogel Haustech GmbH,Hochbauamt des Kantons St.Gallen,False,2026-04-15T09:09:24+00:00,86533831-ab48-4b02-8c6c-2b6b10dd388b,Sanierung und Erweiterung der Kantonsschule Heerbrugg,,duplicate_project_pubtype_language,2026-04-16T16:02:43.386869+00:00
44812,544385,2010-09-30,2010-09-28,OB02,FEDERATION,OPEN,WORKS,DE,BE,BE,,45000000,159248.0,CHF,3.0,1,Gehrig Group AG,armasuisse Immobilien,False,2026-04-15T09:13:09+00:00,450f18bd-17a7-4b55-b88d-ef12ad16d781,"Thun, Dufourkaserne / Verpflegungszentrum
- 2. Submissionspaket",,duplicate_project_pubtype_language,2026-04-16T16:02:43.386869+00:00
102210,816063,2014-04-03,2014-03-25,OB02,UTILITY,OPEN,SUPPLIES,FR,ZH,ZH,,31682210,,CHF,,1,"Kinemetrics, Inc.",,False,2026-04-16T11:21:22+00:00,b73d7aa9-f36f-4d1b-ac99-30d0ed816422,,Capteurs et Enregistreurs pour le Réseau (sismique) Accérélométrique Suisse SSMNet,duplicate_project_pubtype_language,2026-04-16T16:02:43.386869+00:00
136683,903771,2016-02-23,,OB06,FEDERATION,OPEN,,DE,BE,BE,,45000000,,CHF,,0,,armasuisse Immobilien,False,2026-04-16T12:24:15+00:00,055e1fe0-487c-4350-8bf3-e1c602a06139,"Othmarsingen, Armeelogistikcenter, Etappe 2.3, Haustechnikanlagen, BKP 240",,duplicate_project_pubtype_language,2026-04-16T16:02:43.386869+00:00
41539,545387,2010-10-04,2010-09-22,OB02,FEDERATION,OPEN,SERVICES,FR,BE,BE,,80340000,756000.0,CHF,,1,Verein Naturnetz,,False,2026-04-15T09:13:09+00:00,1516eb34-6af9-491e-9e04-6caa5cc0341c,,"(1020) 735 ""Affectations de civilistes à des tâches de protection de la nature""",duplicate_project_pubtype_language,2026-04-16T16:02:43.386869+00:00
109045,816237,2014-05-02,2014-03-28,OB02,CANTON_OTHER,OPEN,SUPPLIES,DE,ZG,ZG,,33113100,,CHF,,1,Siemens Schweiz AG,Zuger Kantonsspital AG,False,2026-04-16T11:21:22+00:00,55932fa7-95d7-445c-a2fa-1d28a55dadb0,Submission Grossgeräte Radiologie,,duplicate_project_pubtype_language,2026-04-16T16:02:43.386869+00:00
41132,546465,2010-10-08,2010-10-01,OB02,UTILITY,OPEN,SUPPLIES,FR,BE,BE,,42995000,575999.0,CHF,,1,Hako Schweiz AG,,False,2026-04-15T09:13:09+00:00,5b822344-f770-4526-b769-11d9db92fb79,,Obtention et maintien des machines a nettoyer Rail clean,duplicate_project_pubtype_language,2026-04-16T16:02:43.386869+00:00
111179,816289,2014-04-09,,OB06,CANTON,RESTRICTED,,DE,BS,BS,,38300000,,CHF,,0,,Universität Basel,False,2026-04-16T11:21:22+00:00,6bd30862-5a43-44d4-883c-6eae13f8fe5f,Cryofree Dilution Fridge,,duplicate_project_pubtype_language,2026-04-16T16:02:43.386869+00:00
41132,546429,2010-10-08,2010-10-01,OB02,UTILITY,OPEN,SUPPLIES,DE,BE,BE,,42995000,575999.0,CHF,,1,Hako Schweiz AG,"SBB AG
Einkauf Infrastruktur
Fahrzeugmanagement",False,2026-04-15T09:13:09+00:00,30eaadfc-0ba9-4d31-ab63-9bd490d25f71,Beschaffung und Instandhaltung Reinigungsfahrzeuge Rail clean,,duplicate_project_pubtype_language,2026-04-16T16:02:43.386869+00:00
106860,801527,2013-12-13,,OB05,MUNICIPALITY,OPEN,WORKS,DE,ZH,ZH,,45230000,,CHF,,0,,"Stadtverwaltung Wetzikon
Abteilung Bau",False,2026-04-16T11:11:52+00:00,a7025c1b-0ef5-4c7e-b056-8ec69827f58c,Erneuerung Ringwilerstrasse,,duplicate_project_pubtype_language,2026-04-16T16:02:43.386869+00:00
106703,816525,2014-04-07,2014-03-31,OB02,UTILITY,OPEN,SERVICES,DE,BE,BE,,50700000,1038480.0,CHF,4.0,1,ISS Schweiz AG,Schweizerische Bundesbahnen SBB  AG - Immobilien,False,2026-04-16T11:21:22+00:00,a887d4fa-1124-45fe-a9d2-d55a60c02257,Dienstleistung Technisches Facility Management Bahnhöfe,,duplicate_project_pubtype_language,2026-04-16T16:02:43.386869+00:00
72053,816527,2014-09-26,2014-03-05,OB02,CANTON,OPEN,WORKS,FR,VD,VD,,45216114,386363.0,CHF,,1,Manuel Nieto Sàrl,,False,2026-04-16T11:21:22+00:00,c952366d-ce59-4e8d-88ca-017a0d4255a8,,Affaire n° 467 - Reconstruction du Parlement,duplicate_project_pubtype_language,2026-04-16T16:02:43.386869+00:00
72053,816523,2014-09-26,2014-03-13,OB02,CANTON,OPEN,WORKS,FR,VD,VD,,45216114,96355.1,CHF,,1,Schindler Ascenseurs SA,,False,2026-04-16T11:21:22+00:00,0259ec96-d793-447b-99a6-b81749d47567,,Affaire n° 467 - Reconstruction du Parlement,duplicate_project_pubtype_language,2026-04-16T16:02:43.386869+00:00
104553,816659,2014-04-22,2014-01-30,OB02,CANTON,OPEN,WORKS,FR,VD,VD,,45000000,995265.9,CHF,,1,Groupe E Connect SA,,False,2026-04-16T11:21:23+00:00,32cdd436-b8fd-4f84-ad0e-2f6b077ac64b,,Assainissement des installations techniques CVRSE-MCR du bâtiment de l'HEIG-VD à Yverdon-les-Bains,duplicate_project_pubtype_language,2026-04-16T16:02:43.386869+00:00
104553,816671,2014-04-22,2014-01-23,OB02,CANTON,OPEN,WORKS,FR,VD,VD,,45000000,540496.75,CHF,,1,Régent Appareils d'éclairage SA,,False,2026-04-16T11:21:23+00:00,fe9e1b70-0994-449f-b77d-09b486dbac5a,,Assainissement des installations techniques CVRSE-MCR du bâtiment de l'HEIG-VD à Yverdon-les-Bains,duplicate_project_pubtype_language,2026-04-16T16:02:43.386869+00:00
34192,556355,2010-11-08,2010-09-08,OB02,CANTON,OPEN,SUPPLIES,DE,SG,SG,,45000000,675869.1,CHF,4.0,1,Tulux AG,Hochbauamt des Kantons St.Gallen,False,2026-04-15T09:13:11+00:00,1fe46172-e7a9-4379-a0fc-62939866b9d4,Neubau Fachhochschulzentrum Bahnhof Nord St.Gallen und Parkgarage,,duplicate_project_pubtype_language,2026-04-16T16:02:43.386869+00:00
104553,816681,2014-04-22,2014-01-15,OB02,CANTON,OPEN,WORKS,FR,VD,VD,,45000000,210844.66,CHF,,1,Siemens SA,,False,2026-04-16T11:21:23+00:00,68cb37d5-f818-4ecd-905f-31a18fb6a9bd,,Assainissement des installations techniques CVRSE-MCR du bâtiment de l'HEIG-VD à Yverdon-les-Bains,duplicate_project_pubtype_language,2026-04-16T16:02:43.386869+00:00
107538,816759,2014-04-17,2014-04-07,OB02,MUNICIPALITY,OPEN,WORKS,DE,ZH,ZH,,45210000,520842.15,CHF,,1,Jaisli Xamax AG,"Stadt Zürich
Amt für Hochbauten",False,2026-04-16T11:21:23+00:00,fa3352d1-fb0a-410d-a5c3-7a536eca1f6d,VBZ Tramdepot Irchel,,duplicate_project_pubtype_language,2026-04-16T16:02:43.386869+00:00
107713,817201,2014-04-17,2014-04-08,OB02,MUNICIPALITY,OPEN,WORKS,DE,ZH,ZH,,45232460,222795.0,CHF,,1,Preisig AG,"Stadt Zürich
Amt für Hochbauten",False,2026-04-16T11:21:23+00:00,d2dae93d-1ca0-49ca-bd09-129ecb8286d8,"BAV 27308 Liegenschaft Beckenhof /
BAV 80457 Kindergarten Beckenhof",,duplicate_project_pubtype_language,2026-04-16T16:02:43.386869+00:00
101491,816845,2014-05-23,2014-05-23,OB02,UTILITY,OPEN,SERVICES,DE,BE,BE,,79000000,,CHF,2.0,1,Trad8 Sàrl,"Schweizerische Bundesbahnen, Einkauf Konzerndienstleistungen und Print",False,2026-04-16T11:21:23+00:00,838f8b37-4851-47d6-b5e3-528ec5fb570b,"Übersetzungsdienstleistungen, bahntechnisch",,duplicate_project_pubtype_language,2026-04-16T16:02:43.386869+00:00
101491,816855,2014-05-23,2014-05-23,OB02,UTILITY,OPEN,SERVICES,DE,BE,BE,,79000000,,CHF,2.0,1,Andrea Grasselli,"Schweizerische Bundesbahnen, Einkauf Konzerndienstleistungen und Print",False,2026-04-16T11:21:23+00:00,c8e8a058-fa99-4cf8-a4ac-dd771a599125,"Übersetzungsdienstleistungen, bahntechnisch",,duplicate_project_pubtype_language,2026-04-16T16:02:43.386869+00:00
101523,816885,2014-05-23,2014-05-23,OB02,UTILITY,OPEN,SERVICES,DE,BE,BE,,79000000,,CHF,2.0,1,euroscript Switzerland AG,"Schweizerische Bundesbahnen, Einkauf Konzerndienstleistungen und Print",False,2026-04-16T11:21:23+00:00,78f7cee3-664a-48ae-91b5-03b077e5f485,"Übersetzungsdienstleistungen, SBB-spezifisch",,duplicate_project_pubtype_language,2026-04-16T16:02:43.386869+00:00
101523,816889,2014-05-23,2014-05-23,OB02,UTILITY,OPEN,SERVICES,DE,BE,BE,,79000000,,CHF,3.0,1,euroscript Switzerland AG,"Schweizerische Bundesbahnen, Einkauf Konzerndienstleistungen und Print",False,2026-04-16T11:21:23+00:00,2db6cdae-0f0c-47b7-8c51-f226eda61f3f,"Übersetzungsdienstleistungen, SBB-spezifisch",,duplicate_project_pubtype_language,2026-04-16T16:02:43.386869+00:00
101523,816907,2014-05-23,2014-05-23,OB02,UTILITY,OPEN,SERVICES,FR,BE,BE,,79000000,,CHF,4.0,1,euroscript Switzerland AG,,False,2026-04-16T11:21:23+00:00,4c7bf4b0-873e-4e60-aab7-e922bb58ed23,,"Übersetzungsdienstleistungen, SBB-spezifisch",duplicate_project_pubtype_language,2026-04-16T16:02:43.386869+00:00
101523,816899,2014-05-23,2014-05-23,OB02,UTILITY,OPEN,SERVICES,FR,BE,BE,,79000000,,CHF,2.0,1,euroscript Switzerland AG,,False,2026-04-16T11:21:23+00:00,d337157f-321d-4f57-8302-f2837abc76ee,,"Übersetzungsdienstleistungen, SBB-spezifisch",duplicate_project_pubtype_language,2026-04-16T16:02:43.386869+00:00
47547,547097,2010-10-18,2010-10-12,OB02,MUNICIPALITY,OPEN,SERVICES,DE,SG,SG,,66515000,,CHF,3.0,1,Zürich Versicherungs-Gesellschaft AG,Finanzamt,False,2026-04-15T09:13:09+00:00,f87c7c23-a13c-4717-b817-15b3becec518,Versicherungen,,duplicate_project_pubtype_language,2026-04-16T16:02:43.386869+00:00
41020,549477,2010-10-20,2010-08-26,OB02,MUNICIPALITY,OPEN,WORKS,DE,BE,BE,,45000000,393778.7,CHF,,1,Burn Holzbau AG,Fachstelle Beschaffungswesen Stadt Bern,False,2026-04-15T09:13:10+00:00,48cd3285-77aa-4c53-9d04-3c2b10b6b294,"Neubau Tramdepot Bolligenstrasse, Türen aus Holz/Metall und Türen aus Aluminium",,duplicate_project_pubtype_language,2026-04-16T16:02:43.386869+00:00
109907,816953,2014-04-11,2014-04-08,OB02,MUNICIPALITY,OPEN,SUPPLIES,DE,ZH,ZH,,30213300,4324.0,CHF,6.0,1,Letec ag,"Schulgemeinde Rorbas-Freienstein-Teufen
Schulverwaltung",False,2026-04-16T11:21:23+00:00,860ded5a-ad5c-44a4-b720-745c53e8db24,ICT-Mittel für die Schule Rorbas-Freienstein-Teufen,,duplicate_project_pubtype_language,2026-04-16T16:02:43.386869+00:00
109907,816973,2014-04-11,2014-04-08,OB02,MUNICIPALITY,OPEN,SUPPLIES,DE,ZH,ZH,,30213300,17345.65,CHF,8.0,1,Heiniger Unternehmensberatung AG,"Schulgemeinde Rorbas-Freienstein-Teufen
Schulverwaltung",False,2026-04-16T11:21:23+00:00,656ad098-eb36-428d-a6a9-55cb87da8630,ICT-Mittel für die Schule Rorbas-Freienstein-Teufen,,duplicate_project_pubtype_language,2026-04-16T16:02:43.386869+00:00
109907,817005,2014-04-11,2014-04-08,OB02,MUNICIPALITY,OPEN,SUPPLIES,DE,ZH,ZH,,30213300,2432.8,CHF,9.0,1,Computer Trade Scheuss GmbH,"Schulgemeinde Rorbas-Freienstein-Teufen
Schulverwaltung",False,2026-04-16T11:21:23+00:00,b1fc9d8a-c4ba-4a75-a844-b2b95617cd72,ICT-Mittel für die Schule Rorbas-Freienstein-Teufen,,duplicate_project_pubtype_language,2026-04-16T16:02:43.386869+00:00
109577,817255,2014-04-18,,OB06,CANTON,OPEN,,FR,FR,FR,,45215120,,CHF,,0,,,False,2026-04-16T11:21:23+00:00,1414d648-8b17-4e88-b400-b9b90029d4bc,,"Construction d'un établissement médico-social, parcelle 265, route de Villariaz, 30, 1687 Vuisternens devant Romont",duplicate_project_pubtype_language,2026-04-16T16:02:43.386869+00:00
103245,817851,2014-04-25,2014-02-05,OB02,MUNICIPALITY,OPEN,WORKS,FR,VD,VD,,45000000,913101.0,CHF,4.0,1,Perrin Frères SA,,False,2026-04-16T11:21:23+00:00,b5304205-afbf-4f7a-9989-4154d4aedd83,,Commune de St-Cergue / Rénovation du réseau d'eau sous pression - Construction du réservoir des Cheseaux et de la station de pompage de Combe Froide,duplicate_project_pubtype_language,2026-04-16T16:02:43.386869+00:00
103245,817895,2014-04-25,2014-02-05,OB02,MUNICIPALITY,OPEN,WORKS,FR,VD,VD,,45000000,483145.0,CHF,5.0,1,Patrice Girardi,,False,2026-04-16T11:21:24+00:00,053b1796-3ac8-4e33-90f9-1a41d44d38b4,,Commune de St-Cergue / Rénovation du réseau d'eau sous pression - Construction du réservoir des Cheseaux et de la station de pompage de Combe Froide,duplicate_project_pubtype_language,2026-04-16T16:02:43.386869+00:00
90897,817401,2014-04-25,2014-02-26,OB02,MUNICIPALITY,OPEN,WORKS,FR,VD,VD,,45000000,,CHF,4.0,1,Groupe E Connect SA,,False,2026-04-16T11:21:23+00:00,d2f2a4b5-7b06-475a-b6e9-b91662d189ce,,0449 Château d'Oex - APO LOT 1,duplicate_project_pubtype_language,2026-04-16T16:02:43.386869+00:00
90897,817415,2014-04-25,2014-02-26,OB02,MUNICIPALITY,OPEN,WORKS,FR,VD,VD,,45000000,,CHF,4.0,1,yerly installations sa,,False,2026-04-16T11:21:23+00:00,07875a0c-1c88-4319-90bc-ed07ddc89216,,0449 Château d'Oex - APO LOT 1,duplicate_project_pubtype_language,2026-04-16T16:02:43.386869+00:00
90897,817405,2014-04-25,2014-02-26,OB02,MUNICIPALITY,OPEN,WORKS,FR,VD,VD,,45000000,,CHF,4.0,1,Cofely SA,,False,2026-04-16T11:21:23+00:00,c594eb7a-760d-4258-b513-b2e0df98796c,,0449 Château d'Oex - APO LOT 1,duplicate_project_pubtype_language,2026-04-16T16:02:43.386869+00:00
107245,817475,2014-04-30,2014-03-25,OB02,MUNICIPALITY,OPEN,WORKS,DE,BE,BE,,31710000,277653.25,CHF,,1,Markus Hediger AG,Fachstelle Beschaffungswesen Stadt Bern,False,2026-04-16T11:21:23+00:00,4c10632a-6603-4a9b-8640-d5b545f217d0,"Umbau Stadttheater Bern
Bauphase 2014",,duplicate_project_pubtype_language,2026-04-16T16:02:43.386869+00:00
108030,819285,2014-04-30,2014-04-28,OB02,FEDERATION,OPEN,SERVICES,DE,BE,BE,,73100000,174850.0,CHF,,1,Stiftung InnovaBridge,Bundesamt für Landwirtschaft (BLW),False,2026-04-16T11:23:12+00:00,821883d8-9a75-4f27-b24a-0a5709e2cafc,(1417) 710 Arten und Lebensräume Landwirtschaft - ALL-EMA,,duplicate_project_pubtype_language,2026-04-16T16:02:43.386869+00:00
107271,817513,2014-04-30,2014-03-25,OB02,MUNICIPALITY,OPEN,WORKS,DE,BE,BE,,45000000,358688.8,CHF,,1,Arnold AG,Fachstelle Beschaffungswesen Stadt Bern,False,2026-04-16T11:21:23+00:00,57558c6b-a784-4e04-a73d-9e79f8ffb0a0,Grosse Allmend Bern / Hyspaplatz: Teilweise Umgestaltung und Erstellung von zwei Kunstrasenfeldern sowie Neubau einer Remise,,duplicate_project_pubtype_language,2026-04-16T16:02:43.386869+00:00
107271,817511,2014-04-30,2014-03-25,OB02,MUNICIPALITY,OPEN,WORKS,DE,BE,BE,,45000000,459532.55,CHF,,1,Q-Net AG,Fachstelle Beschaffungswesen Stadt Bern,False,2026-04-16T11:21:23+00:00,336c1f2c-1209-46ea-aa76-109fe4840087,Grosse Allmend Bern / Hyspaplatz: Teilweise Umgestaltung und Erstellung von zwei Kunstrasenfeldern sowie Neubau einer Remise,,duplicate_project_pubtype_language,2026-04-16T16:02:43.386869+00:00
106775,817463,2014-04-30,2014-03-28,OB02,MUNICIPALITY,OPEN,WORKS,DE,BE,BE,,45000000,175426.65,CHF,,1,Guggisberg Dachtechnik AG,Fachstelle Beschaffungswesen Stadt Bern,False,2026-04-16T11:21:23+00:00,fed821dd-8922-4fc2-943b-8cc39987d974,"VWG Schwanengasse 14, Gesamterneuerung, BKP 214 Montagebau in Holz und BKP 224 Bedachungsarbeiten",,duplicate_project_pubtype_language,2026-04-16T16:02:43.386869+00:00
106778,817469,2014-04-30,2014-03-28,OB02,MUNICIPALITY,OPEN,WORKS,DE,BE,BE,,45000000,474333.2,CHF,,1,Gerber+Stettler AG,Fachstelle Beschaffungswesen Stadt Bern,False,2026-04-16T11:21:23+00:00,2c3204eb-be19-48e3-9c22-5818d42d504e,"VWG Schwanengasse 14, Gesamterneuerung, BKP 221 Holzfenster neu und BKP 216 Natursteinarbeiten",,duplicate_project_pubtype_language,2026-04-16T16:02:43.386869+00:00
107271,817525,2014-04-30,2014-03-25,OB02,MUNICIPALITY,OPEN,WORKS,DE,BE,BE,,45000000,754365.05,CHF,,1,Bächler + Güttinger AG,Fachstelle Beschaffungswesen Stadt Bern,False,2026-04-16T11:21:23+00:00,f176413a-eb45-44e5-a2bd-d430c64f7352,Grosse Allmend Bern / Hyspaplatz: Teilweise Umgestaltung und Erstellung von zwei Kunstrasenfeldern sowie Neubau einer Remise,,duplicate_project_pubtype_language,2026-04-16T16:02:43.386869+00:00
107271,817523,2014-04-30,2014-03-25,OB02,MUNICIPALITY,OPEN,WORKS,DE,BE,BE,,45000000,6525635.3,CHF,,1,KIBAG Bauleistungen AG,Fachstelle Beschaffungswesen Stadt Bern,False,2026-04-16T11:21:23+00:00,16913732-31e8-401e-a2cd-e1cd5f824686,Grosse Allmend Bern / Hyspaplatz: Teilweise Umgestaltung und Erstellung von zwei Kunstrasenfeldern sowie Neubau einer Remise,,duplicate_project_pubtype_language,2026-04-16T16:02:43.386869+00:00
36451,554989,2010-11-05,2010-08-27,OB02,CANTON_OTHER,OPEN,WORKS,FR,VD,VD,,45421146,514619.35,CHF,8.0,1,Clément Peinture SA,,False,2026-04-15T09:13:11+00:00,be13df02-4ddd-4b15-9e51-9cd8c7b02eda,,ECA CEI III,duplicate_project_pubtype_language,2026-04-16T16:02:43.386869+00:00
36451,554967,2010-11-05,2010-08-30,OB02,CANTON_OTHER,OPEN,WORKS,FR,VD,VD,,45421146,239712.15,CHF,5.0,1,LAMBDA technique d'isolation Lausanne SA,,False,2026-04-15T09:13:11+00:00,5c0793fb-6777-460d-bea1-a29f9ec494c3,,ECA CEI III,duplicate_project_pubtype_language,2026-04-16T16:02:43.386869+00:00
106613,817663,2014-04-22,2014-04-14,OB02,MUNICIPALITY,OPEN,WORKS,FR,VD,VD,,45000000,537622.4,CHF,,1,Geneux Dancet SA,,False,2026-04-16T11:21:23+00:00,6fc4cd8f-b1d1-47cd-9200-d65599584d31,,RÉNOVATIONS DU CENTRE SCOLAIRE DES PERRERETS_BLOCS ABC,duplicate_project_pubtype_language,2026-04-16T16:02:43.386869+00:00
104553,817711,2014-04-22,2014-01-31,OB02,CANTON,OPEN,WORKS,FR,VD,VD,,45000000,1844047.24,CHF,,1,HERREN FRERES & Cie,,False,2026-04-16T11:21:23+00:00,e1fc79d3-902d-4d21-a2df-58a0c80dbf96,,Assainissement des installations techniques CVRSE-MCR du bâtiment de l'HEIG-VD à Yverdon-les-Bains,duplicate_project_pubtype_language,2026-04-16T16:02:43.386869+00:00
104553,817709,2014-04-22,2014-01-30,OB02,CANTON,OPEN,WORKS,FR,VD,VD,,45000000,395704.0,CHF,,1,SAUTER BUILDING CONTROL SCHWEIZ SA,,False,2026-04-16T11:21:23+00:00,88aacdce-c896-4231-8c8b-ddef70b5d005,,Assainissement des installations techniques CVRSE-MCR du bâtiment de l'HEIG-VD à Yverdon-les-Bains,duplicate_project_pubtype_language,2026-04-16T16:02:43.386869+00:00
104553,817713,2014-04-22,2014-01-27,OB02,CANTON,OPEN,WORKS,FR,VD,VD,,45000000,522659.25,CHF,,1,LAMBDA TECHNIQUE D'ISOLATION LAUSANNE SA,,False,2026-04-16T11:21:23+00:00,d7368df5-5298-4b92-acec-c5100dabafb8,,Assainissement des installations techniques CVRSE-MCR du bâtiment de l'HEIG-VD à Yverdon-les-Bains,duplicate_project_pubtype_language,2026-04-16T16:02:43.386869+00:00
39096,556569,2010-11-08,2010-09-28,OB02,CANTON,OPEN,WORKS,DE,SG,SG,,45000000,248941.7,CHF,3.0,1,Paul Grob AG,Hochbauamt des Kantons St.Gallen,False,2026-04-15T09:13:11+00:00,42918c5a-b378-4b60-82a7-2d2e511d6edc,Neubau Fachhochschulzentrum Bahnhof Nord St.Gallen und Parkgarage.,,duplicate_project_pubtype_language,2026-04-16T16:02:43.386869+00:00
104553,817707,2014-04-22,2014-01-30,OB02,CANTON,OPEN,WORKS,FR,VD,VD,,45000000,847992.2,CHF,,1,Klima SA,,False,2026-04-16T11:21:23+00:00,cbe45968-74e4-4c9b-af6f-618a48c740b5,,Assainissement des installations techniques CVRSE-MCR du bâtiment de l'HEIG-VD à Yverdon-les-Bains,duplicate_project_pubtype_language,2026-04-16T16:02:43.386869+00:00
108326,817901,2014-04-25,,OB04,CANTON,OPEN,WORKS,FR,FR,FR,,45215120,,CHF,,1,,,False,2026-04-16T11:21:24+00:00,8fb891a4-981b-4e40-a963-4d5ec0d00b2e,,"Construction d'un établissement médico-social, parcelle 265, route de Villariaz, 30, 1687 Vuisternens devant Romont",duplicate_project_pubtype_language,2026-04-16T16:02:43.386869+00:00
34333,557783,2010-11-09,2010-11-03,OB02,UTILITY,OPEN,WORKS,FR,GE,GE,,45000000,37732.86,CHF,,1,Siemens Suisse SA,,False,2026-04-15T09:16:55+00:00,9921c3b6-8a4b-4a30-8790-fdf9e4202361,,"Gare de Genève Cornavin / Transformation des parties d'ouvrages A, B, C et E",duplicate_project_pubtype_language,2026-04-16T16:02:43.386869+00:00
43311,557707,2010-11-09,2010-10-27,OB02,UTILITY,OPEN,WORKS,FR,GE,GE,,45000000,630383.98,CHF,,1,Guta Chapes SA,,False,2026-04-15T09:16:53+00:00,ddef91e8-752f-4085-a867-badb48792978,,"Gare de Genève Cornavin / Transformation des parties d'ouvrages A, B, C et E",duplicate_project_pubtype_language,2026-04-16T16:02:43.386869+00:00
43970,557849,2010-11-12,2010-11-03,OB02,MUNICIPALITY,OPEN,WORKS,FR,VD,VD,,45000000,1935895.75,CHF,4.0,1,Félix Constructions SA,,False,2026-04-15T09:16:55+00:00,f2536287-51b4-4c97-aff6-787fd95329b2,,OPL - Opéra de Lausanne,duplicate_project_pubtype_language,2026-04-16T16:02:43.386869+00:00
108729,817945,2014-04-22,2014-03-28,OB02,MUNICIPALITY,OPEN,SUPPLIES,FR,GE,GE,,39150000,37760.0,CHF,17.0,1,Quadrature sarl,,False,2026-04-16T11:23:09+00:00,9cc9993a-8fb9-4eed-9f61-f9d4baa67258,,Fourniture et pose de mobilier et d'équipement pour un centre sportif (vestiaires et restaurant),duplicate_project_pubtype_language,2026-04-16T16:02:43.386869+00:00
103744,818053,2014-04-17,2014-04-07,OB02,FEDERATION,OPEN,SERVICES,DE,BE,BE,,72260000,761600.0,CHF,,1,Gridvision Engineering GmbH,"Bundesamt für Bauten und Logistik (BBL)
Öffentliche Ausschreibungen",False,2026-04-16T11:23:11+00:00,d25fbb37-7533-4996-b25a-994f8efb5064,(1390) 485 IT-Personalverleih Entwickler + System Engineer 2014 – 2018 im ISC-EJPD,,duplicate_project_pubtype_language,2026-04-16T16:02:43.386869+00:00
131639,908273,2016-04-01,,OB04,MUNICIPALITY,OPEN,SERVICES,FR,VD,VD,,72500000,,CHF,,1,,,False,2026-04-16T12:28:29+00:00,c14e2216-cce0-4ccd-8397-594b40290477,,Remplacement de l'ERP et des outils de gestion communale.,duplicate_project_pubtype_language,2026-04-16T16:02:43.386869+00:00
34804,560985,2010-11-15,2010-11-09,OB02,FEDERATION,OPEN,SUPPLIES,FR,BE,BE,,30197642,1576350.0,CHF,,1,"Papyrus Schweiz AG, alt: Sihl + Eika Papier AG",,False,2026-04-15T09:16:56+00:00,2d24823e-7b65-49c7-9df0-bc98b7a21f0e,,Project (1006) 620 Achat de papier blanc et recyclé pour des ané 2010 - 2014,duplicate_project_pubtype_language,2026-04-16T16:02:43.386869+00:00
34804,560729,2010-11-15,2010-11-09,OB02,FEDERATION,OPEN,SUPPLIES,FR,BE,BE,,30197630,978291.8,CHF,,1,Fischer Papier AG,,False,2026-04-15T09:16:56+00:00,2bd3b25a-e647-4fc5-8563-1ffb01c11e22,,Project (1006) 620 Achat de papier blanc et recyclé pour des ané 2010 - 2014,duplicate_project_pubtype_language,2026-04-16T16:02:43.386869+00:00
34804,560597,2010-11-15,2010-11-09,OB02,FEDERATION,OPEN,SUPPLIES,DE,BE,BE,,30197642,1576350.0,CHF,,1,"Papyrus Schweiz AG, alt: Sihl + Eika Papier AG",Bundesamt für Bauten und Logistik (BBL),False,2026-04-15T09:16:56+00:00,3eb3dbab-46d8-43a9-a39c-da0097923b3e,Projekt (1006) 620 Beschaffung von Papier weiss und recycling für die Jahre 2010 - 2014,,duplicate_project_pubtype_language,2026-04-16T16:02:43.386869+00:00
103744,818057,2014-04-17,2014-04-07,OB02,FEDERATION,OPEN,SERVICES,FR,BE,BE,,72260000,761600.0,CHF,,1,Gridvision Engineering GmbH,,False,2026-04-16T11:23:11+00:00,0f3d8762-7d1e-4f24-8bb5-cbfb84721759,,"(1390) 485 Location du service de personnel informatique, développeur + system engineer,  pour la période 2014 à 2018 au CSI-DFJP",duplicate_project_pubtype_language,2026-04-16T16:02:43.386869+00:00
36192,560017,2010-11-15,2010-06-30,OB02,CANTON_OTHER,OPEN,SERVICES,FR,GE,GE,,60000000,4167378.6,CHF,2.0,1,Globe Limo SA,,False,2026-04-15T09:16:55+00:00,90efd1c2-0cad-4b33-8ee7-21ed7f2199f8,,Renouvellement exploitation des lignes 41/41S-44/45-54-X,duplicate_project_pubtype_language,2026-04-16T16:02:43.386869+00:00
103744,818061,2014-04-17,2014-04-07,OB02,FEDERATION,OPEN,SERVICES,FR,BE,BE,,72260000,672000.0,CHF,,1,sowos ag,,False,2026-04-16T11:23:11+00:00,947af2f7-0786-440d-8681-1887ca9e6aca,,"(1390) 485 Location du service de personnel informatique, développeur + system engineer,  pour la période 2014 à 2018 au CSI-DFJP",duplicate_project_pubtype_language,2026-04-16T16:02:43.386869+00:00
103744,818109,2014-04-17,2014-04-07,OB02,FEDERATION,OPEN,SERVICES,FR,BE,BE,,72260000,832000.0,CHF,,1,ProfiLogic AG,,False,2026-04-16T11:23:11+00:00,06ebc196-ea61-47ca-92c4-b5b536c9f984,,"(1390) 485 Location du service de personnel informatique, développeur + system engineer,  pour la période 2014 à 2018 au CSI-DFJP",duplicate_project_pubtype_language,2026-04-16T16:02:43.386869+00:00
107713,818211,2014-04-25,2014-04-17,OB02,MUNICIPALITY,OPEN,WORKS,DE,ZH,ZH,,45331210,70761.0,CHF,,1,Schmid Amrhein AG,"Stadt Zürich
Amt für Hochbauten",False,2026-04-16T11:23:11+00:00,79cb32eb-4cc7-43e2-88a5-9c5c67171ea5,"BAV 27308 Liegenschaft Beckenhof /
BAV 80457 Kindergarten Beckenhof",,duplicate_project_pubtype_language,2026-04-16T16:02:43.386869+00:00
96074,818201,2014-04-25,2014-04-16,OB02,CANTON,OPEN,SERVICES,DE,ZH,ZH,,75000000,1045000.0,CHF,3.0,1,Certas AG,Bewährungs- und Vollzugsdienste,False,2026-04-16T11:23:11+00:00,4fb79bde-8466-4eab-9e03-2cdc86baa8ef,Electronic Monitoring (EM-Technik und Überwachungszentrale),,duplicate_project_pubtype_language,2026-04-16T16:02:43.386869+00:00
108030,819251,2014-04-30,2014-04-28,OB02,FEDERATION,OPEN,SERVICES,FR,BE,BE,,73100000,183000.0,CHF,,1,Hintermann & Weber AG,,False,2026-04-16T11:23:12+00:00,887dc036-0d9f-4c64-9285-8dfa9fe1cc2e,,(1417) 710 Espèces et milieux agricoles - ALL-EMA,duplicate_project_pubtype_language,2026-04-16T16:02:43.386869+00:00
108794,818341,2014-04-30,2014-04-14,OB02,FEDERATION,OPEN,WORKS,DE,BE,BE,,45000000,185190.35,CHF,,1,Burn & Künzi Gerüstbau AG,armasuisse Immobilien,False,2026-04-16T11:23:11+00:00,9e4a6c0f-f107-4803-8e24-3a700f14cf58,"Spiez, Komp Zen ABC-KAMIR, Gesamtsanierung 2. Etappe – 7. Submissionspaket, Gerüstungen, Fenster aus Holz/Metall",,duplicate_project_pubtype_language,2026-04-16T16:02:43.386869+00:00
108373,818419,2014-04-25,2014-04-22,OB02,CANTON,RESTRICTED,SERVICES,DE,ZH,ZH,,71000000,151000.0,CHF,,1,Team-Architekten,"Flughafen Zürich AG,
Programm 2010 - Schallschutz Flughafen Zürich",False,2026-04-16T11:23:11+00:00,6a0aa846-9743-4598-a24a-7db6fd735fa0,"Flughafen Zürich AG,
Submission (selektives Verfahren),
Programm 2010 - Schallschutz Flughafen Zürich,
Phase 2014/2016,
Einladung zur Präqualifikation und Submission",,duplicate_project_pubtype_language,2026-04-16T16:02:43.386869+00:00
108373,818429,2014-04-25,2014-04-22,OB02,CANTON,RESTRICTED,SERVICES,DE,ZH,ZH,,71000000,152839.45,CHF,,1,Schällibaum + Partner AG,"Flughafen Zürich AG,
Programm 2010 - Schallschutz Flughafen Zürich",False,2026-04-16T11:23:11+00:00,98f18031-b89a-48c6-8720-d400ae16b14b,"Flughafen Zürich AG,
Submission (selektives Verfahren),
Programm 2010 - Schallschutz Flughafen Zürich,
Phase 2014/2016,
Einladung zur Präqualifikation und Submission",,duplicate_project_pubtype_language,2026-04-16T16:02:43.386869+00:00
108373,818445,2014-04-25,2014-04-22,OB02,CANTON,RESTRICTED,SERVICES,DE,ZH,ZH,,71000000,65000.0,CHF,,1,11-id.ch,"Flughafen Zürich AG,
Programm 2010 - Schallschutz Flughafen Zürich",False,2026-04-16T11:23:11+00:00,192d97eb-c65f-43ea-abdb-672921306274,"Flughafen Zürich AG,
Submission (selektives Verfahren),
Programm 2010 - Schallschutz Flughafen Zürich,
Phase 2014/2016,
Einladung zur Präqualifikation und Submission",,duplicate_project_pubtype_language,2026-04-16T16:02:43.386869+00:00
49990,562565,2010-11-24,2010-11-22,OB02,FEDERATION,OPEN,SERVICES,FR,BE,BE,,72260000,1185000.0,CHF,,1,Edorex Informatik AG,,False,2026-04-15T09:16:56+00:00,19ca8a8e-b2c2-406a-8197-ff63affee68d,,Projet (1038) 785 Dienstleistungen im Informations Service Center EVD (ISCeco),duplicate_project_pubtype_language,2026-04-16T16:02:43.386869+00:00
49990,562551,2010-11-24,2010-11-22,OB02,FEDERATION,OPEN,SERVICES,DE,BE,BE,,72260000,1125000.0,CHF,,1,Fabasoft CH Software AG,Bundesamt für Bauten und Logistik (BBL),False,2026-04-15T09:16:56+00:00,10ff698f-a602-4b8b-961c-fba70237bead,Projekt (1038) 785 Dienstleistungen im Informations Service Center EVD (ISCeco),,duplicate_project_pubtype_language,2026-04-16T16:02:43.386869+00:00
49990,562561,2010-11-24,2010-11-22,OB02,FEDERATION,OPEN,SERVICES,FR,BE,BE,,72260000,1222500.0,CHF,,1,Edorex Informatik AG,,False,2026-04-15T09:16:56+00:00,9d504645-a594-47d4-88d5-66a3dc28bae0,,Projet (1038) 785 Dienstleistungen im Informations Service Center EVD (ISCeco),duplicate_project_pubtype_language,2026-04-16T16:02:43.386869+00:00
38932,564733,2010-11-25,2010-11-22,OB02,FEDERATION,OPEN,SUPPLIES,FR,BE,BE,,39130000,1588300.0,CHF,,1,Paul Zimmerli AG Büromöbelfabrik,,False,2026-04-15T09:16:56+00:00,0818f141-a9cd-4e50-a726-9e62d82cad6c,,Projet (1016) 620 Mobilier de bureau en bois,duplicate_project_pubtype_language,2026-04-16T16:02:43.386869+00:00
38932,564857,2010-11-25,2010-11-22,OB02,FEDERATION,OPEN,SUPPLIES,FR,BE,BE,,39130000,1344000.0,CHF,,1,Paul Zimmerli AG,,False,2026-04-15T09:16:56+00:00,0e43f239-ecec-4985-95e5-29533e552481,,Projet (1016) 620 Mobilier de bureau en bois,duplicate_project_pubtype_language,2026-04-16T16:02:43.386869+00:00
38932,564773,2010-11-25,2010-11-22,OB02,FEDERATION,OPEN,SUPPLIES,FR,BE,BE,,39130000,2243290.0,CHF,,1,ZKD Büromöbel AG,,False,2026-04-15T09:16:56+00:00,aa22674f-2ebf-4a05-8822-2d4df192fbd3,,Projet (1016) 620 Mobilier de bureau en bois,duplicate_project_pubtype_language,2026-04-16T16:02:43.386869+00:00
38932,564923,2010-11-25,2010-11-22,OB02,FEDERATION,OPEN,SUPPLIES,FR,BE,BE,,39130000,636090.0,CHF,,1,Novex AG,,False,2026-04-15T09:16:56+00:00,062e5f2b-ad25-43dd-a103-840a4dc3a0ef,,Projet (1016) 620 Mobilier de bureau en bois,duplicate_project_pubtype_language,2026-04-16T16:02:43.386869+00:00
47499,565189,2010-11-25,2010-11-17,OB02,UTILITY,OPEN,SERVICES,DE,BE,BE,,71240000,304982.0,CHF,8.0,1,evex AG,"SBB AG
Immobilien, Bewirtschaftung Stab",False,2026-04-15T09:16:56+00:00,b47b054f-21b6-4c1c-9e9e-31a4e96c2fb0,Neue Gebäudeschliessung SBB Immobilien - Planerleistungen,,duplicate_project_pubtype_language,2026-04-16T16:02:43.386869+00:00
107713,818603,2014-05-02,2014-04-22,OB02,MUNICIPALITY,OPEN,WORKS,DE,ZH,ZH,,45000000,789077.1,CHF,,1,Piatti + Bürgin Bau AG,"Stadt Zürich
Amt für Hochbauten",False,2026-04-16T11:23:12+00:00,7604d6cc-a141-4a3b-accd-3f3c6a13036b,"BAV 27308 Liegenschaft Beckenhof /
BAV 80457 Kindergarten Beckenhof",,duplicate_project_pubtype_language,2026-04-16T16:02:43.386869+00:00
38932,564825,2010-11-25,2010-11-22,OB02,FEDERATION,OPEN,SUPPLIES,FR,BE,BE,,39130000,2737520.0,CHF,,1,ZKD Büromöbel AG,,False,2026-04-15T09:16:56+00:00,4aed18b7-aa6e-48c2-8bd1-e7fdedf09d4d,,Projet (1016) 620 Mobilier de bureau en bois,duplicate_project_pubtype_language,2026-04-16T16:02:43.386869+00:00
47499,565149,2010-11-25,2010-11-17,OB02,UTILITY,OPEN,SERVICES,DE,BE,BE,,71240000,313180.5,CHF,6.0,1,SecuSuisse AG,"SBB AG
Immobilien, Bewirtschaftung Stab",False,2026-04-15T09:16:56+00:00,6aa9f13b-6814-48fb-8408-00c236a87285,Neue Gebäudeschliessung SBB Immobilien - Planerleistungen,,duplicate_project_pubtype_language,2026-04-16T16:02:43.386869+00:00
107713,818623,2014-05-02,2014-04-22,OB02,MUNICIPALITY,OPEN,WORKS,DE,ZH,ZH,,45311000,705116.15,CHF,,1,Burkhalter Technics AG,"Stadt Zürich
Amt für Hochbauten",False,2026-04-16T11:23:12+00:00,4281b302-5cf1-41de-bb98-aad5c637e45b,"BAV 27308 Liegenschaft Beckenhof /
BAV 80457 Kindergarten Beckenhof",,duplicate_project_pubtype_language,2026-04-16T16:02:43.386869+00:00
36349,574577,2010-12-28,2010-12-15,OB02,MUNICIPALITY,OPEN,WORKS,FR,VD,VD,,45000000,2422048.25,CHF,9.0,1,Dénériaz SA,,False,2026-04-15T09:19:58+00:00,9a7c6bbd-fe4d-42b0-a4dd-b5ff0d5fc09a,,Temple de St-Luc,duplicate_project_pubtype_language,2026-04-16T16:02:43.386869+00:00
50834,564805,2010-11-25,2010-11-22,OB02,FEDERATION,OPEN,SERVICES,FR,BE,BE,,90911200,236828.8,CHF,,1,Vebego Services AG,,False,2026-04-15T09:16:56+00:00,07de059b-4fd4-4488-a004-6a6189636a16,,"Nettoyage Thoune, Othmarsingen, Mels",duplicate_project_pubtype_language,2026-04-16T16:02:43.386869+00:00
50834,564809,2010-11-25,2010-11-22,OB02,FEDERATION,OPEN,SERVICES,FR,BE,BE,,90911200,49433.05,CHF,,1,Honegger Reinigungen AG,,False,2026-04-15T09:16:56+00:00,c2207cbb-cc1c-4840-adc4-b1696f61c171,,"Nettoyage Thoune, Othmarsingen, Mels",duplicate_project_pubtype_language,2026-04-16T16:02:43.386869+00:00
50834,564845,2010-11-25,2010-11-22,OB02,FEDERATION,OPEN,SERVICES,FR,BE,BE,,90911200,40079.0,CHF,,1,ISS Schweiz AG,,False,2026-04-15T09:16:56+00:00,f9ab381f-f347-4137-863f-51d4a43777fb,,"Nettoyage Thoune, Othmarsingen, Mels",duplicate_project_pubtype_language,2026-04-16T16:02:43.386869+00:00
50834,564859,2010-11-25,2010-11-22,OB02,FEDERATION,OPEN,SERVICES,FR,BE,BE,,90911200,66502.4,CHF,,1,Honegger Reinigungen AG,,False,2026-04-15T09:16:56+00:00,6c2230d4-91a4-45b5-bbe5-cb845e177e5e,,"Nettoyage Thoune, Othmarsingen, Mels",duplicate_project_pubtype_language,2026-04-16T16:02:43.386869+00:00
50837,565269,2010-11-25,2010-11-22,OB02,FEDERATION,OPEN,SERVICES,FR,BE,BE,,90911200,28254.8,CHF,,1,ATIKS S.A.,,False,2026-04-15T09:16:56+00:00,364c2ee0-c55f-4a00-95c6-11906e37fd2e,,"Nettoyage Locarno, Grolley, St. Maurice",duplicate_project_pubtype_language,2026-04-16T16:02:43.386869+00:00
108030,818617,2014-04-30,2014-04-28,OB02,FEDERATION,OPEN,SERVICES,DE,BE,BE,,73100000,245000.0,CHF,,1,Joss Anna Sabine,Bundesamt für Landwirtschaft (BLW),False,2026-04-16T11:23:12+00:00,ed743dc8-a7ea-402e-98cb-ec39a5030e98,(1417) 710 Arten und Lebensräume Landwirtschaft - ALL-EMA,,duplicate_project_pubtype_language,2026-04-16T16:02:43.386869+00:00
50837,565253,2010-11-25,2010-11-22,OB02,FEDERATION,OPEN,SERVICES,FR,BE,BE,,90911200,197234.45,CHF,,1,Honegger Reinigungen AG,,False,2026-04-15T09:16:56+00:00,fa9c0d90-c74c-437c-8184-1336c3e51da1,,"Nettoyage Locarno, Grolley, St. Maurice",duplicate_project_pubtype_language,2026-04-16T16:02:43.386869+00:00
50837,565273,2010-11-25,2010-11-22,OB02,FEDERATION,OPEN,SERVICES,DE,BE,BE,,90911200,149609.1,CHF,,1,ATIKS S.A.,"armasuisse
Einkauf und Kooperationen
CC WTO",False,2026-04-15T09:16:56+00:00,3932f322-bde3-4409-811b-34cac60fd97c,"Reinigungen Locarno, Grolley, St. Maurice",,duplicate_project_pubtype_language,2026-04-16T16:02:43.386869+00:00
108030,819185,2014-04-30,2014-04-28,OB02,FEDERATION,OPEN,SERVICES,DE,BE,BE,,73100000,98500.0,CHF,,1,Naturschutzlösungen Wolfgang Bischoff,Bundesamt für Landwirtschaft (BLW),False,2026-04-16T11:23:12+00:00,e70980d9-baf2-4168-b8cf-fdaa03d675ec,(1417) 710 Arten und Lebensräume Landwirtschaft - ALL-EMA,,duplicate_project_pubtype_language,2026-04-16T16:02:43.386869+00:00
53889,565289,2010-11-25,2010-11-18,OB02,FEDERATION,OPEN,SERVICES,FR,,,,72000000,1255936.0,CHF,,1,Heiko Grimm,,False,2026-04-15T09:16:56+00:00,655570e9-b38a-4c03-a2ec-c62156dd0b38,,Mise à disposition de personnel le domaine SAP; profils conformément à la documentation pour l'appel d'offres,duplicate_project_pubtype_language,2026-04-16T16:02:43.386869+00:00
50837,565217,2010-11-25,2010-11-22,OB02,FEDERATION,OPEN,SERVICES,DE,BE,BE,,90911200,132009.9,CHF,,1,ATIKS S.A.,"armasuisse
Einkauf und Kooperationen
CC WTO",False,2026-04-15T09:16:56+00:00,156c253f-e0a5-40be-9644-3de1b4f6c022,"Reinigungen Locarno, Grolley, St. Maurice",,duplicate_project_pubtype_language,2026-04-16T16:02:43.386869+00:00
108030,819181,2014-04-30,2014-04-28,OB02,FEDERATION,OPEN,SERVICES,FR,BE,BE,,73100000,100800.0,CHF,,1,CARLINE Sàrl,,False,2026-04-16T11:23:12+00:00,deff4541-1aa4-4b5c-99b6-d612032bc2d3,,(1417) 710 Espèces et milieux agricoles - ALL-EMA,duplicate_project_pubtype_language,2026-04-16T16:02:43.386869+00:00
49931,565029,2010-11-26,2010-11-22,OB02,FEDERATION,OPEN,SERVICES,DE,BE,BE,,72260000,1104120.0,CHF,,1,ACE systems engineering ag,"Bundesamt für Bauten und Logistik (BBL)
Öffentliche Ausschreibungen",False,2026-04-15T09:16:56+00:00,96ec959a-88cc-46cb-8d7e-046ee25e0172,Projekt (1039) 609 IT-Personalstellung 0210,,duplicate_project_pubtype_language,2026-04-16T16:02:43.386869+00:00
51431,563483,2010-11-29,2010-10-26,OB02,CANTON,OPEN,WORKS,DE,SG,SG,,45000000,1748411.2,CHF,5.0,1,Multigips AG,"Amt für Vermögensverwaltung, Liegenschaften",False,2026-04-15T09:16:56+00:00,fc865d39-0048-42d7-82d9-167b60b1f0b7,"Wohnüberbauung Furglerstrasse, St. Gallen: Neubau 10 Mehrfamilienhäuser mit Tiefgarage",,duplicate_project_pubtype_language,2026-04-16T16:02:43.386869+00:00
103568,818911,2014-05-23,2014-05-14,OB02,CANTON,OPEN,SERVICES,DE,ZH,ZH,,33197000,121595.53,CHF,3.0,1,Fresenius Medical Care (Schweiz) AG,"UniversitätsSpital Zürich
Direktion Betrieb
Einkauf",False,2026-04-16T11:23:12+00:00,d0344b28-97f9-4ec2-9e5c-fb3161ed85e9,"Geräte, Verbrauchsmaterial und Datenmanagementsoftware für Dialysen",,duplicate_project_pubtype_language,2026-04-16T16:02:43.386869+00:00
50856,569001,2010-12-02,2010-12-01,OB02,FEDERATION,OPEN,WORKS,DE,BE,BE,,45000000,236302.35,CHF,8.0,1,Egli AG GFS,armasuisse Immobilien,False,2026-04-15T09:16:57+00:00,18df4603-0a39-4167-b705-d35b3384688c,"Thun, Dufourkaserne / Verpflegungszentrum
- 3. Submissionspaket",,duplicate_project_pubtype_language,2026-04-16T16:02:43.386869+00:00
51264,569171,2010-12-03,2010-11-15,OB02,FEDERATION,OPEN,SERVICES,FR,BE,BE,,71000000,436936.3,CHF,,1,Amstein + Walthert Bern AG,,False,2026-04-15T09:16:57+00:00,aaeb4157-8e83-45e6-892d-e2c6c23bdf5a,,Une équipe de concepteurs généraux sera chargée de l’extension technique prévue des centres de calcul de la Fellerstrasse 15a à Berne.,duplicate_project_pubtype_language,2026-04-16T16:02:43.386869+00:00
51264,569151,2010-12-03,2010-11-15,OB02,FEDERATION,OPEN,SERVICES,DE,BE,BE,,71000000,436936.3,CHF,,1,Amstein + Walthert Bern AG,Bundesamt für Bauten und Logistik (BBL),False,2026-04-15T09:16:57+00:00,b7ada494-44e4-4583-9cdc-f62770604e2b,"Für die diversen Ausbauten im Rechenzentrum der Bundesverwaltung an der Fellerstrasse 15a in Bern wird ein Generalplanerteam beschafft, das alle geplanten technischen Ausbauten über die nächsten Jahre bearbeitet.",,duplicate_project_pubtype_language,2026-04-16T16:02:43.386869+00:00
51264,569267,2010-12-03,2010-11-15,OB02,FEDERATION,OPEN,SERVICES,FR,BE,BE,,71000000,305049.95,CHF,,1,Amstein + Walthert Bern AG,,False,2026-04-15T09:16:57+00:00,561ac816-cee7-40af-af15-dcd3e249a9ae,,Une équipe de concepteurs généraux sera chargée de l’extension technique prévue des centres de calcul de la Fellerstrasse 15a à Berne.,duplicate_project_pubtype_language,2026-04-16T16:02:43.386869+00:00
51264,569339,2010-12-03,2010-11-15,OB02,FEDERATION,OPEN,SERVICES,FR,BE,BE,,71000000,123744.2,CHF,,1,Amstein + Walthert Bern AG,,False,2026-04-15T09:16:57+00:00,1d183a05-caf6-4fa4-b7fc-335fb31497ca,,Une équipe de concepteurs généraux sera chargée de l’extension technique prévue des centres de calcul de la Fellerstrasse 15a à Berne.,duplicate_project_pubtype_language,2026-04-16T16:02:43.386869+00:00
51264,569335,2010-12-03,2010-11-15,OB02,FEDERATION,OPEN,SERVICES,DE,BE,BE,,71000000,123744.2,CHF,,1,Amstein + Walthert Bern AG,Bundesamt für Bauten und Logistik (BBL),False,2026-04-15T09:16:57+00:00,70f2625e-2741-4985-8d2f-1a283966ef06,"Für die diversen Ausbauten im Rechenzentrum der Bundesverwaltung an der Fellerstrasse 15a in Bern wird ein Generalplanerteam beschafft, das alle geplanten technischen Ausbauten über die nächsten Jahre bearbeitet.",,duplicate_project_pubtype_language,2026-04-16T16:02:43.386869+00:00
108030,819291,2014-04-30,2014-04-28,OB02,FEDERATION,OPEN,SERVICES,DE,BE,BE,,73100000,170000.0,CHF,,1,ECOCONTROL SA,Bundesamt für Landwirtschaft (BLW),False,2026-04-16T11:23:12+00:00,5c11cadf-4ad1-4a8b-921d-5d693f2800ac,(1417) 710 Arten und Lebensräume Landwirtschaft - ALL-EMA,,duplicate_project_pubtype_language,2026-04-16T16:02:43.386869+00:00
108030,819283,2014-04-30,2014-04-28,OB02,FEDERATION,OPEN,SERVICES,DE,BE,BE,,73100000,237500.0,CHF,,1,ZHAW IUNR Forschungsgruppe Vegetationsanalyse,Bundesamt für Landwirtschaft (BLW),False,2026-04-16T11:23:12+00:00,68124743-cfa1-4176-bc49-0bcce620cdfe,(1417) 710 Arten und Lebensräume Landwirtschaft - ALL-EMA,,duplicate_project_pubtype_language,2026-04-16T16:02:43.386869+00:00
108030,819259,2014-04-30,2014-04-28,OB02,FEDERATION,OPEN,SERVICES,DE,BE,BE,,73100000,150000.0,CHF,,1,"Bietergemeinschaft Raumplanung & Umwelt Aufdereggen, Julen & Zenzünen AG und Forum Umwelt AG",Bundesamt für Landwirtschaft (BLW),False,2026-04-16T11:23:12+00:00,610d985d-0711-454b-bb33-e111617302f0,(1417) 710 Arten und Lebensräume Landwirtschaft - ALL-EMA,,duplicate_project_pubtype_language,2026-04-16T16:02:43.386869+00:00
108030,819257,2014-04-30,2014-04-28,OB02,FEDERATION,OPEN,SERVICES,FR,BE,BE,,73100000,98500.0,CHF,,1,Naturschutzlösungen Wolfgang Bischoff,,False,2026-04-16T11:23:12+00:00,0c4588a1-b864-4a0c-9de6-5c5180a8ff61,,(1417) 710 Espèces et milieux agricoles - ALL-EMA,duplicate_project_pubtype_language,2026-04-16T16:02:43.386869+00:00
108030,819349,2014-04-30,2014-04-28,OB02,FEDERATION,OPEN,SERVICES,FR,BE,BE,,73100000,94500.0,CHF,,1,"Bietergemeinschaft Daniel Knecht, Umweltbüro und Roman von Sury",,False,2026-04-16T11:23:12+00:00,ce964c68-08d6-4ecf-bc79-ba13fc91fb2c,,(1417) 710 Espèces et milieux agricoles - ALL-EMA,duplicate_project_pubtype_language,2026-04-16T16:02:43.386869+00:00
108030,819261,2014-04-30,2014-04-28,OB02,FEDERATION,OPEN,SERVICES,FR,BE,BE,,73100000,150000.0,CHF,,1,"Bietergemeinschaft Raumplanung & Umwelt Aufdereggen, Julen & Zenzünen AG und Forum Umwelt AG",,False,2026-04-16T11:23:12+00:00,b5640978-dc7f-47bc-a96d-33688e35c417,,(1417) 710 Espèces et milieux agricoles - ALL-EMA,duplicate_project_pubtype_language,2026-04-16T16:02:43.386869+00:00
108030,819255,2014-04-30,2014-04-28,OB02,FEDERATION,OPEN,SERVICES,FR,BE,BE,,73100000,245000.0,CHF,,1,Joss Anna Sabine,,False,2026-04-16T11:23:12+00:00,9c9d22d0-bf97-498f-911f-b3bb95831341,,(1417) 710 Espèces et milieux agricoles - ALL-EMA,duplicate_project_pubtype_language,2026-04-16T16:02:43.386869+00:00
106873,819351,2014-05-20,2014-05-16,OB02,UTILITY,OPEN,SERVICES,FR,VD,VD,,71000000,685300.0,CHF,,1,ATB SA,,False,2026-04-16T11:23:12+00:00,6de69b25-348f-4102-85d2-6dc7760751fb,,Contrat-cadre pour prestations dans les gares en Suisse romande,duplicate_project_pubtype_language,2026-04-16T16:02:43.386869+00:00
108200,819515,2014-05-02,2014-04-17,OB02,CANTON,OPEN,SUPPLIES,DE,ZH,ZH,,39100000,21509.3,CHF,3.0,1,Teo Jakob AG,Baubereich 2,False,2026-04-16T11:23:12+00:00,2e2d0b39-76a5-468b-8ef1-1a878c2a69b3,"ZHdK Zürcher Hochschule der Künste, ZHAW Zürcher Hochschule für Angewandte Wissenschaften, Toni-Areal, Förrlibuckstrasse 109, 8005 Zürich",,duplicate_project_pubtype_language,2026-04-16T16:02:43.386869+00:00
108200,819505,2014-05-02,2014-04-17,OB02,CANTON,OPEN,SUPPLIES,DE,ZH,ZH,,39100000,14042.8,CHF,3.0,1,Gräub Office AG,Baubereich 2,False,2026-04-16T11:23:12+00:00,e95548f0-c158-42ce-be9c-8aad0d42aaab,"ZHdK Zürcher Hochschule der Künste, ZHAW Zürcher Hochschule für Angewandte Wissenschaften, Toni-Areal, Förrlibuckstrasse 109, 8005 Zürich",,duplicate_project_pubtype_language,2026-04-16T16:02:43.386869+00:00
105026,819605,2014-05-09,2014-03-20,OB02,MUNICIPALITY,OPEN,WORKS,FR,VS,VS,,45000000,680835.55,CHF,,1,MAISON BORNET SA,,False,2026-04-16T11:23:12+00:00,e4d7b3ea-e7c1-49b1-bdfe-201588c21904,,Agrandissement de l'école de Châteauneuf-Conthey,duplicate_project_pubtype_language,2026-04-16T16:02:43.386869+00:00
55134,570881,2010-12-10,2010-12-02,OB02,MUNICIPALITY,OPEN,WORKS,DE,ZH,ZH,,45210000,225198.6,CHF,,1,Egg Bau AG,"Stadt Zürich
Amt für Hochbauten",False,2026-04-15T09:16:57+00:00,89751d78-e06e-4222-adfc-0986817fd57c,"Schulhaus Weinberg,
Instandsetzung",,duplicate_project_pubtype_language,2026-04-16T16:02:43.386869+00:00
50350,571725,2010-12-15,2010-11-03,OB02,MUNICIPALITY,OPEN,WORKS,DE,BE,BE,,45262670,273167.5,CHF,,1,MLG Metall + Planung AG,"Energie Wasser Bern 
Administration Beschaffungsausschuss",False,2026-04-15T09:19:57+00:00,743c4e74-c9d5-4751-a60a-ae8c1c3b360f,"Neue KVA Bern Forsthaus, BKP 272.2 Allgemeine Metallbauarbeiten",,duplicate_project_pubtype_language,2026-04-16T16:02:43.386869+00:00
47726,573263,2010-12-17,2010-12-07,OB02,MUNICIPALITY,OPEN,WORKS,DE,ZH,ZH,,45210000,473440.0,CHF,,1,Inag-Nievergelt AG,"Stadt Zürich
Amt für Hochbauten",False,2026-04-15T09:19:58+00:00,84b92dd3-1e49-464a-a006-050607cfe693,"VBZ-Busgarage Hardau, Bullingerstrasse 89, 8004 Zürich, Brandschutz und Instandsetzung",,duplicate_project_pubtype_language,2026-04-16T16:02:43.386869+00:00
109638,820169,2014-05-07,2014-05-02,OB02,FEDERATION,OPEN,WORKS,FR,BE,BE,,45210000,297186.85,CHF,4.0,1,C.M.A. Constructeurs Métalliques Associés SA,,False,2026-04-16T11:23:13+00:00,0fddc6a7-dd00-467f-970e-0ee685395018,,"Grolley FR Centre Logisitique de l’Armée - CLAG - 2ème étape,
Construction du bâtiment AD ateliers / stockage",duplicate_project_pubtype_language,2026-04-16T16:02:43.386869+00:00
109638,820171,2014-05-07,2014-05-02,OB02,FEDERATION,OPEN,WORKS,FR,BE,BE,,45210000,576986.65,CHF,6.0,1,Brandt SA,,False,2026-04-16T11:23:13+00:00,e894bddd-0e42-4953-96b6-15d14bc28640,,"Grolley FR Centre Logisitique de l’Armée - CLAG - 2ème étape,
Construction du bâtiment AD ateliers / stockage",duplicate_project_pubtype_language,2026-04-16T16:02:43.386869+00:00
108629,819927,2014-05-05,2014-05-01,OB02,UTILITY,OPEN,SUPPLIES,FR,VD,VD,,24111300,271000.0,CHF,3.0,1,Carbagas,,False,2026-04-16T11:23:12+00:00,de8fcfd1-018b-441a-873f-2dc8532a4ab9,,Appel d'offres pour les gaz de laboratoires,duplicate_project_pubtype_language,2026-04-16T16:02:43.386869+00:00
108629,819931,2014-05-05,2014-05-01,OB02,UTILITY,OPEN,SUPPLIES,FR,VD,VD,,24111300,229600.0,CHF,3.0,1,PanGas AG,,False,2026-04-16T11:23:12+00:00,e5371e3e-a042-4bb3-b7ed-b5cbcf77e54c,,Appel d'offres pour les gaz de laboratoires,duplicate_project_pubtype_language,2026-04-16T16:02:43.386869+00:00
108629,819925,2014-05-05,2014-05-01,OB02,UTILITY,OPEN,SUPPLIES,FR,VD,VD,,24111800,389191.0,CHF,3.0,1,Carbagas,,False,2026-04-16T11:23:12+00:00,2b392f0d-1fc6-49ea-8b96-a4e5cec05d02,,Appel d'offres pour les gaz de laboratoires,duplicate_project_pubtype_language,2026-04-16T16:02:43.386869+00:00
129469,893201,2015-12-08,2015-11-19,OB02,CANTON_OTHER,OPEN,SERVICES,FR,GE,GE,,66000000,739749.3,CHF,3.0,1,GENERALI Assurances Générales SA,,False,2026-04-16T12:17:21+00:00,4c1008c8-dab3-4973-bb55-19fb2868ac97,,"Assurance de Choses, Personnes et Flotte véhicules",duplicate_project_pubtype_language,2026-04-16T16:02:43.386869+00:00
50374,572453,2010-12-17,2010-10-04,OB02,MUNICIPALITY_OTHER,OPEN,WORKS,FR,VD,VD,,45111100,529338.0,CHF,11.0,1,Association d'entreprises WALO BERTSCHINGER S.A. – ROGER BARBEY S.A.,,False,2026-04-15T09:19:58+00:00,131bcbd4-5b31-4c21-a517-55c34f0195d3,,"AIEHJ
Conduites et installations d'eau potable",duplicate_project_pubtype_language,2026-04-16T16:02:43.386869+00:00
107342,820275,2014-05-13,2014-05-07,OB02,CANTON,OPEN,SERVICES,FR,GE,GE,,66515100,132892.7,CHF,2.0,1,Allianz Suisse Société d'Assurances SA,,False,2026-04-16T11:23:13+00:00,438804e3-4cf3-494d-bf90-01264b866094,,Appel d’offres public pour des assurances incendie – dommages naturels pour bâtiments et contenus,duplicate_project_pubtype_language,2026-04-16T16:02:43.386869+00:00
56816,573407,2010-12-17,2010-12-07,OB02,MUNICIPALITY,OPEN,WORKS,DE,ZH,ZH,,45000000,197657.05,CHF,,1,Klöti Malergeschäft AG,"Stadt Zürich
Amt für Hochbauten",False,2026-04-15T09:19:58+00:00,b3363fd9-dddb-4e38-80d1-af0422e7a489,"VBZ-Busgarage Hardau,
Innere Malerarbeiten",,duplicate_project_pubtype_language,2026-04-16T16:02:43.386869+00:00
61613,573169,2010-12-17,,OB05,MUNICIPALITY,OPEN,WORKS,DE,VS,VS,,45000000,,CHF,,0,,"Einwohnergemeinde Zermatt
Wasserversorgung
Reinhard Perren",False,2026-04-15T09:19:58+00:00,3507cfa3-8ce5-4a4e-bbe0-a8be0dc8bb6a,"ARA Zermatt
BKP 211 + Div. Baumeisterarbeiten 2",,duplicate_project_pubtype_language,2026-04-16T16:02:43.386869+00:00
104503,820117,2014-05-09,2014-04-30,OB02,CANTON,OPEN,SUPPLIES,DE,ZH,ZH,,33140000,166965.0,CHF,3.0,1,Erbe Swiss AG,"UniversitätsSpital Zürich
Direktion Betrieb
Einkauf Medizintechnische Investitionen",False,2026-04-16T11:23:13+00:00,743f9e7e-713b-4c22-97e3-58d86d8e1eb5,"Submission ""HF-Geräte und HF-Verbrauchsmaterialen; PAMTI 7204/13, 7203/13, 1100/13""",,duplicate_project_pubtype_language,2026-04-16T16:02:43.386869+00:00
107342,820273,2014-05-13,2014-05-07,OB02,CANTON,OPEN,SERVICES,FR,GE,GE,,66515100,64880.3,CHF,2.0,1,Allianz Suisse Société d'Assurances SA,,False,2026-04-16T11:23:13+00:00,a09e6f72-3eb7-4929-9fab-77cde658e050,,Appel d’offres public pour des assurances incendie – dommages naturels pour bâtiments et contenus,duplicate_project_pubtype_language,2026-04-16T16:02:43.386869+00:00
47898,573495,2010-12-20,2010-11-04,OB02,CANTON,OPEN,SERVICES,DE,SG,SG,,71300000,2082006.2,CHF,5.0,1,Bänziger + Partner AG,Hochbauamt des Kantons St.Gallen,False,2026-04-15T09:19:58+00:00,30ce67b6-228c-4cec-b0f3-4dff7e9821dc,"Spital Grabs, Gesamterneuerung, 9472 Grabs",,duplicate_project_pubtype_language,2026-04-16T16:02:43.386869+00:00
129469,893203,2015-12-08,2015-11-19,OB02,CANTON_OTHER,OPEN,SERVICES,FR,GE,GE,,66000000,40667.2,CHF,7.0,1,GENERALI Assurances Générales SA,,False,2026-04-16T12:17:21+00:00,0efbbb57-39c3-48e0-8b14-470feed66099,,"Assurance de Choses, Personnes et Flotte véhicules",duplicate_project_pubtype_language,2026-04-16T16:02:43.386869+00:00
43311,574427,2010-12-21,2010-12-03,OB02,UTILITY,OPEN,WORKS,FR,GE,GE,,45000000,513653.2,CHF,,1,"HKM SA Sols, tapis et parquets",,False,2026-04-15T09:19:58+00:00,f315cfa0-4ba1-45c0-9aef-b53e14942af1,,"Gare de Genève Cornavin / Transformation des parties d'ouvrages A, B, C et E",duplicate_project_pubtype_language,2026-04-16T16:02:43.386869+00:00
50390,576917,2010-12-24,2010-12-20,OB02,FEDERATION,OPEN,SERVICES,DE,BE,BE,,71000000,386311.16,CHF,4.0,1,Consultest AG,"Bundesamt für Strassen ASTRA, Abteilung Strasseninfrastruktur, Filiale Winterthur",False,2026-04-15T09:19:59+00:00,980a28eb-6353-42a4-afe6-6f23910e6446,Rahmenverträge Bauherrenlabor Betonprüfungen,,duplicate_project_pubtype_language,2026-04-16T16:02:43.386869+00:00
50390,576915,2010-12-24,2010-12-20,OB02,FEDERATION,OPEN,SERVICES,FR,BE,BE,,71000000,556982.52,CHF,4.0,1,IMP Bautest AG,,False,2026-04-15T09:19:59+00:00,78dda9f8-fc05-40c2-8c59-91c3dd8f7610,,Contrats cadres laboratoire de maîtrise d’ouvrage Essais du béton,duplicate_project_pubtype_language,2026-04-16T16:02:43.386869+00:00
129857,892815,2015-12-02,2015-11-26,OB02,CANTON_OTHER,OPEN,SERVICES,DE,BS,BS,,45231300,730542.0,CHF,,1,Heinis AG,"Bau- und Verkehrsdepartement des Kantons Basel-Stadt, Fachstelle für Submissionen",False,2026-04-16T12:17:21+00:00,af6380ae-69e8-4e7a-9cf9-7aa3e4836548,"IWB, Rohrleitungsbau AL Wasser und VL Wasser",,duplicate_project_pubtype_language,2026-04-16T16:02:43.386869+00:00
107404,820485,2014-05-12,2014-05-12,OB02,FEDERATION,OPEN,SERVICES,DE,,,,71355000,604863.2,CHF,13.0,1,Trigonet AG,Bundesamt für Strassen ASTRA,False,2026-04-16T11:23:13+00:00,ee9a364a-f3e0-4a18-b94a-5ad28f4a4132,"Organisation, Durchführung und Auswertung von geodätischen Kontrollmessungen im Gebiet der ASTRA Filiale Zofingen über eine Zeitdauer von 10 Jahren.",,duplicate_project_pubtype_language,2026-04-16T16:02:43.386869+00:00
107404,820489,2014-05-12,2014-05-12,OB02,FEDERATION,OPEN,SERVICES,DE,,,,71355000,740356.95,CHF,17.0,1,Jermann Ingenieure + Geometer AG,Bundesamt für Strassen ASTRA,False,2026-04-16T11:23:13+00:00,0a564139-30d6-43d5-9358-03a05d298d5b,"Organisation, Durchführung und Auswertung von geodätischen Kontrollmessungen im Gebiet der ASTRA Filiale Zofingen über eine Zeitdauer von 10 Jahren.",,duplicate_project_pubtype_language,2026-04-16T16:02:43.386869+00:00
52259,578555,2010-12-29,2010-12-23,OB02,UTILITY,OPEN,SUPPLIES,DE,VD,VD,,38511200,,CHF,,1,"FEI Europe B.V., Eindhoven, Zweigniederlassung Zürich","Ecole Polytechnique Fédérale de Lausanne
Centre Interdisciplinaire de Microscopie Electronique (CIME)",False,2026-04-15T09:19:59+00:00,6c5b4acf-ec55-4940-82b9-edbda134a6c4,Microscopes électroniques,,duplicate_project_pubtype_language,2026-04-16T16:02:43.386869+00:00
107625,820553,2014-05-09,2014-04-29,OB02,FEDERATION,OPEN,SERVICES,DE,BE,BE,,90740000,,CHF,,1,Sigmaplan AG,"armasuisse
Kompetenzbereich Einkauf und Kooperationen
CC WTO",False,2026-04-16T11:23:13+00:00,f9e7e585-4b07-4a83-a5f6-0075a1273804,Treibhausgas- und Luftschadstoffinventar,,duplicate_project_pubtype_language,2026-04-16T16:02:43.386869+00:00
107625,820565,2014-05-09,2014-04-29,OB02,FEDERATION,OPEN,SERVICES,FR,BE,BE,,90740000,,CHF,,1,Sigmaplan AG,,False,2026-04-16T11:23:13+00:00,b39c1966-fc41-4e5b-95fd-a62a82eb753f,,Treibhausgas- und Luftschadstoffinventar,duplicate_project_pubtype_language,2026-04-16T16:02:43.386869+00:00
107625,820555,2014-05-09,2014-04-29,OB02,FEDERATION,OPEN,SERVICES,DE,BE,BE,,90740000,293112.0,CHF,,1,Carbotech AG,"armasuisse
Kompetenzbereich Einkauf und Kooperationen
CC WTO",False,2026-04-16T11:23:13+00:00,2a68fc8d-3eb7-41f9-9911-fd2ec9c299af,Treibhausgas- und Luftschadstoffinventar,,duplicate_project_pubtype_language,2026-04-16T16:02:43.386869+00:00
107625,820559,2014-05-09,2014-04-29,OB02,FEDERATION,OPEN,SERVICES,DE,BE,BE,,90740000,472000.0,CHF,,1,dialog:umwelt GmbH,"armasuisse
Kompetenzbereich Einkauf und Kooperationen
CC WTO",False,2026-04-16T11:23:13+00:00,da57d5f9-2b6f-46b4-90dc-e398e40047ba,Treibhausgas- und Luftschadstoffinventar,,duplicate_project_pubtype_language,2026-04-16T16:02:43.386869+00:00
107404,820607,2014-05-12,2014-05-12,OB02,FEDERATION,OPEN,SERVICES,FR,,,,71355000,604863.2,CHF,13.0,1,Trigonet AG,,False,2026-04-16T11:23:13+00:00,7fa30887-119f-480f-a97a-81b561b1d18f,,"Organisation, réalisation et évaluation de mesures de contrôle géodésique dans la région de la filiale OFROU de Zofingue sur une période de 10 ans.",duplicate_project_pubtype_language,2026-04-16T16:02:43.386869+00:00
107404,820609,2014-05-12,2014-05-12,OB02,FEDERATION,OPEN,SERVICES,FR,,,,71355000,740356.95,CHF,17.0,1,Jermann Ingenieure + Geometer AG,,False,2026-04-16T11:23:13+00:00,13eecc09-b44a-40db-b4a5-9dd12d511897,,"Organisation, réalisation et évaluation de mesures de contrôle géodésique dans la région de la filiale OFROU de Zofingue sur une période de 10 ans.",duplicate_project_pubtype_language,2026-04-16T16:02:43.386869+00:00
128495,889269,2015-11-06,2015-10-28,OB02,MUNICIPALITY,OPEN,SERVICES,DE,ZH,ZH,,72000000,195.0,CHF,30.0,1,APP Unternehmensberatung AG,"Stadt Winterthur
Departement Finanzen
Informatikdienste (IDW)",False,2026-04-16T12:15:10+00:00,49a59ee0-b18f-4cd3-8312-e0ce70469e36,Informatikdienstleistungen-Rahmenvertrag,,duplicate_project_pubtype_language,2026-04-16T16:02:43.386869+00:00
37153,577103,2011-01-07,2010-12-22,OB02,MUNICIPALITY,OPEN,WORKS,FR,VD,VD,,45000000,123202.0,CHF,5.0,1,LMT exploitation SA,,False,2026-04-15T09:19:59+00:00,514689ad-4499-4e90-893d-b5aff158bf64,,Théâtre de l'Arsenic,duplicate_project_pubtype_language,2026-04-16T16:02:43.386869+00:00
109907,820691,2014-05-16,2014-05-08,OB02,MUNICIPALITY,OPEN,SUPPLIES,DE,ZH,ZH,,30213300,12966.0,CHF,7.0,1,Computer Trade Scheuss GmbH,"Schulgemeinde Rorbas-Freienstein-Teufen
Schulverwaltung",False,2026-04-16T11:23:13+00:00,0e360e2f-7185-4ee6-bbd0-5c00416d9c1f,ICT-Mittel für die Schule Rorbas-Freienstein-Teufen,,duplicate_project_pubtype_language,2026-04-16T16:02:43.386869+00:00
107543,820721,2014-05-16,2014-05-06,OB02,MUNICIPALITY,OPEN,WORKS,DE,ZH,ZH,,45000000,351980.75,CHF,,1,Roth Gerüste AG,"Stiftung Zürcher Kunsthaus
c/o Thomas U. Müller Cons.",False,2026-04-16T11:23:13+00:00,86d98f6d-543a-4742-8324-258ce870aab7,Instandsetzung Glaskapelle Moser 1 KHZ,,duplicate_project_pubtype_language,2026-04-16T16:02:43.386869+00:00
107543,820725,2014-05-16,2014-05-06,OB02,MUNICIPALITY,OPEN,WORKS,DE,ZH,ZH,,45000000,52274.2,CHF,,1,Anliker AG Bauunternehmung,"Stiftung Zürcher Kunsthaus
c/o Thomas U. Müller Cons.",False,2026-04-16T11:23:13+00:00,f7baf448-44b1-423f-a231-a89d4dcb9873,Instandsetzung Glaskapelle Moser 1 KHZ,,duplicate_project_pubtype_language,2026-04-16T16:02:43.386869+00:00
107309,820981,2014-05-22,2014-05-21,OB02,FEDERATION,OPEN,SERVICES,DE,ZH,ZH,,60000000,19700.3,CHF,,1,Gafner AG,"armasuisse
Einkauf und Kooperationen
CC WTO",False,2026-04-16T11:23:13+00:00,729d7142-c941-46de-af78-cc7061d94fe6,Auslandtransporte für Kampagnen der Luftwaffe,,duplicate_project_pubtype_language,2026-04-16T16:02:43.386869+00:00
108627,820873,2014-05-16,2014-05-12,OB02,MUNICIPALITY,OPEN,SERVICES,DE,ZH,ZH,,71337000,293654.3,CHF,2.0,1,Wilcop AG,"ewz Elektrizitätswerk der Stadt Zürich
Services
Projekteinkauf, SEP",False,2026-04-16T11:23:13+00:00,5a4d84fa-6789-4a51-8c2b-0084f1420a3b,Korrosionsschutzarbeiten Hochspannungsmasten  Benken -  Fällanden Masten 0-19 und 22-47.,,duplicate_project_pubtype_language,2026-04-16T16:02:43.386869+00:00
47921,577667,2011-01-10,2010-11-15,OB02,CANTON,OPEN,WORKS,DE,SG,SG,,45000000,498862.35,CHF,6.0,1,Beeler Haustechnik AG,Hochbauamt des Kantons St.Gallen,False,2026-04-15T09:19:59+00:00,348d2ba8-b943-41c3-8701-e055bd49b784,Regionale Sportanlage Sargans,,duplicate_project_pubtype_language,2026-04-16T16:02:43.386869+00:00
47921,577651,2011-01-10,2010-11-12,OB02,CANTON,OPEN,WORKS,DE,SG,SG,,45000000,578182.9,CHF,7.0,1,Schiffner AG,Hochbauamt des Kantons St.Gallen,False,2026-04-15T09:19:59+00:00,c5585d67-ffcf-4731-b21a-076ddd864aa8,Regionale Sportanlage Sargans,,duplicate_project_pubtype_language,2026-04-16T16:02:43.386869+00:00
107309,820983,2014-05-22,2014-05-21,OB02,FEDERATION,OPEN,SERVICES,FR,ZH,ZH,,60000000,19700.3,CHF,,1,Gafner AG,,False,2026-04-16T11:23:13+00:00,1c91d25e-0820-45bc-9880-b475f608c424,,Transports à l'étranger pour les campagnes des Forces aériennes,duplicate_project_pubtype_language,2026-04-16T16:02:43.386869+00:00
106097,821079,2014-05-16,2014-05-12,OB02,FEDERATION,OPEN,SERVICES,DE,BE,BE,,72260000,900000.0,CHF,,1,swisselect ag bern,"Bundesamt für Bauten und Logistik (BBL)
Öffentliche Ausschreibungen",False,2026-04-16T11:25:19+00:00,3004719a-52fc-4f50-8b1a-e61a69cedf2a,(13101) 609 Betriebswirtschaftliche Unterstützung BWM 2014 - 2017,,duplicate_project_pubtype_language,2026-04-16T16:02:43.386869+00:00
106097,821087,2014-05-16,2014-05-12,OB02,FEDERATION,OPEN,SERVICES,DE,BE,BE,,72260000,1333440.0,CHF,,1,NOVO Business Consultants AG,"Bundesamt für Bauten und Logistik (BBL)
Öffentliche Ausschreibungen",False,2026-04-16T11:25:19+00:00,99c04bfb-8d78-4229-a4cd-2d5eaad2461a,(13101) 609 Betriebswirtschaftliche Unterstützung BWM 2014 - 2017,,duplicate_project_pubtype_language,2026-04-16T16:02:43.386869+00:00
106097,821069,2014-05-16,2014-05-12,OB02,FEDERATION,OPEN,SERVICES,DE,BE,BE,,72260000,1168800.0,CHF,,1,IQ Plus AG,"Bundesamt für Bauten und Logistik (BBL)
Öffentliche Ausschreibungen",False,2026-04-16T11:25:19+00:00,7994c485-98a0-4042-94f4-2264a0e7a97a,(13101) 609 Betriebswirtschaftliche Unterstützung BWM 2014 - 2017,,duplicate_project_pubtype_language,2026-04-16T16:02:43.386869+00:00
106097,821085,2014-05-16,2014-05-12,OB02,FEDERATION,OPEN,SERVICES,DE,BE,BE,,72260000,2666880.0,CHF,,1,NOVO Business Consultants AG,"Bundesamt für Bauten und Logistik (BBL)
Öffentliche Ausschreibungen",False,2026-04-16T11:25:19+00:00,bc72b587-2ed6-4c19-a3ef-8b9b06e8bfa2,(13101) 609 Betriebswirtschaftliche Unterstützung BWM 2014 - 2017,,duplicate_project_pubtype_language,2026-04-16T16:02:43.386869+00:00
106097,821089,2014-05-16,2014-05-12,OB02,FEDERATION,OPEN,SERVICES,DE,BE,BE,,72260000,1368000.0,CHF,,1,ConVista Consulting AG,"Bundesamt für Bauten und Logistik (BBL)
Öffentliche Ausschreibungen",False,2026-04-16T11:25:19+00:00,4c1a5fcb-144f-4c98-abe7-9d6374f39713,(13101) 609 Betriebswirtschaftliche Unterstützung BWM 2014 - 2017,,duplicate_project_pubtype_language,2026-04-16T16:02:43.386869+00:00
106097,821097,2014-05-16,2014-05-12,OB02,FEDERATION,OPEN,SERVICES,DE,BE,BE,,72260000,1353600.0,CHF,,1,Swisscom IT Services AG,"Bundesamt für Bauten und Logistik (BBL)
Öffentliche Ausschreibungen",False,2026-04-16T11:25:19+00:00,24bafefd-0624-4a1b-9ef7-25a48c34ab46,(13101) 609 Betriebswirtschaftliche Unterstützung BWM 2014 - 2017,,duplicate_project_pubtype_language,2026-04-16T16:02:43.386869+00:00
106097,821121,2014-05-16,2014-05-12,OB02,FEDERATION,OPEN,SERVICES,DE,BE,BE,,72260000,1296000.0,CHF,,1,Swisscom IT Services AG,"Bundesamt für Bauten und Logistik (BBL)
Öffentliche Ausschreibungen",False,2026-04-16T11:25:19+00:00,70ecdf98-14ba-4d53-a63d-a79fd7f4fb04,(13101) 609 Betriebswirtschaftliche Unterstützung BWM 2014 - 2017,,duplicate_project_pubtype_language,2026-04-16T16:02:43.386869+00:00
106097,821125,2014-05-16,2014-05-12,OB02,FEDERATION,OPEN,SERVICES,FR,BE,BE,,72260000,1296000.0,CHF,,1,Swisscom IT Services AG,,False,2026-04-16T11:25:19+00:00,53a5eefa-ea17-494b-88e9-8ae3a7e3ff1b,,(13101) 609 Prestations d’assistance en gestion d‘entreprise BWM 2014 - 2017,duplicate_project_pubtype_language,2026-04-16T16:02:43.386869+00:00
108028,821175,2014-05-28,2014-04-17,OB02,MUNICIPALITY,OPEN,WORKS,DE,BE,BE,,45000000,129135.4,CHF,,1,Anytech Metallbau AG,Fachstelle Beschaffungswesen Stadt Bern,False,2026-04-16T11:25:19+00:00,8955d118-d276-4f12-a01d-28c0cc7477ec,"VWG Schwanengasse 14, Gesamterneuerung,
BKP 271 / BKP 283 Gipserarbeiten / Deckenbekleidungen,
BKP 272.0 Aussen- / Innentüren in Metall,
BKP 273.0 Innentüren in Holz,
BKP 281.7 Bodenbeläge in Holz",,duplicate_project_pubtype_language,2026-04-16T16:02:43.386869+00:00
108028,821173,2014-05-28,2014-04-17,OB02,MUNICIPALITY,OPEN,WORKS,DE,BE,BE,,45000000,994997.3,CHF,,1,Frepa AG,Fachstelle Beschaffungswesen Stadt Bern,False,2026-04-16T11:25:19+00:00,59234e65-7ee8-4bac-8cbb-7d8924ceb74a,"VWG Schwanengasse 14, Gesamterneuerung,
BKP 271 / BKP 283 Gipserarbeiten / Deckenbekleidungen,
BKP 272.0 Aussen- / Innentüren in Metall,
BKP 273.0 Innentüren in Holz,
BKP 281.7 Bodenbeläge in Holz",,duplicate_project_pubtype_language,2026-04-16T16:02:43.386869+00:00
108020,821185,2014-05-28,2014-04-17,OB02,MUNICIPALITY,OPEN,WORKS,DE,BE,BE,,45000000,189487.05,CHF,,1,casaulta+klos AG,Fachstelle Beschaffungswesen Stadt Bern,False,2026-04-16T11:25:19+00:00,8010c881-e1dc-4ec8-8d07-4272cd458f81,"VWG Schwanengasse 14, Gesamterneuerung,
BKP 272.2 Allgemeine Metallarbeiten,
BKP 273.3 Allgemeine Schreinerarbeiten",,duplicate_project_pubtype_language,2026-04-16T16:02:43.386869+00:00
107271,821189,2014-08-28,2014-04-16,OB02,MUNICIPALITY,OPEN,WORKS,DE,BE,BE,,45000000,428781.6,CHF,,1,Hans Schmid AG,Fachstelle Beschaffungswesen Stadt Bern,False,2026-04-16T11:25:19+00:00,e4a624fc-fcd9-4a8d-8a81-503a4082641c,Grosse Allmend Bern / Hyspaplatz: Teilweise Umgestaltung und Erstellung von zwei Kunstrasenfeldern sowie Neubau einer Remise,,duplicate_project_pubtype_language,2026-04-16T16:02:43.386869+00:00
109523,821285,2014-05-16,2014-05-07,OB02,MUNICIPALITY,OPEN,WORKS,DE,ZH,ZH,,45311000,662514.45,CHF,,1,Alpiq InTec Ost AG,"Stadt Winterthur
Amt für Städtebau
Abteilung Hochbauten",False,2026-04-16T11:25:19+00:00,3db4471d-2356-431a-af8c-a878c9eff559,Stadion Schützenwiese Winterthur: Neubau Gegentribüne,,duplicate_project_pubtype_language,2026-04-16T16:02:43.386869+00:00
38850,585979,2011-01-20,2011-01-17,OB02,FEDERATION,OPEN,SUPPLIES,DE,BE,BE,,39130000,444598.0,CHF,,1,KIM Stahlmöbel AG,"Bundesamt für Bauten und Logistik (BBL)
Öffentliche Ausschreibungen",False,2026-04-15T09:22:32+00:00,2379547a-ca28-4431-9c67-9acfe5064387,Projekt (1015) 620 Tischgestelle in Metall,,duplicate_project_pubtype_language,2026-04-16T16:02:43.386869+00:00
109523,821521,2014-05-23,2014-05-07,OB02,MUNICIPALITY,OPEN,WORKS,DE,ZH,ZH,,45300000,1093947.0,CHF,,1,MÜLLER-STEINAG ELEMENT AG,"Stadt Winterthur
Amt für Städtebau
Abteilung Hochbauten",False,2026-04-16T11:25:19+00:00,345497cb-ab46-406f-b84a-69922dd42233,Stadion Schützenwiese Winterthur: Neubau Gegentribüne,,duplicate_project_pubtype_language,2026-04-16T16:02:43.386869+00:00
112711,842063,2014-11-14,2014-11-10,OB02,UTILITY,OPEN,SUPPLIES,DE,BE,BE,,34941000,350000.0,CHF,7.0,1,Trelco AG,BLS Netz AG,False,2026-04-16T11:39:43+00:00,d736768a-9dcc-4e94-a62c-eca5244ef2c7,Beschaffung Zungenrollvorrichtung,,duplicate_project_pubtype_language,2026-04-16T16:02:43.386869+00:00
47726,585425,2011-01-21,2011-01-07,OB02,MUNICIPALITY,OPEN,WORKS,DE,ZH,ZH,,45210000,3220300.95,CHF,,1,Surber Metallbau AG,"Stadt Zürich
Amt für Hochbauten",False,2026-04-15T09:22:32+00:00,93450766-3413-46e5-888b-a47bdf762bd0,VBZ-Busgarage Hardau,,duplicate_project_pubtype_language,2026-04-16T16:02:43.386869+00:00
37289,583837,2011-01-21,2011-01-12,OB02,MUNICIPALITY,OPEN,WORKS,FR,VD,VD,,45000000,87239.0,CHF,3.0,1,City Techniques branche de Music City Sàrl,,False,2026-04-15T09:22:30+00:00,7a54824d-c291-4c5f-b4dd-29bf3a57ce41,,Théâtre de l'Arsenic,duplicate_project_pubtype_language,2026-04-16T16:02:43.386869+00:00
42985,586063,2011-01-24,2010-11-29,OB02,CANTON,OPEN,SUPPLIES,FR,GE,GE,,35000000,816388.0,CHF,5.0,1,Tony Braendle AG Wil,,False,2026-04-15T09:22:32+00:00,a73c0a34-8e89-4086-a4f0-11f483dd12a0,,Acquisition de véhicules pompiers,duplicate_project_pubtype_language,2026-04-16T16:02:43.386869+00:00
106491,821593,2014-05-27,2014-03-27,OB02,CANTON_OTHER,OPEN,WORKS,FR,VD,VD,,45000000,352357.0,CHF,2.0,1,G. Dentan SA,,False,2026-04-16T11:25:20+00:00,af03658a-808f-4433-88ab-2eac2734e8d9,,CHUV_Travaux préparatoires pour la réalisation d'un bloc opératoire préfabiqué au niveau 06/07 du bâtiment hospitalier CHUV,duplicate_project_pubtype_language,2026-04-16T16:02:43.386869+00:00
108963,821675,2014-05-23,2014-05-15,OB02,MUNICIPALITY,OPEN,WORKS,DE,ZH,ZH,,45210000,496011.6,CHF,,1,Cofely AG,"Stadt Zürich
Amt für Hochbauten",False,2026-04-16T11:25:20+00:00,f517aa82-6482-47a8-8520-4acbc2434442,"Instandsetzung, Turnhalle und Schwimmanlage Stettbach",,duplicate_project_pubtype_language,2026-04-16T16:02:43.386869+00:00
106636,821945,2014-05-23,2014-05-15,OB02,MUNICIPALITY,OPEN,WORKS,DE,ZH,ZH,,45315000,1206068.0,CHF,,1,Koster AG,"Stadt Zürich
Amt für Hochbauten",False,2026-04-16T11:25:20+00:00,249370cb-5bf3-4a05-959d-3c22ee617a21,Wohnsiedlung Kronenwiese,,duplicate_project_pubtype_language,2026-04-16T16:02:43.386869+00:00
108298,821707,2014-05-23,2014-05-14,OB02,MUNICIPALITY,OPEN,SUPPLIES,DE,ZH,ZH,,55322000,5.18,CHF,2.0,1,SV (Schweiz) AG,"Stadt Winterthur
Departement Schule und Sport
Einkauf & Logistik",False,2026-04-16T11:25:20+00:00,5f399e8d-ab73-4952-9b3d-af74ac1c3f62,Mittagessen und dessen Transport (2 Beschaffungen) Schulergänzende Betreuung (SchuBe) Stadt Winterthur,,duplicate_project_pubtype_language,2026-04-16T16:02:43.386869+00:00
107531,821725,2014-05-23,2014-04-30,OB02,MUNICIPALITY_OTHER,OPEN,SUPPLIES,DE,AG,AG,,31200000,776200.0,CHF,3.0,1,ABB Schweiz AG,"AEW Energie AG
Netzinfrastruktur",False,2026-04-16T11:25:20+00:00,df157bbd-61b6-4b0e-82e0-2279fc4cfed7,110kV-GIS-Schaltanlagen,,duplicate_project_pubtype_language,2026-04-16T16:02:43.386869+00:00
108137,822145,2014-05-23,2014-05-19,OB02,CANTON_OTHER,OPEN,WORKS,DE,ZH,ZH,,45210000,228854.0,CHF,1.0,1,BURRI public elements AG,Flughafen Zürich AG,False,2026-04-16T11:25:20+00:00,c52f0f09-5f10-4372-85a3-1cf97ff98a09,"H.B0095.24 Neugestaltung Vorfahrten, BKP 443.3 Aussenbeleuchtung",,duplicate_project_pubtype_language,2026-04-16T16:02:43.386869+00:00
54930,589337,2011-01-31,2011-01-25,OB02,FEDERATION,OPEN,SERVICES,DE,BE,BE,,22000000,156261.53,CHF,10.0,1,Meier Druck AG,"Bundesamt für Strassen ASTRA, Abteilung Strasseninfrastruktur, Filiale Winterthur",False,2026-04-15T09:22:32+00:00,56d87a58-b737-4ea1-910b-27d7e99650eb,Rahmenverträge Kopierwesen,,duplicate_project_pubtype_language,2026-04-16T16:02:43.386869+00:00
54930,589299,2011-01-31,2011-01-25,OB02,FEDERATION,OPEN,SERVICES,FR,BE,BE,,22000000,182448.0,CHF,10.0,1,DPC PLOT24 AG,,False,2026-04-15T09:22:32+00:00,22ff698c-0170-417b-a82b-bdc560eda40f,,Contrats cadres pour reprographie,duplicate_project_pubtype_language,2026-04-16T16:02:43.386869+00:00
109132,822031,2014-05-23,2014-05-14,OB02,CANTON,OPEN,SERVICES,DE,ZH,ZH,,77310000,1038077.15,CHF,,1,besa strassenunterhalt AG,"Baudirektion Kanton Zürich,
Tiefbauamt / GE VII",False,2026-04-16T11:25:20+00:00,f1bc2a30-1d08-4828-bd7b-d79589814187,Grünpflegearbeiten 2014 - 2016,,duplicate_project_pubtype_language,2026-04-16T16:02:43.386869+00:00
133811,912231,2016-04-23,2016-04-23,OB02,UTILITY,OPEN,SERVICES,FR,SO,SO,,18000000,946170.0,CHF,12.0,1,Hüsler Berufskleider AG,,False,2026-04-16T12:30:40+00:00,06fb262e-5d2d-498b-91a5-4216ff76659e,,Nouvelle tenue TBG - Hemden-Blusen,duplicate_project_pubtype_language,2026-04-16T16:02:43.386869+00:00
107979,822095,2014-05-21,2014-05-19,OB02,FEDERATION,OPEN,WORKS,FR,BE,BE,,45000000,204091.45,CHF,,1,BIKO Engineering AG,,False,2026-04-16T11:25:20+00:00,5c8d9c07-bd68-4552-862d-16ba969c42f5,,"Travaux de transformation et de construction dans le cadre de la réalisation d'un centre administratif (CA) sur le site de la Guisanplatz 1 (G1), à Berne; première étape.",duplicate_project_pubtype_language,2026-04-16T16:02:43.386869+00:00
107979,822067,2014-05-21,2014-05-19,OB02,FEDERATION,OPEN,WORKS,FR,BE,BE,,45000000,54259.75,CHF,,1,BIKO Engineering AG,,False,2026-04-16T11:25:20+00:00,7a2a2743-7f0a-4b96-bf38-e187870075bc,,"Travaux de transformation et de construction dans le cadre de la réalisation d'un centre administratif (CA) sur le site de la Guisanplatz 1 (G1), à Berne; première étape.",duplicate_project_pubtype_language,2026-04-16T16:02:43.386869+00:00
133811,912229,2016-04-23,2016-04-23,OB02,UTILITY,OPEN,SERVICES,FR,SO,SO,,18000000,1214227.0,CHF,11.0,1,Metzler & Co. AG.,,False,2026-04-16T12:30:40+00:00,389c7498-1f6b-462a-8187-3674a7618e4f,,Nouvelle tenue TBG - Hemden-Blusen,duplicate_project_pubtype_language,2026-04-16T16:02:43.386869+00:00
108137,822147,2014-05-23,2014-05-19,OB02,CANTON_OTHER,OPEN,WORKS,DE,ZH,ZH,,45210000,200642.0,CHF,1.0,1,Lighting Innovation Group AG,Flughafen Zürich AG,False,2026-04-16T11:25:20+00:00,7cc30dc8-248e-40ca-929b-2f7bcd4b7fcc,"H.B0095.24 Neugestaltung Vorfahrten, BKP 443.3 Aussenbeleuchtung",,duplicate_project_pubtype_language,2026-04-16T16:02:43.386869+00:00
133792,912285,2016-04-23,2016-04-23,OB02,UTILITY,OPEN,SERVICES,FR,SO,SO,,18000000,364500.0,CHF,13.0,1,Astratex SA,,False,2026-04-16T12:30:40+00:00,de8e2a2b-584e-4b8d-a4a4-2f01f550286a,,Nouvelle tenue TBG – vestes softshell,duplicate_project_pubtype_language,2026-04-16T16:02:43.386869+00:00
110644,822373,2014-05-30,2014-05-21,OB02,MUNICIPALITY,OPEN,WORKS,DE,ZH,ZH,,45210000,232265.35,CHF,,1,bafilco,"Stadt Zürich
Amt für Hochbauten",False,2026-04-16T11:25:20+00:00,fc3cd26e-2721-490b-aa60-51daeced476e,BAV 80383 Turnhalle/SSA Stettbach,,duplicate_project_pubtype_language,2026-04-16T16:02:43.386869+00:00
106121,822697,2014-05-24,2014-05-23,OB02,UTILITY,OPEN,SUPPLIES,FR,,,,44163000,,CHF,3.0,1,CML Egineering,,False,2026-04-16T11:25:20+00:00,72f15dd3-75eb-4864-83a9-2ea223e85796,,UHV Bande C systèmes de guide d'ondes,duplicate_project_pubtype_language,2026-04-16T16:02:43.386869+00:00
109802,822735,2014-06-04,2014-06-02,OB02,FEDERATION,OPEN,SERVICES,DE,NE,NE,,98000000,1298952.0,CHF,2.0,0,Demoscope AG,"Abteilung RU, Sektion MOBIL",False,2026-04-16T11:25:21+00:00,ead57b24-573b-4b23-ae74-5fa9b8b10ce4,Durchführung einer Erhebung betreffend des alpen- und grenzquerender Personenverkehrs,,duplicate_project_pubtype_language,2026-04-16T16:02:43.386869+00:00
59433,593841,2011-02-11,2011-02-01,OB02,MUNICIPALITY,OPEN,WORKS,DE,ZH,ZH,,45000000,327034.0,CHF,,1,Scherrer Metec AG,"Stadt Zürich
Amt für Hochbauten",False,2026-04-15T09:22:33+00:00,e89264cd-1364-4058-a4eb-0c13d274068f,"Schulanlage Ilgen, Instandsetzung und Ersatz des Turnhallengarderobentraktes",,duplicate_project_pubtype_language,2026-04-16T16:02:43.386869+00:00
109802,822747,2014-06-04,2014-06-02,OB02,FEDERATION,OPEN,SERVICES,FR,NE,NE,,98000000,1298952.0,CHF,2.0,0,Demoscope AG,,False,2026-04-16T11:25:21+00:00,313cd41d-eee4-496e-91de-a95faa5caa59,,Réalisation de l’enquête sur le trafic transalpin et transfrontalier de personnes,duplicate_project_pubtype_language,2026-04-16T16:02:43.386869+00:00
108875,822919,2014-06-24,2014-06-23,OB02,UTILITY,OPEN,SUPPLIES,DE,BE,BE,,32521000,10000000.0,CHF,,1,LEONI Studer AG,"Konzerneinkauf
Verbrauchsgüter",False,2026-04-16T11:25:21+00:00,adb4578c-1e9d-4302-bec7-80d02e213fdd,Kupferkabel,,duplicate_project_pubtype_language,2026-04-16T16:02:43.386869+00:00
112711,842067,2014-11-14,2014-11-10,OB02,UTILITY,OPEN,SUPPLIES,FR,BE,BE,,34941000,350000.0,CHF,7.0,1,Trelco AG,,False,2026-04-16T11:39:43+00:00,e6ce1286-fdfe-448f-95ec-63d97055e6d5,,Achat de coussinets de glissement à galets,duplicate_project_pubtype_language,2026-04-16T16:02:43.386869+00:00
56936,593855,2011-02-11,2011-02-01,OB02,MUNICIPALITY,OPEN,WORKS,DE,ZH,ZH,,45000000,643426.0,CHF,,1,Koster AG,"Stadt Zürich
Amt für Hochbauten",False,2026-04-15T09:22:33+00:00,7f02f838-7099-44e2-bb12-fca9bc957ea2,"Schulanlage Ilgen, Gerüste, Elektroanlagen, Heizungsanlagen, Lüftungsanlagen, Sanitäranlagen",,duplicate_project_pubtype_language,2026-04-16T16:02:43.386869+00:00
107830,822883,2014-06-13,2014-06-13,OB02,UTILITY,OPEN,SUPPLIES,FR,,,,42113000,816000.0,CHF,,1,Adams Schweiz AG,,False,2026-04-16T11:25:21+00:00,962c44d2-92ae-4650-83d7-6bb19be10ac1,,Nouvelle vanne sphérique et révision des trois vannes pour la centrale électrique d’Amsteg,duplicate_project_pubtype_language,2026-04-16T16:02:43.386869+00:00
107830,822873,2014-06-13,2014-06-13,OB02,UTILITY,OPEN,SUPPLIES,DE,,,,42113000,816000.0,CHF,,1,Adams Schweiz AG,SBB AG,False,2026-04-16T11:25:21+00:00,42386c22-3b43-40ae-8900-ff42dd83d088,Beschaffung und Revision Kugelschieber für KW Amsteg,,duplicate_project_pubtype_language,2026-04-16T16:02:43.386869+00:00
133792,912295,2016-04-23,2016-04-23,OB02,UTILITY,OPEN,SERVICES,FR,SO,SO,,18000000,203000.0,CHF,7.0,1,workfashion.com AG,,False,2026-04-16T12:30:40+00:00,707e7dcc-f89e-48fb-9079-1896098d034f,,Nouvelle tenue TBG – vestes softshell,duplicate_project_pubtype_language,2026-04-16T16:02:43.386869+00:00
108875,823161,2014-06-24,2014-06-23,OB02,UTILITY,OPEN,SUPPLIES,DE,BE,BE,,32521000,35000000.0,CHF,,1,Draka Comteq Berlin GmbH & Co KG,"Konzerneinkauf
Verbrauchsgüter",False,2026-04-16T11:25:21+00:00,1c78d89a-352f-470d-a041-1907a61c46fd,Kupferkabel,,duplicate_project_pubtype_language,2026-04-16T16:02:43.386869+00:00
109372,822969,2014-05-28,2014-05-21,OB02,FEDERATION,OPEN,WORKS,DE,BE,BE,,45000000,1043274.4,CHF,7.0,1,Muff + Schmutz AG,armasuisse Immobilien,False,2026-04-16T11:25:21+00:00,ac05d5eb-a160-41bb-8c1c-86db7b4d7cb9,"Spiez, Komp Zen ABC-KAMIR, Gesamtsanierung 2. Etappe – 8. Submissionspaket, BKP 230, 243, 246, 244, 250, 228.2",,duplicate_project_pubtype_language,2026-04-16T16:02:43.386869+00:00
109372,822977,2014-05-28,2014-05-20,OB02,FEDERATION,OPEN,WORKS,DE,BE,BE,,45000000,139193.6,CHF,2.0,1,Nyffenegger Storenfabrik AG,armasuisse Immobilien,False,2026-04-16T11:25:21+00:00,6518fbd8-8c8a-4687-86e7-e26b38c7434d,"Spiez, Komp Zen ABC-KAMIR, Gesamtsanierung 2. Etappe – 8. Submissionspaket, BKP 230, 243, 246, 244, 250, 228.2",,duplicate_project_pubtype_language,2026-04-16T16:02:43.386869+00:00
35498,583795,2011-02-18,2011-02-18,OB02,MUNICIPALITY,OPEN,SERVICES,DE,ZH,ZH,,72260000,18000000.0,CHF,,0,Logotex AG,"Stadt Zürich, Organisation und Informatik",False,2026-04-15T09:22:30+00:00,58d5a096-3a3e-4df0-89ce-f65cafe93804,IT-Dienstleistungen - Senior Projektleiter (EP),,duplicate_project_pubtype_language,2026-04-16T16:02:43.386869+00:00
53409,596881,2011-02-21,2011-01-10,OB02,CANTON,OPEN,WORKS,DE,SG,SG,,45000000,1398931.45,CHF,6.0,1,Huber + Monsch AG,Hochbauamt des Kantons St.Gallen,False,2026-04-15T09:25:56+00:00,a6be29ba-b1ce-4fa0-ab55-2a345bccba88,Neubau Fachhochschulzentrum Bahnhof Nord St.Gallen und Parkgarage.,,duplicate_project_pubtype_language,2026-04-16T16:02:43.386869+00:00
109372,822975,2014-05-28,2014-05-21,OB02,FEDERATION,OPEN,WORKS,DE,BE,BE,,45000000,1008217.6,CHF,3.0,1,A. Zimmermann AG Spiez,armasuisse Immobilien,False,2026-04-16T11:25:21+00:00,33037556-b385-42f6-9f51-129ec7295e3a,"Spiez, Komp Zen ABC-KAMIR, Gesamtsanierung 2. Etappe – 8. Submissionspaket, BKP 230, 243, 246, 244, 250, 228.2",,duplicate_project_pubtype_language,2026-04-16T16:02:43.386869+00:00
111017,823365,2014-05-29,2014-05-27,OB02,MUNICIPALITY_OTHER,OPEN,WORKS,DE,BE,BE,,45000000,384170.0,CHF,3.0,1,Tholander Ablufttechnik GmbH,ara region bern ag,False,2026-04-16T11:25:21+00:00,629ffa1b-8e35-42cd-918c-47361ba06f74,"Lieferung und Montage
Biofilter 1 - neuer Trockner und Biofilter 2 - Wasserstrasse",,duplicate_project_pubtype_language,2026-04-16T16:02:43.386869+00:00
109333,822989,2014-05-27,2014-05-23,OB02,UTILITY,OPEN,SERVICES,FR,VD,VD,,48812000,25500.0,CHF,,1,Cisel Informatique SA,,False,2026-04-16T11:25:21+00:00,6447f76b-9f08-4ef3-9557-aafec8b4c466,,Solution informatique pour la gestion des factures sortantes,duplicate_project_pubtype_language,2026-04-16T16:02:43.386869+00:00
59190,595109,2011-02-18,2011-02-08,OB02,MUNICIPALITY,OPEN,WORKS,DE,ZH,ZH,,45210000,480476.65,CHF,,1,Holz + Werk AG,"Stadt Zürich
Amt für Hochbauten",False,2026-04-15T09:22:34+00:00,365706fc-7a21-4735-a8d5-3498cdd18dee,"Schulhaus Weinberg, Weinbergstrasse 143, 8006 Zürich
Instandsetzung",,duplicate_project_pubtype_language,2026-04-16T16:02:43.386869+00:00
117621,914487,2016-05-13,,OB04,MUNICIPALITY_OTHER,OPEN,WORKS,FR,VD,VD,,45000000,,CHF,,1,,,False,2026-04-16T12:32:38+00:00,8b99428d-4b61-4756-8b5c-cae6db8059f8,,"EMS La Lembaz à Granges-près-Marnand, Commune de Valbroye",duplicate_project_pubtype_language,2026-04-16T16:02:43.386869+00:00
87056,823081,2014-06-24,2014-06-16,OB02,FEDERATION,OPEN,SUPPLIES,DE,BE,BE,,18132100,252472.0,CHF,,1,DSB Deutsche Schlauchboot GmbH,"armasuisse
Einkauf und Kooperationen
CC WTO",False,2026-04-16T11:25:21+00:00,935f6571-71b1-457c-be62-3c3351a3d5b8,Witterungs- und Kälteschutzsystem,,duplicate_project_pubtype_language,2026-04-16T16:02:43.386869+00:00
87056,823089,2014-06-24,2014-06-16,OB02,FEDERATION,OPEN,SUPPLIES,DE,BE,BE,,18132100,266065.0,CHF,,1,DSB Deutsche Schlauchboot GmbH,"armasuisse
Einkauf und Kooperationen
CC WTO",False,2026-04-16T11:25:21+00:00,0437171b-c412-476e-b640-d30cbbdba305,Witterungs- und Kälteschutzsystem,,duplicate_project_pubtype_language,2026-04-16T16:02:43.386869+00:00
87056,823087,2014-06-24,2014-06-16,OB02,FEDERATION,OPEN,SUPPLIES,EN,BE,BE,,18132100,252472.0,CHF,,1,DSB Deutsche Schlauchboot GmbH,"armasuisse
Purchasing and cooperations
CC WTO",False,2026-04-16T11:25:21+00:00,2c646748-07c1-4017-bb36-6d2043331ba5,Weather and Cold Protection System for Flight Crews,,duplicate_project_pubtype_language,2026-04-16T16:02:43.386869+00:00
87056,823095,2014-06-24,2014-06-16,OB02,FEDERATION,OPEN,SUPPLIES,EN,BE,BE,,18132100,266065.0,CHF,,1,DSB Deutsche Schlauchboot GmbH,"armasuisse
Purchasing and cooperations
CC WTO",False,2026-04-16T11:25:21+00:00,daccd5f6-5650-4fd9-bf87-8cf033240739,Weather and Cold Protection System for Flight Crews,,duplicate_project_pubtype_language,2026-04-16T16:02:43.386869+00:00
87056,823093,2014-06-24,2014-06-16,OB02,FEDERATION,OPEN,SUPPLIES,FR,BE,BE,,18132100,266065.0,CHF,,1,DSB Deutsche Schlauchboot GmbH,,False,2026-04-16T11:25:21+00:00,a5202634-c7ed-4868-9326-5bc3034496b9,,Protection contre les intempéries et le froid,duplicate_project_pubtype_language,2026-04-16T16:02:43.386869+00:00
107675,823565,2014-06-06,2014-04-08,OB02,CANTON_OTHER,OPEN,SERVICES,FR,VD,VD,,71300000,140607.0,CHF,12.0,1,enerpeak salzmann ag,,False,2026-04-16T11:25:21+00:00,45d5a573-19b5-4869-bd57-c6851bea774c,,Prestations d'ingénierie pour la construction de logements dans le quartier de Fiches Bérée à Lausanne,duplicate_project_pubtype_language,2026-04-16T16:02:43.386869+00:00
110010,823115,2014-06-20,2014-06-11,OB02,FEDERATION,OPEN,SERVICES,DE,BE,BE,,75130000,324533.5,CHF,,1,Prona SA,armasuisse Immobilien,False,2026-04-16T11:25:21+00:00,7fe40f9b-4633-49e3-bfce-055082c40f43,"Sicherheitsaudits für Objekte von armasuisse Immobilien - 
Brandschutz, Absturz",,duplicate_project_pubtype_language,2026-04-16T16:02:43.386869+00:00
110010,823117,2014-06-20,2014-06-11,OB02,FEDERATION,OPEN,SERVICES,FR,BE,BE,,75130000,324533.5,CHF,,1,Prona SA,,False,2026-04-16T11:25:21+00:00,8bb6b5b3-a0d4-461d-87d5-86fb8fa428c7,,"Audits sécurité d'objets d'armasuisse Immobilier, protection incendie, sécurité antichutes",duplicate_project_pubtype_language,2026-04-16T16:02:43.386869+00:00
108884,823171,2014-06-06,2014-05-26,OB02,MUNICIPALITY,OPEN,WORKS,DE,ZH,ZH,,45210000,459690.05,CHF,,1,RWD Schlatter AG,"Stadt Zürich
Amt für Hochbauten",False,2026-04-16T11:25:21+00:00,0a251d45-2d11-4435-8ce0-a28fb774eff1,Schulanlage Blumenfeld,,duplicate_project_pubtype_language,2026-04-16T16:02:43.386869+00:00
52687,599769,2011-02-25,2011-02-11,OB02,FEDERATION,OPEN,SERVICES,FR,BE,BE,,75130000,1033333.0,CHF,,1,LargeNetwork,,False,2026-04-15T09:25:56+00:00,87a689e6-66f5-472b-ab88-87e9352012f3,,Projet (1042) 704 Portail PME,duplicate_project_pubtype_language,2026-04-16T16:02:43.386869+00:00
109093,823541,2014-06-06,2014-05-20,OB02,MUNICIPALITY,OPEN,WORKS,FR,FR,FR,,31520000,,CHF,,1,Tulux Lumière SA,,False,2026-04-16T11:25:21+00:00,d2669c9e-2a04-4095-b8ab-8c37567a7b00,,Construction de 2 nouveaux bâtiments scolaires pour la DOSF,duplicate_project_pubtype_language,2026-04-16T16:02:43.386869+00:00
107675,823563,2014-06-06,2014-03-24,OB02,CANTON_OTHER,OPEN,SERVICES,FR,VD,VD,,71300000,193142.0,CHF,10.0,1,CHIngS,,False,2026-04-16T11:25:21+00:00,60e97a56-1819-4347-a3cb-e936a1cefd59,,Prestations d'ingénierie pour la construction de logements dans le quartier de Fiches Bérée à Lausanne,duplicate_project_pubtype_language,2026-04-16T16:02:43.386869+00:00
58051,601789,2011-03-01,2011-02-23,OB02,UTILITY,OPEN,SUPPLIES,DE,BE,BE,,32521000,537145.8,CHF,,1,Pengg Kabel GesmbH,"Einkauf Infrastruktur
Verbrauchsgüter",False,2026-04-15T09:25:57+00:00,f0f1b929-b184-461c-8e75-2394a52633e1,Beschaffung Stellwerk- und Fernmeldekabel,,duplicate_project_pubtype_language,2026-04-16T16:02:43.386869+00:00
58051,601807,2011-03-01,2011-02-23,OB02,UTILITY,OPEN,SUPPLIES,DE,BE,BE,,32521000,1538773.25,CHF,,1,Nexans Schweiz AG,"Einkauf Infrastruktur
Verbrauchsgüter",False,2026-04-15T09:25:57+00:00,0d3c9380-d970-421a-89e2-54001fb4ca8d,Beschaffung Stellwerk- und Fernmeldekabel,,duplicate_project_pubtype_language,2026-04-16T16:02:43.386869+00:00
106431,823959,2014-06-13,2014-05-28,OB02,MUNICIPALITY,RESTRICTED,SERVICES,DE,ZH,ZH,,71300000,145900.0,CHF,,1,Mosimann & Partner AG,"Stadt Zürich
Amt für Hochbauten",False,2026-04-16T11:25:21+00:00,8b6de26c-1807-4236-9a6d-4091d63a2084,Schulanlage Schauenberg,,duplicate_project_pubtype_language,2026-04-16T16:02:43.386869+00:00
107090,823967,2014-06-13,2014-05-28,OB02,MUNICIPALITY,RESTRICTED,SERVICES,DE,ZH,ZH,,71300000,263600.0,CHF,,1,maneth stiefel ag,"Stadt Zürich
Amt für Hochbauten",False,2026-04-16T11:25:21+00:00,d22d54c7-e285-437b-87cf-46fc678da416,Suchtbehandlung Frankental,,duplicate_project_pubtype_language,2026-04-16T16:02:43.386869+00:00
108875,826371,2014-06-24,2014-06-23,OB02,UTILITY,OPEN,SUPPLIES,FR,BE,BE,,32521000,2500000.0,CHF,,1,Pengg Kabel GesmbH,,False,2026-04-16T11:27:28+00:00,13396a52-03e1-4ffb-8324-81ab89938b44,,Câble en cuivre,duplicate_project_pubtype_language,2026-04-16T16:02:43.386869+00:00
115228,842115,2014-11-03,2014-11-03,OB02,UTILITY,OPEN,SERVICES,DE,,,,66700000,,CHF,,1,ACE Reinsurance (Switzerland) Limited,"Schweizerische Bundesbahnen, Einkauf Konzerndienstleistungen und Print",False,2026-04-16T11:39:43+00:00,43565023-77c7-4c48-816c-39ffb3194f18,Fakultative Rückversicherung der Sach- und Haftpflichtversicherungen der SBB Insurance AG,,duplicate_project_pubtype_language,2026-04-16T16:02:43.386869+00:00
110643,823939,2014-06-04,,OB06,UTILITY,OPEN,,FR,BE,BE,,39121100,,CHF,,0,,,False,2026-04-16T11:25:21+00:00,048d9a66-3573-4305-8a1a-c898d3b52af0,,Bureau assis-debout 160x80cm pour postes de travail,duplicate_project_pubtype_language,2026-04-16T16:02:43.386869+00:00
130007,905499,2016-03-11,2015-12-23,OB02,MUNICIPALITY,OPEN,WORKS,FR,FR,FR,,45214200,,CHF,8.0,1,G. Dentan - Siffert SA,,False,2026-04-16T12:26:32+00:00,3c3e3bc0-540c-4c07-8901-1e9b9725dc76,,Construction d'une nouvelle école primaire et enfantine à Ursy,duplicate_project_pubtype_language,2026-04-16T16:02:43.386869+00:00
104462,824063,2014-07-15,2014-05-28,OB02,MUNICIPALITY,OPEN,WORKS,FR,GE,GE,,45000000,,CHF,1.0,1,FELIX  BADEL & Cie SA,,False,2026-04-16T11:25:21+00:00,bde27555-8341-4677-a745-16cf1db85081,,"Les Grands-Chênes: Construction d'un ensemble de logements pluri-générationnels, de services, d'une place publique et d'un parking à Céligny",duplicate_project_pubtype_language,2026-04-16T16:02:43.386869+00:00
130007,905541,2016-03-11,2015-12-23,OB02,MUNICIPALITY,OPEN,WORKS,FR,FR,FR,,45214200,,CHF,9.0,1,Grisoni-Zaugg S.A.,,False,2026-04-16T12:26:32+00:00,09c58d20-ea49-4817-9e4a-aa3fd6b918ef,,Construction d'une nouvelle école primaire et enfantine à Ursy,duplicate_project_pubtype_language,2026-04-16T16:02:43.386869+00:00
104462,824061,2014-07-15,2014-05-28,OB02,MUNICIPALITY,OPEN,WORKS,FR,GE,GE,,45000000,,CHF,1.0,1,Menuiserie Mayland Sàrl,,False,2026-04-16T11:25:21+00:00,10df237d-ae92-40de-b815-8011c73095bd,,"Les Grands-Chênes: Construction d'un ensemble de logements pluri-générationnels, de services, d'une place publique et d'un parking à Céligny",duplicate_project_pubtype_language,2026-04-16T16:02:43.386869+00:00
104462,824069,2014-07-15,2014-05-28,OB02,MUNICIPALITY,OPEN,WORKS,FR,GE,GE,,45000000,,CHF,1.0,1,Alpiq InTec Romandie SA,,False,2026-04-16T11:25:21+00:00,ef8c9aa5-3719-4fdb-becd-531dcaabab81,,"Les Grands-Chênes: Construction d'un ensemble de logements pluri-générationnels, de services, d'une place publique et d'un parking à Céligny",duplicate_project_pubtype_language,2026-04-16T16:02:43.386869+00:00
104462,824067,2014-07-15,2014-05-28,OB02,MUNICIPALITY,OPEN,WORKS,FR,GE,GE,,45000000,,CHF,1.0,1,Perfolux SA,,False,2026-04-16T11:25:21+00:00,3f413e6d-e1ce-46d7-bf87-5d63ed1ac65b,,"Les Grands-Chênes: Construction d'un ensemble de logements pluri-générationnels, de services, d'une place publique et d'un parking à Céligny",duplicate_project_pubtype_language,2026-04-16T16:02:43.386869+00:00
130007,905537,2016-03-11,2016-01-25,OB02,MUNICIPALITY,OPEN,WORKS,FR,FR,FR,,45214200,,CHF,5.0,1,Euböolithwerke AG Olten,,False,2026-04-16T12:26:32+00:00,18f0f778-15b6-4b00-8d33-eddc59116f78,,Construction d'une nouvelle école primaire et enfantine à Ursy,duplicate_project_pubtype_language,2026-04-16T16:02:43.386869+00:00
104462,824083,2014-07-15,2014-05-28,OB02,MUNICIPALITY,OPEN,WORKS,FR,GE,GE,,45000000,,CHF,1.0,1,Ascenseurs Schindler SA,,False,2026-04-16T11:27:25+00:00,387ecb9d-494b-481f-8900-5c009c4ccd3e,,"Les Grands-Chênes: Construction d'un ensemble de logements pluri-générationnels, de services, d'une place publique et d'un parking à Céligny",duplicate_project_pubtype_language,2026-04-16T16:02:43.386869+00:00
134504,912515,2016-04-28,2016-04-19,OB02,MUNICIPALITY,OPEN,SERVICES,DE,BL,BL,,90500000,37.45,CHF,1.0,1,H. Vogelsanger AG,"Arlesheim, Raumplanung, Bau und Umwelt",False,2026-04-16T12:30:40+00:00,0ca0c48c-865f-4578-80ac-56023b2486c9,Arlesheim: Submission Abfallsammlungen,,duplicate_project_pubtype_language,2026-04-16T16:02:43.386869+00:00
62314,605717,2011-03-10,2011-03-07,OB02,FEDERATION,OPEN,SERVICES,FR,BE,BE,,72260000,708750.0,CHF,,1,waterfront Ltd.liab.Co,,False,2026-04-15T09:25:58+00:00,c1159943-8229-4985-98bb-b3836e8fc213,,INSIEME; Soutien Project Management Office (PMO),duplicate_project_pubtype_language,2026-04-16T16:02:43.386869+00:00
104462,824075,2014-07-15,2014-05-28,OB02,MUNICIPALITY,OPEN,WORKS,FR,GE,GE,,45000000,,CHF,1.0,1,D.E.S. Systèmes de sécurité SA,,False,2026-04-16T11:27:25+00:00,9412b861-8a91-47a6-b76e-24d441f80df1,,"Les Grands-Chênes: Construction d'un ensemble de logements pluri-générationnels, de services, d'une place publique et d'un parking à Céligny",duplicate_project_pubtype_language,2026-04-16T16:02:43.386869+00:00
104462,824081,2014-07-15,2014-05-28,OB02,MUNICIPALITY,OPEN,WORKS,FR,GE,GE,,45000000,,CHF,1.0,1,SENALADA CHAUFFAGE,,False,2026-04-16T11:27:25+00:00,763e055b-3056-48a1-95ea-535648c6fac6,,"Les Grands-Chênes: Construction d'un ensemble de logements pluri-générationnels, de services, d'une place publique et d'un parking à Céligny",duplicate_project_pubtype_language,2026-04-16T16:02:43.386869+00:00
59533,603963,2011-03-11,2011-03-01,OB02,MUNICIPALITY,OPEN,WORKS,FR,FR,FR,,48952000,643335.1,CHF,,1,Hyperson SA,,False,2026-04-15T09:25:57+00:00,46287bd0-f7f2-4631-85a0-60206bf1cbda,,Salle de spectacle Equilibre à Fribourg.,duplicate_project_pubtype_language,2026-04-16T16:02:43.386869+00:00
51709,606281,2011-03-14,2011-02-02,OB02,CANTON,OPEN,WORKS,DE,SG,SG,,45000000,213469.85,CHF,7.0,1,4B Fenster AG,Hochbauamt des Kantons St.Gallen,False,2026-04-15T09:25:58+00:00,00d296a5-f773-4425-a32d-66011ec6be1c,"Erweiterung des Hauses 24 als Logistikzentrum des Kantonsspitals St.Gallen (Zentralsterilisation, Kantonsapotheke und zentrale Logistik).",,duplicate_project_pubtype_language,2026-04-16T16:02:43.386869+00:00
47921,606265,2011-03-14,2010-12-14,OB02,CANTON,OPEN,WORKS,DE,SG,SG,,45000000,5923905.25,CHF,4.0,1,Blumer Lehmann AG,Hochbauamt,False,2026-04-15T09:25:58+00:00,7a846334-2a45-4e02-91f2-b8dee75d5c31,Regionale Sportanlage Sargans,,duplicate_project_pubtype_language,2026-04-16T16:02:43.386869+00:00
47601,605483,2011-03-14,2010-10-25,OB02,MUNICIPALITY,OPEN,WORKS,FR,GE,GE,,45421130,757025.0,CHF,7.0,1,Norba SA,,False,2026-04-15T09:25:58+00:00,71bf96f8-7c0d-4fa8-9077-b52fa4378978,,Lieu intergénérationnel et aménagement du centre du village de Meinier,duplicate_project_pubtype_language,2026-04-16T16:02:43.386869+00:00
109828,824449,2014-06-13,2014-06-05,OB02,MUNICIPALITY,OPEN,WORKS,DE,ZH,ZH,,45210000,264219.05,CHF,,1,Alpiq InTec Ost AG,"Stadt Zürich
Amt für Hochbauten",False,2026-04-16T11:27:26+00:00,516f2b78-9de0-4714-bee4-fa454cb79249,"Instandsetzung, Turnhalle und Schwimmanlage Stettbach",,duplicate_project_pubtype_language,2026-04-16T16:02:43.386869+00:00
60332,607459,2011-03-15,2011-03-10,OB02,FEDERATION,OPEN,WORKS,FR,BE,BE,,45210000,165906.05,CHF,,1,Stephan SA,,False,2026-04-15T09:25:58+00:00,5a8ded36-e544-482e-a36a-183cb2db67bb,,"Grolley FR Centre Logisitique et Infrastructure, 2ème étape, 
Construction du bâtiment AS satellite de transbordement",duplicate_project_pubtype_language,2026-04-16T16:02:43.386869+00:00
50513,604911,2011-03-18,2011-03-11,OB02,MUNICIPALITY_OTHER,OPEN,WORKS,FR,VD,VD,,45300000,1270768.14,CHF,6.0,1,Félix Constructions SA,,False,2026-04-15T09:25:57+00:00,621ae7e7-3506-410a-b429-7d9cf77c569d,,Réfection du bâtiment de l'Aviron,duplicate_project_pubtype_language,2026-04-16T16:02:43.386869+00:00
60549,607321,2011-03-18,2011-03-08,OB02,MUNICIPALITY,OPEN,WORKS,DE,ZH,ZH,,45000000,881808.45,CHF,,1,Loureiro Crespo AG,"Stadt Zürich
Amt für Hochbauten",False,2026-04-15T09:25:58+00:00,2b2848fd-b3bc-43c8-bb5d-8a92dd5481c6,"Hallenbad City, Sihlstrasse 71, 8001 Zürich",,duplicate_project_pubtype_language,2026-04-16T16:02:43.386869+00:00
110907,824787,2014-06-13,2014-06-06,OB02,CANTON_OTHER,OPEN,WORKS,FR,VD,VD,,45000000,,CHF,6.0,1,Albos Sàrl,,False,2026-04-16T11:27:27+00:00,95cb86d5-ef03-4809-934a-7a225d911ba9,,EMS PAQUIS Parc de Beausobre-  1110 Morges,duplicate_project_pubtype_language,2026-04-16T16:02:43.386869+00:00
108255,824775,2014-06-07,2014-06-06,OB02,UTILITY,OPEN,SUPPLIES,EN,,,,38580000,,CHF,2.0,1,Carl Zeiss Laser Optics GmbH,Paul Scherrer Institut,False,2026-04-16T11:27:27+00:00,3a587365-fa48-483e-98d8-cf770010ed6e,X-ray mirrors for SwissFEL,,duplicate_project_pubtype_language,2026-04-16T16:02:43.386869+00:00
108255,824759,2014-06-07,2014-06-06,OB02,UTILITY,OPEN,SUPPLIES,DE,,,,38580000,,CHF,2.0,1,Carl Zeiss Laser Optics GmbH,Paul Scherrer Institut,False,2026-04-16T11:27:27+00:00,ad04e0ba-8891-47c2-8b04-349bf2433c17,Röntgenspiegel für SwissFEL,,duplicate_project_pubtype_language,2026-04-16T16:02:43.386869+00:00
108770,824781,2014-06-20,2014-05-12,OB02,CANTON,OPEN,SERVICES,FR,VD,VD,,71221000,160720.0,CHF,6.0,1,ATE Architecture & Technique Etienne,,False,2026-04-16T11:27:27+00:00,5e881a57-f552-49ae-a40b-d61814514955,,"Parc Immobilier de l'Etat de Vaud -
Contrats cadres d'architectes d'entretien",duplicate_project_pubtype_language,2026-04-16T16:02:43.386869+00:00
67553,610801,2011-03-22,,OB06,CANTON,OPEN,,IT,TI,TI,,35000000,,CHF,,0,,Divisione delle costruzioni,False,2026-04-15T09:27:49+00:00,9d07ed6c-81c3-4f0c-92ad-b8cb0184dce5,"Galleria Mappo - Morettina e Galleria di Ascona
Concorso di progettazione impianti elettromeccanici",,duplicate_project_pubtype_language,2026-04-16T16:02:43.386869+00:00
108875,826403,2014-06-24,2014-06-23,OB02,UTILITY,OPEN,SUPPLIES,FR,BE,BE,,31321300,3000000.0,CHF,,1,Brugg Kabel AG,,False,2026-04-16T11:27:28+00:00,d8c79b6b-dad2-4e8d-9b73-78425fcf8581,,Câble en cuivre,duplicate_project_pubtype_language,2026-04-16T16:02:43.386869+00:00
108770,824795,2014-06-20,2014-05-12,OB02,CANTON,OPEN,SERVICES,FR,VD,VD,,71221000,84198.0,CHF,7.0,1,ph.Gueissaz,,False,2026-04-16T11:27:27+00:00,5762f2aa-959d-4f69-8aff-19e4501a2887,,"Parc Immobilier de l'Etat de Vaud -
Contrats cadres d'architectes d'entretien",duplicate_project_pubtype_language,2026-04-16T16:02:43.386869+00:00
108770,824799,2014-06-20,2014-05-12,OB02,CANTON,OPEN,SERVICES,FR,VD,VD,,71221000,99416.0,CHF,5.0,1,"PAGE Aloys, Geneviève & Frédéric ARCHITECTES SA",,False,2026-04-16T11:27:27+00:00,9eda45af-4f50-428b-b285-37a791585efa,,"Parc Immobilier de l'Etat de Vaud -
Contrats cadres d'architectes d'entretien",duplicate_project_pubtype_language,2026-04-16T16:02:43.386869+00:00
102683,824973,2014-06-11,2014-06-04,OB02,UTILITY,OPEN,SUPPLIES,DE,ZH,ZH,,31682210,,CHF,,1,"Kinemetrics, Inc.","Eidgenössisch Technische Hochschule Zürich
Schweizerischer Erdbebendienst",False,2026-04-16T11:27:27+00:00,817fc10f-14d9-4d3c-904f-966ca5ded2cc,Sensoren und Datenlogger für das Schweizerische Digitale Seismische Messnetz SDSNet,,duplicate_project_pubtype_language,2026-04-16T16:02:43.386869+00:00
109078,824923,2014-06-16,2014-06-06,OB02,CANTON,OPEN,SERVICES,DE,BE,BE,,72000000,1585500.0,CHF,6.0,1,emineo AG,Beschaffung und Logistik,False,2026-04-16T11:27:27+00:00,bdc69d97-95ca-4a54-9e6a-5e0e6fddf0ff,Erbringung von SAP Dienstleistungen,,duplicate_project_pubtype_language,2026-04-16T16:02:43.386869+00:00
110511,824863,2014-06-20,2014-06-10,OB02,MUNICIPALITY,OPEN,WORKS,DE,ZH,ZH,,45210000,238828.5,CHF,,1,Haupt  Ag,"Stadt Zürich
Amt für Hochbauten",False,2026-04-16T11:27:27+00:00,bd313f3d-3316-461b-a8f0-38ba380b29a0,BAV 80349 Schulhaus Brauer,,duplicate_project_pubtype_language,2026-04-16T16:02:43.386869+00:00
109562,824971,2014-06-17,2014-05-21,OB02,MUNICIPALITY,OPEN,SERVICES,FR,VD,VD,,90470000,,CHF,,1,KFS Kanal-Service AG,,False,2026-04-16T11:27:27+00:00,5bc89a9e-36ad-4711-92e7-0ebef1eb67f0,,Contrôle des biens-fonds - Prestations d'entreprises,duplicate_project_pubtype_language,2026-04-16T16:02:43.386869+00:00
109613,824981,2014-06-17,2014-05-21,OB02,MUNICIPALITY,OPEN,SERVICES,FR,VD,VD,,90491000,,CHF,,1,Bovard & Nickl S.A.,,False,2026-04-16T11:27:27+00:00,923f67ce-fc8a-4545-9ce8-94e955d03d62,,Contrôle des biens-fonds - Prestations d'ingénieurs,duplicate_project_pubtype_language,2026-04-16T16:02:43.386869+00:00
102683,824977,2014-06-11,2014-06-04,OB02,UTILITY,OPEN,SUPPLIES,FR,ZH,ZH,,31682210,,CHF,,1,"Kinemetrics, Inc.",,False,2026-04-16T11:27:27+00:00,b8e0cd81-d4fc-4f62-8f36-9bd704337f4d,,Capteurs et Enregistreurs pour le Réseau Sismique Digital Suisse SDSNet,duplicate_project_pubtype_language,2026-04-16T16:02:43.386869+00:00
59078,611977,2011-03-25,2011-03-22,OB02,FEDERATION,OPEN,SERVICES,FR,BE,BE,,71300000,274320.0,CHF,9.0,1,ewp AG Effretikon,,False,2026-04-15T09:27:49+00:00,0d408581-6aad-441e-a336-3912bbb19f07,,"Relevé de l’état de la chaussée en matière de bruit (REC), filiale de Winterthour",duplicate_project_pubtype_language,2026-04-16T16:02:43.386869+00:00
59078,612021,2011-03-25,2011-03-22,OB02,FEDERATION,OPEN,SERVICES,FR,BE,BE,,71300000,261360.0,CHF,9.0,1,Ernst Basler + Partner,,False,2026-04-15T09:27:49+00:00,c2b9bd32-e095-40b4-a8c1-8a9c380dff6e,,"Relevé de l’état de la chaussée en matière de bruit (REC), filiale de Winterthour",duplicate_project_pubtype_language,2026-04-16T16:02:43.386869+00:00
108609,825197,2014-06-13,2014-06-06,OB02,FEDERATION,OPEN,SERVICES,FR,BE,BE,,80522000,1271875.0,CHF,,1,Bietergemeinschaft Conplus Guntern + Partner & E.M.A. SA,,False,2026-04-16T11:27:27+00:00,2142bd79-6ff3-4de6-b54d-ac2fdaa12e16,,(1407) 614 cours de gestion de projet,duplicate_project_pubtype_language,2026-04-16T16:02:43.386869+00:00
108609,825199,2014-06-13,2014-06-06,OB02,FEDERATION,OPEN,SERVICES,FR,BE,BE,,80522000,539775.0,CHF,,1,Bietergemeinschaft Conplus Guntern + Partner & E.M.A. SA,,False,2026-04-16T11:27:27+00:00,9a15e1ee-233f-4b95-8c0d-5571e07e411b,,(1407) 614 cours de gestion de projet,duplicate_project_pubtype_language,2026-04-16T16:02:43.386869+00:00
134713,912535,2016-04-28,2016-04-12,OB02,MUNICIPALITY,OPEN,SERVICES,DE,BL,BL,,90500000,43.14,CHF,8.0,1,Anton Saxer AG Abfall-Translogistik,"Münchenstein, Bauverwaltung",False,2026-04-16T12:30:40+00:00,8cbfd857-266d-4122-b148-dbc8597f41aa,Münchenstein: Submission Abfallsammlungen,,duplicate_project_pubtype_language,2026-04-16T16:02:43.386869+00:00
52685,610767,2011-03-30,2011-02-22,OB02,MUNICIPALITY,OPEN,SUPPLIES,DE,BE,BE,,72000000,125000.0,CHF,,1,4teamwork GmbH,Fachstelle Beschaffungswesen Stadt Bern,False,2026-04-15T09:27:49+00:00,8334d2f7-e92f-4b29-b957-d68abb32819a,"GEVERIS - Geschäftsverwaltung, Ratsinformationssystem, Intranet",,duplicate_project_pubtype_language,2026-04-16T16:02:43.386869+00:00
53449,614029,2011-04-01,2011-03-25,OB02,MUNICIPALITY,OPEN,SERVICES,DE,ZH,ZH,,71314100,783552.0,CHF,4.0,1,AF-Colenco AG,"ewz Elektrizitätswerk der Stadt Zürich
Finanzen und Services
Projekteinkauf, SEP",False,2026-04-15T09:27:49+00:00,8579fb87-00d1-4fbf-ab39-e3a644bcb032,"Erneuerung KW Tinizong, Ingenieurleistungen Primäranlagenerneuerung",,duplicate_project_pubtype_language,2026-04-16T16:02:43.386869+00:00
134282,921233,2016-06-23,2016-06-21,OB02,FEDERATION,OPEN,SUPPLIES,DE,,,,15800000,,CHF,,1,bio-familia AG,"armasuisse
Einkauf und Kooperationen",False,2026-04-16T12:37:06+00:00,10cd858a-b2de-4c34-a23f-7be17237c249,Frühstücksmüesli,,duplicate_project_pubtype_language,2026-04-16T16:02:43.386869+00:00
63492,616529,2011-04-01,2011-03-31,OB02,FEDERATION,OPEN,SERVICES,FR,,,,71000000,170895.0,CHF,1.0,1,PTV Planung Transport Verkehr AG,,False,2026-04-15T09:27:50+00:00,eecd816f-0a45-4994-8650-b56f416a42b7,,Élaboration d’un manuel sur les instruments de sécurité de l’infrastructure (ISSI) et de directives traitant de l’impact sur la sécurité routière (RIA) et de la gestion individuelle des accidents (Einzelunfallstellen-Management EUM).,duplicate_project_pubtype_language,2026-04-16T16:02:43.386869+00:00
60872,616071,2011-04-01,2011-03-25,OB02,FEDERATION,OPEN,WORKS,FR,BE,BE,,45262100,239654.25,CHF,4.0,1,Roth Echafaudages SA,,False,2026-04-15T09:27:50+00:00,fc56233d-1905-4f8d-8eb1-5d7b955e4534,,BIERE/VD – Assainissement des casernes 1000 et 2000,duplicate_project_pubtype_language,2026-04-16T16:02:43.386869+00:00
111415,825543,2014-06-18,2014-06-13,OB02,CANTON,OPEN,WORKS,DE,BS,BS,,45311000,958425.5,CHF,,0,Schachenmann + Co. AG,"Bau- und Verkehrsdepartement des Kantons Basel-Stadt, Fachstelle für Submissionen",False,2026-04-16T11:27:27+00:00,8655d75f-1cc8-4b50-b278-e824973d9e50,"Leonhard Schulhaus, Gymnasium, BKP 230 Elektroanlagen",,duplicate_project_pubtype_language,2026-04-16T16:02:43.386869+00:00
111003,825423,2014-06-20,2014-06-11,OB02,CANTON,OPEN,SERVICES,DE,SZ,SZ,,80400000,23641.0,CHF,8.0,1,Asyl-Organisation Zürich (AOZ),"Amt für Migration
Fachstelle Integration",False,2026-04-16T11:27:27+00:00,124f9a95-40f1-4be2-9fae-990f0517f350,Intensives Deutschkursprogramm für fremdsprachige Erwachsene - Kanton Schwyz,,duplicate_project_pubtype_language,2026-04-16T16:02:43.386869+00:00
111216,825635,2014-06-24,2014-06-23,OB02,FEDERATION,OPEN,SERVICES,DE,BE,BE,,72260000,1352700.0,CHF,,1,ITP Solutions AG,Bundesamt für Bauten und Logistik (BBL),False,2026-04-16T11:27:27+00:00,b225bd2c-2d9b-4b3b-9ecf-27b061ac077a,(1443) 608 Dienstleistungen ISB ab 2014,,duplicate_project_pubtype_language,2026-04-16T16:02:43.386869+00:00
111216,825649,2014-06-24,2014-06-23,OB02,FEDERATION,OPEN,SERVICES,DE,BE,BE,,72260000,1200000.0,CHF,,1,SAP (Schweiz) AG,Bundesamt für Bauten und Logistik (BBL),False,2026-04-16T11:27:27+00:00,31a440f5-c8e5-4b09-a614-76fdc93f6004,(1443) 608 Dienstleistungen ISB ab 2014,,duplicate_project_pubtype_language,2026-04-16T16:02:43.386869+00:00
59528,611959,2011-04-04,2011-03-25,OB02,FEDERATION,OPEN,SERVICES,FR,BE,BE,,71600000,713971.45,CHF,6.0,1,Consultest AG,,False,2026-04-15T09:27:49+00:00,e5a88113-0b2f-45bf-b701-a25d941ea98b,,"Contrats cadres, laboratoire de maîtrise d’ouvrage, analyses de revêtements",duplicate_project_pubtype_language,2026-04-16T16:02:43.386869+00:00
111216,825655,2014-06-24,2014-06-23,OB02,FEDERATION,OPEN,SERVICES,DE,BE,BE,,72260000,662400.0,CHF,,1,Teamwork Schweiz AG,Bundesamt für Bauten und Logistik (BBL),False,2026-04-16T11:27:27+00:00,7bef95bf-9377-4694-992d-b27baf3c5cf3,(1443) 608 Dienstleistungen ISB ab 2014,,duplicate_project_pubtype_language,2026-04-16T16:02:43.386869+00:00
111216,825681,2014-06-24,2014-06-23,OB02,FEDERATION,OPEN,SERVICES,DE,BE,BE,,72260000,1722000.0,CHF,,1,Bechtle Schweiz AG,Bundesamt für Bauten und Logistik (BBL),False,2026-04-16T11:27:27+00:00,434a8516-28cf-4bd1-b0e6-a5d3935423c4,(1443) 608 Dienstleistungen ISB ab 2014,,duplicate_project_pubtype_language,2026-04-16T16:02:43.386869+00:00
111216,825685,2014-06-24,2014-06-23,OB02,FEDERATION,OPEN,SERVICES,DE,BE,BE,,72260000,822500.0,CHF,,1,CSI Consulting AG,Bundesamt für Bauten und Logistik (BBL),False,2026-04-16T11:27:27+00:00,552b4845-6795-4a6f-a48c-60fa50d66ef0,(1443) 608 Dienstleistungen ISB ab 2014,,duplicate_project_pubtype_language,2026-04-16T16:02:43.386869+00:00
135653,917945,2016-06-07,2016-06-07,OB02,UTILITY,OPEN,SERVICES,DE,BE,BE,,79623000,,CHF,5.0,1,Opus Personal AG,"Schweizerische Bundesbahnen, Einkauf Konzerndienstleistungen",False,2026-04-16T12:34:52+00:00,31736509-6972-490a-bba4-8f41d285f501,Strategische Partner Personalverleih,,duplicate_project_pubtype_language,2026-04-16T16:02:43.386869+00:00
63702,617465,2011-04-05,2011-04-04,OB02,FEDERATION,OPEN,WORKS,FR,BE,BE,,45432130,488287.5,CHF,,1,MOLL SA,,False,2026-04-15T09:27:50+00:00,51100c0c-212d-46c9-9b7a-dd3dbb7eff09,,"Drognens/FR Assainissement et transformations - 2ème étape
Appel d'offres N° 6",duplicate_project_pubtype_language,2026-04-16T16:02:43.386869+00:00
134287,921249,2016-06-23,2016-06-21,OB02,FEDERATION,OPEN,SUPPLIES,DE,,,,15850000,,CHF,,1,PASTA PREMIUM AG,"armasuisse
Einkauf und Kooperationen",False,2026-04-16T12:37:06+00:00,a9e8fa1d-d7a7-4576-aa5b-c6fcf4815545,Teigwaren,,duplicate_project_pubtype_language,2026-04-16T16:02:43.386869+00:00
111216,825677,2014-06-24,2014-06-23,OB02,FEDERATION,OPEN,SERVICES,DE,BE,BE,,72260000,1845000.0,CHF,,1,go4mobile ag,Bundesamt für Bauten und Logistik (BBL),False,2026-04-16T11:27:27+00:00,fa0ed8d9-8e0c-45e7-a324-7c3498cdd537,(1443) 608 Dienstleistungen ISB ab 2014,,duplicate_project_pubtype_language,2026-04-16T16:02:43.386869+00:00
111216,825675,2014-06-24,2014-06-23,OB02,FEDERATION,OPEN,SERVICES,DE,BE,BE,,72260000,851700.0,CHF,,1,ITP Solutions AG,Bundesamt für Bauten und Logistik (BBL),False,2026-04-16T11:27:27+00:00,4b39a9d8-5e69-4eec-8d21-cf5ce6d705ac,(1443) 608 Dienstleistungen ISB ab 2014,,duplicate_project_pubtype_language,2026-04-16T16:02:43.386869+00:00
111216,825647,2014-06-24,2014-06-23,OB02,FEDERATION,OPEN,SERVICES,FR,BE,BE,,72260000,1352700.0,CHF,,1,ITP Solutions AG,,False,2026-04-16T11:27:27+00:00,2df01c6b-1e89-4d11-b95d-e9f17371a2ae,,(1443) 608 Services UPIC à partir de 2014,duplicate_project_pubtype_language,2026-04-16T16:02:43.386869+00:00
111216,825657,2014-06-24,2014-06-23,OB02,FEDERATION,OPEN,SERVICES,FR,BE,BE,,72260000,662400.0,CHF,,1,Teamwork Schweiz AG,,False,2026-04-16T11:27:27+00:00,237bf7b0-2a7c-4ba4-9102-c08a680a65de,,(1443) 608 Services UPIC à partir de 2014,duplicate_project_pubtype_language,2026-04-16T16:02:43.386869+00:00
130698,893403,2015-12-03,2015-11-19,OB02,CANTON,OPEN,SUPPLIES,DE,BE,BE,,34971000,,CHF,3.0,1,Bredar AG,Kantonspolizei Bern,False,2026-04-16T12:17:21+00:00,d4068caf-917f-4634-ba8d-534b3e0dac68,Ersatzbeschaffung von Rotlicht- und Geschwindigkeitsüberwachungsanlagen,,duplicate_project_pubtype_language,2026-04-16T16:02:43.386869+00:00
111216,825679,2014-06-24,2014-06-23,OB02,FEDERATION,OPEN,SERVICES,FR,BE,BE,,72260000,1845000.0,CHF,,1,go4mobile ag,,False,2026-04-16T11:27:27+00:00,eadaf0c7-6b58-4cac-bb73-db06c0d90dee,,(1443) 608 Services UPIC à partir de 2014,duplicate_project_pubtype_language,2026-04-16T16:02:43.386869+00:00
111216,825687,2014-06-24,2014-06-23,OB02,FEDERATION,OPEN,SERVICES,FR,BE,BE,,72260000,822500.0,CHF,,1,CSI Consulting AG,,False,2026-04-16T11:27:27+00:00,87e66353-113d-446e-85bf-9feab84734a0,,(1443) 608 Services UPIC à partir de 2014,duplicate_project_pubtype_language,2026-04-16T16:02:43.386869+00:00
111216,825653,2014-06-24,2014-06-23,OB02,FEDERATION,OPEN,SERVICES,FR,BE,BE,,72260000,1200000.0,CHF,,1,SAP (Schweiz) AG,,False,2026-04-16T11:27:27+00:00,8590acd5-9fb8-495b-8de7-710c2183aae3,,(1443) 608 Services UPIC à partir de 2014,duplicate_project_pubtype_language,2026-04-16T16:02:43.386869+00:00
110704,825707,2014-06-18,2014-06-11,OB02,FEDERATION,OPEN,SERVICES,FR,FR,FR,,71311220,1793200.0,CHF,6.0,1,BG Ingénieurs Conseils SA,,False,2026-04-16T11:27:27+00:00,98d82d87-62d5-49e3-be31-5ab6eff54bdd,,"080090 - EPF1 Conservation du patrimoine Filiale 1 
-  Surveillance des ouvrages d'art - Période 2014-2018",duplicate_project_pubtype_language,2026-04-16T16:02:43.386869+00:00
56225,618305,2011-04-08,2011-01-17,OB02,CANTON,OPEN,WORKS,DE,TG,TG,,45221250,684772.45,CHF,7.0,1,Meyerhans AG,Kantonales Tiefbauamt,False,2026-04-15T09:27:51+00:00,642db6c7-7e6b-4c32-af71-242a9d5cf913,Ausschreibung November 2010,,duplicate_project_pubtype_language,2026-04-16T16:02:43.386869+00:00
56225,618315,2011-04-08,2011-01-17,OB02,CANTON,OPEN,WORKS,DE,TG,TG,,45221250,621732.1,CHF,8.0,1,Meyerhans AG,Kantonales Tiefbauamt,False,2026-04-15T09:27:51+00:00,69cb74b5-a278-406d-9b1e-17ab14f5d437,Ausschreibung November 2010,,duplicate_project_pubtype_language,2026-04-16T16:02:43.386869+00:00
60357,618335,2011-04-08,2011-03-01,OB02,CANTON,OPEN,SERVICES,DE,TG,TG,,71000000,162324.0,CHF,5.0,1,Planimpuls AG Bauingenieur,Kantonales Tiefbauamt,False,2026-04-15T09:27:51+00:00,58db37d8-8377-46c7-ae49-d566f2acd351,"Neue Linienführung Kantonsstrasse (NLK), Arbon",,duplicate_project_pubtype_language,2026-04-16T16:02:43.386869+00:00
65131,618583,2011-04-08,2011-04-05,OB02,MUNICIPALITY_OTHER,OPEN,WORKS,FR,VS,VS,,45100000,444960.0,CHF,3.0,1,JAQUET SA,,False,2026-04-15T09:27:51+00:00,a3cc8bbd-42f2-416b-b232-6fa7688028fc,,"COMMUNE DE SAINT-MAURICE

CONSTRUCTION D’UN CYCLE D’ORIENTATION, D’UNE SALLE DE SPORT, D’UNE AULA / SALLE DE SPECTACLE, D’UNE ECOLE PRE PROFESSIONNELLE ET D’UN DOJO",duplicate_project_pubtype_language,2026-04-16T16:02:43.386869+00:00
59456,621963,2011-04-13,2011-04-12,OB02,FEDERATION,OPEN,SERVICES,FR,BE,BE,,79414000,4910.0,CHF,,1,cedac AG,,False,2026-04-15T09:40:16+00:00,1817c7ea-8622-4e42-b70a-4bebec8c2d36,,Sélection et assessment succinct,duplicate_project_pubtype_language,2026-04-16T16:02:43.386869+00:00
59769,625341,2011-05-02,2011-03-01,OB02,CANTON,OPEN,WORKS,DE,SG,SG,,45000000,390077.0,CHF,7.0,1,Christian Waldburger AG,"Amt für Vermögensverwaltung
Liegenschaften",False,2026-04-15T09:58:49+00:00,fb24e6f2-eee8-46eb-ac58-966c62078e74,"Wohnüberbauung Furglerstrasse, St. Gallen: Neubau 10 Mehrfamilienhäuser mit Tiefgarage",,duplicate_project_pubtype_language,2026-04-16T16:02:43.386869+00:00
50374,620049,2011-04-15,2011-03-04,OB02,MUNICIPALITY_OTHER,OPEN,WORKS,FR,VD,VD,,42122000,258546.0,CHF,4.0,1,Despraz SA,,False,2026-04-15T09:40:14+00:00,7f862d1a-387b-46b7-8815-1f5a5d0c3f68,,"AIEHJ
Conduites et installations d'eau potable",duplicate_project_pubtype_language,2026-04-16T16:02:43.386869+00:00
64368,619977,2011-04-15,,OB03,MUNICIPALITY_OTHER,RESTRICTED,WORKS,DE,ZH,ZH,,,,CHF,,0,,Biogas Zürich AG,False,2026-04-15T09:40:14+00:00,bdc326f0-7e56-4eb4-95b9-2b71382dba77,,,duplicate_project_pubtype_language,2026-04-16T16:02:43.386869+00:00
63981,620751,2011-04-15,2011-04-08,OB02,MUNICIPALITY_OTHER,OPEN,WORKS,DE,ZH,ZH,,45262600,810643.15,CHF,,1,aaf restaurierungen gmbh,Pfister Schiess Tropeano & Partner Architekten AG,False,2026-04-15T09:40:16+00:00,090563ca-9251-4e8c-a05c-6585525783c8,Konservierungs- und Restaurierungsarbeiten in den Innenräumen der Villa Patumbah,,duplicate_project_pubtype_language,2026-04-16T16:02:43.386869+00:00
52259,620241,2011-04-15,2011-04-14,OB02,UTILITY,OPEN,SUPPLIES,DE,VD,VD,,38511000,,CHF,,1,"FEI Europe B.V., Eindhoven, Zweigniederlassung Zürich","Ecole Polytechnique Fédérale de Lausanne
Centre Interdisciplinaire de Microscopie Electronique (CIME)",False,2026-04-15T09:40:16+00:00,f9f107c3-d21f-4fa4-800f-2c2f7da80610,Microscopes électroniques,,duplicate_project_pubtype_language,2026-04-16T16:02:43.386869+00:00
60451,620263,2011-04-20,2011-03-03,OB02,CANTON,OPEN,SERVICES,FR,BE,BE,,72000000,1115856.0,CHF,8.0,1,Unisys (Schweiz) AG,,False,2026-04-15T09:40:16+00:00,0997d188-c255-41ce-aa56-a190dc81273f,,Informatikdienstleistungen,duplicate_project_pubtype_language,2026-04-16T16:02:43.386869+00:00
111216,825947,2014-06-24,2014-06-23,OB02,FEDERATION,OPEN,SERVICES,DE,BE,BE,,72260000,840000.0,CHF,,1,CSI Consulting AG,Bundesamt für Bauten und Logistik (BBL),False,2026-04-16T11:27:28+00:00,42409c85-6577-4657-9c6d-d2119ca95905,(1443) 608 Dienstleistungen ISB ab 2014,,duplicate_project_pubtype_language,2026-04-16T16:02:43.386869+00:00
134287,921255,2016-06-23,2016-06-21,OB02,FEDERATION,OPEN,SUPPLIES,FR,,,,15850000,,CHF,,1,PASTA PREMIUM AG,,False,2026-04-16T12:37:06+00:00,49713b82-ad11-4cd4-9530-915c0b41078c,,Pâtes alimentaires,duplicate_project_pubtype_language,2026-04-16T16:02:43.386869+00:00
111216,826101,2014-06-24,2014-06-23,OB02,FEDERATION,OPEN,SERVICES,DE,BE,BE,,72260000,2413800.0,CHF,,1,Ironforge GmbH,Bundesamt für Bauten und Logistik (BBL),False,2026-04-16T11:27:28+00:00,175a1f6b-9d95-4f74-aad2-302ca6dbf7ea,(1443) 608 Dienstleistungen ISB ab 2014,,duplicate_project_pubtype_language,2026-04-16T16:02:43.386869+00:00
111216,826019,2014-06-24,2014-06-23,OB02,FEDERATION,OPEN,SERVICES,DE,BE,BE,,72260000,334000.0,CHF,,1,ITP Solutions AG,Bundesamt für Bauten und Logistik (BBL),False,2026-04-16T11:27:28+00:00,6c726321-32cd-46ab-8265-6a2c8b522f81,(1443) 608 Dienstleistungen ISB ab 2014,,duplicate_project_pubtype_language,2026-04-16T16:02:43.386869+00:00
133845,908607,2016-04-05,2016-03-17,OB02,CANTON,OPEN,SUPPLIES,DE,BE,BE,,34144900,0.45,CHF,6.0,1,AMAG Automobil- und Motoren AG,Zentrale Beschaffungsstelle Mobilität,False,2026-04-16T12:28:29+00:00,b4f447b2-baa3-45c5-91ac-ec28da510840,Standard Fahrzeuge Kanton Bern,,duplicate_project_pubtype_language,2026-04-16T16:02:43.386869+00:00
111216,826021,2014-06-24,2014-06-23,OB02,FEDERATION,OPEN,SERVICES,DE,BE,BE,,72260000,2712500.0,CHF,,1,CSI Consulting AG,Bundesamt für Bauten und Logistik (BBL),False,2026-04-16T11:27:28+00:00,20d38e8c-9dce-493f-bd80-292b59b5c4ff,(1443) 608 Dienstleistungen ISB ab 2014,,duplicate_project_pubtype_language,2026-04-16T16:02:43.386869+00:00
111216,826109,2014-06-24,2014-06-23,OB02,FEDERATION,OPEN,SERVICES,DE,BE,BE,,72260000,297500.0,CHF,,1,ACE systems engineering ag,Bundesamt für Bauten und Logistik (BBL),False,2026-04-16T11:27:28+00:00,a0bf52c7-b8d7-4f30-8957-cd17d7a18e20,(1443) 608 Dienstleistungen ISB ab 2014,,duplicate_project_pubtype_language,2026-04-16T16:02:43.386869+00:00
58195,625427,2011-04-26,2011-04-20,OB02,FEDERATION,OPEN,WORKS,DE,LU,LU,,45000000,1046726.0,CHF,3.0,1,Cofely AG Aarau,armasuisse Immobilien,False,2026-04-15T09:58:50+00:00,c8e4fb18-a909-4d93-aad9-eb8cc73558a2,"Othmarsingen, Logistik- und Infrastruktur-Center Othmarsingen, Ausgestaltung Log- und Infra-Center, Etappe 2.1",,duplicate_project_pubtype_language,2026-04-16T16:02:43.386869+00:00
111216,825977,2014-06-24,2014-06-23,OB02,FEDERATION,OPEN,SERVICES,FR,BE,BE,,72260000,1225000.0,CHF,,1,PageUp AG,,False,2026-04-16T11:27:28+00:00,5a3af822-ada8-4bb6-a1a8-f0f807d470f9,,(1443) 608 Services UPIC à partir de 2014,duplicate_project_pubtype_language,2026-04-16T16:02:43.386869+00:00
111216,826129,2014-06-24,2014-06-23,OB02,FEDERATION,OPEN,SERVICES,FR,BE,BE,,72260000,2712500.0,CHF,,1,CSI Consulting AG,,False,2026-04-16T11:27:28+00:00,49b3d8a7-92e8-4a0a-98eb-b5a2c3373677,,(1443) 608 Services UPIC à partir de 2014,duplicate_project_pubtype_language,2026-04-16T16:02:43.386869+00:00
111216,826121,2014-06-24,2014-06-23,OB02,FEDERATION,OPEN,SERVICES,FR,BE,BE,,72260000,297500.0,CHF,,1,ACE systems engineering ag,,False,2026-04-16T11:27:28+00:00,2ac5a2fb-96ce-4bc5-9dc9-7d75a044d59b,,(1443) 608 Services UPIC à partir de 2014,duplicate_project_pubtype_language,2026-04-16T16:02:43.386869+00:00
111216,826099,2014-06-24,2014-06-23,OB02,FEDERATION,OPEN,SERVICES,FR,BE,BE,,72260000,334000.0,CHF,,1,ITP Solutions AG,,False,2026-04-16T11:27:28+00:00,85d8d6a1-b984-45bc-abd6-5a307f14f97b,,(1443) 608 Services UPIC à partir de 2014,duplicate_project_pubtype_language,2026-04-16T16:02:43.386869+00:00
59317,625891,2011-04-29,2011-04-20,OB02,MUNICIPALITY,OPEN,WORKS,FR,VD,VD,,45000000,500443.7,CHF,5.0,1,André SA,,False,2026-04-15T10:53:50+00:00,c2e5919e-a7d3-4d8d-ae22-faca35297c9b,,OPL - Opéra de Lausanne,duplicate_project_pubtype_language,2026-04-16T16:02:43.386869+00:00
63228,628021,2011-04-29,2011-04-11,OB02,UTILITY,OPEN,SUPPLIES,FR,BE,BE,,31321300,378849.5,CHF,,1,Leoni Studer AG,,False,2026-04-15T10:54:12+00:00,d6bcddad-523a-4740-883b-345a8669aab8,,Livraison de câbles à haute tension,duplicate_project_pubtype_language,2026-04-16T16:02:43.386869+00:00
61351,664727,2011-07-26,2011-07-20,OB02,UTILITY,OPEN,SERVICES,DE,ZH,ZH,,71000000,1051008.0,CHF,,1,TBF + Partner AG,"Schweizerische Bundesbahnen SBB
Immobilien, Development Ost",False,2026-04-15T14:48:05+00:00,e6ee34ae-fba1-4b13-8209-1ab24b5970a0,"Projektleiter Bau; Reparatur- und Serviceanlagen für Personenzüge
Los 1: Konzentration Reparaturzentrum Zürich Altstetten (ZAS)
Los 2: Oberwinterthur, neue Service- und Abstellanlage (OWT)",,duplicate_project_pubtype_language,2026-04-16T16:02:43.386869+00:00
110113,826319,2014-06-21,2014-06-19,OB02,UTILITY,OPEN,SERVICES,DE,ZH,ZH,,71000000,648600.0,CHF,14.0,1,Stokar+Partner AG,"SBB AG, Bern
Immobilien
Recht, Compliance und Beschaffung",False,2026-04-16T11:27:28+00:00,75ed29c1-fda2-4fc6-a60b-d671fa790e14,Projektleiter Bau (PL Bau) Bahnproduktion,,duplicate_project_pubtype_language,2026-04-16T16:02:43.386869+00:00
110113,826333,2014-06-21,2014-06-19,OB02,UTILITY,OPEN,SERVICES,DE,ZH,ZH,,71000000,661800.0,CHF,4.0,1,ENTRO ARCHITEKTEN AG,"SBB AG, Bern
Immobilien
Recht, Compliance und Beschaffung",False,2026-04-16T11:27:28+00:00,47447668-a908-4443-9c26-7a09996cf149,Projektleiter Bau (PL Bau) Bahnproduktion,,duplicate_project_pubtype_language,2026-04-16T16:02:43.386869+00:00
110113,826337,2014-06-21,2014-06-19,OB02,UTILITY,OPEN,SERVICES,FR,ZH,ZH,,71000000,661800.0,CHF,4.0,1,ENTRO ARCHITEKTEN AG,,False,2026-04-16T11:27:28+00:00,870c3028-a112-438c-bd5b-0a4b92289be5,,Chef de projet Construction (CP Construction) Production ferroviaire,duplicate_project_pubtype_language,2026-04-16T16:02:43.386869+00:00
110113,826347,2014-06-21,2014-06-19,OB02,UTILITY,OPEN,SERVICES,FR,ZH,ZH,,71000000,750355.0,CHF,10.0,1,Brandenberger+Ruosch AG,,False,2026-04-16T11:27:28+00:00,6bc7f6ff-d38e-43fc-a638-08f3e949f224,,Chef de projet Construction (CP Construction) Production ferroviaire,duplicate_project_pubtype_language,2026-04-16T16:02:43.386869+00:00
60349,629597,2011-05-06,2011-04-21,OB02,MUNICIPALITY,OPEN,WORKS,DE,ZH,ZH,,03121000,600963.6,CHF,,1,Terra Gartenbau AG,"Stadt Zürich
Amt für Hochbauten",False,2026-04-15T14:45:13+00:00,4ad1b8da-1f16-4b8e-a431-0ec3a68ca42d,Schulpavillon Allenmoos II,,duplicate_project_pubtype_language,2026-04-16T16:02:43.386869+00:00
67285,629581,2011-05-06,2011-04-29,OB02,CANTON_OTHER,OPEN,WORKS,FR,VD,VD,,45210000,,CHF,11.0,1,RABO Sàrl,,False,2026-04-15T14:45:13+00:00,047963f5-a85c-4beb-86ac-39fa24165ffb,,Fondation du Relais - EMS la Girarde,duplicate_project_pubtype_language,2026-04-16T16:02:43.386869+00:00
62111,632581,2011-05-10,2011-05-05,OB02,FEDERATION,OPEN,SERVICES,FR,BE,BE,,71000000,159875.0,CHF,,1,BBS Ingenieure AG,,False,2026-04-15T14:45:14+00:00,b686eeb9-aa82-40e8-b290-54a68e69666f,,"Projet OMC ""Soutien technique constructions protection de la population""",duplicate_project_pubtype_language,2026-04-16T16:02:43.386869+00:00
62111,632565,2011-05-10,2011-05-05,OB02,FEDERATION,OPEN,SERVICES,FR,BE,BE,,71000000,372350.0,CHF,,1,Ernst Basler + Partner AG,,False,2026-04-15T14:45:14+00:00,40608f56-dd9f-4212-acfd-898d5f879ba0,,"Projet OMC ""Soutien technique constructions protection de la population""",duplicate_project_pubtype_language,2026-04-16T16:02:43.386869+00:00
106636,826291,2014-06-27,2014-06-11,OB02,MUNICIPALITY,OPEN,WORKS,DE,ZH,ZH,,45331210,1982317.25,CHF,,1,Klima AG,"Stadt Zürich
Amt für Hochbauten",False,2026-04-16T11:27:28+00:00,9b14ff7d-56ea-4dde-a650-7a7efae7921f,Wohnsiedlung Kronenwiese,,duplicate_project_pubtype_language,2026-04-16T16:02:43.386869+00:00
62111,632547,2011-05-10,2011-05-05,OB02,FEDERATION,OPEN,SERVICES,DE,BE,BE,,71000000,214300.0,CHF,,1,Ernst Basler + Partner AG,Bundesamt für Bevölkerungsschutz (BABS),False,2026-04-15T14:45:14+00:00,9b2e8029-b01c-482b-9277-b63379a01c12,"WTO-Projekt ""Fachunterstützung Schutzbauten""",,duplicate_project_pubtype_language,2026-04-16T16:02:43.386869+00:00
64648,633327,2011-05-13,2011-05-09,OB02,FEDERATION,OPEN,WORKS,FR,FR,FR,,45000000,5367996.6,CHF,2.0,1,Consortium P.A.C.M.M / P.a. PERRIN Frères SA,,False,2026-04-15T14:45:15+00:00,01195d6a-63ef-431d-8978-e5fdc7889265,,"N09 Vennes-Villeneuve Ouvrages Art
Réhabilitation des murs de soutènement 2011",duplicate_project_pubtype_language,2026-04-16T16:02:43.386869+00:00
108211,826415,2014-06-20,2014-04-11,OB02,UTILITY,OPEN,SERVICES,FR,,,,34600000,,CHF,,1,RSI Austria GmbH,,False,2026-04-16T11:27:28+00:00,21fd8206-fca0-403b-b796-a0e9c4f61965,,«SYSTÈME DE DÉTECTION D’INCENDIE POUR LES ICN ET IC STANDARD»,duplicate_project_pubtype_language,2026-04-16T16:02:43.386869+00:00
70505,635395,2011-05-14,,OB06,MUNICIPALITY,OPEN,,DE,BE,BE,,45000000,,CHF,,0,,"Gemeindeverband
Seelandheim Worben",False,2026-04-15T14:45:15+00:00,26fa9804-d26e-4a6d-8b6d-ea67b67ac240,Ersatzneubauten für Zelgli und Höfe - Neubauten C1 und C2,,duplicate_project_pubtype_language,2026-04-16T16:02:43.386869+00:00
47921,631009,2011-05-16,2011-02-28,OB02,CANTON,OPEN,WORKS,DE,SG,SG,,45000000,600117.5,CHF,1.0,1,Alder + Eisenhut AG,Hochbauamt,False,2026-04-15T14:45:13+00:00,4970e90b-27a0-421c-af9d-6f151b3b8a91,Regionale Sportanlage Sargans,,duplicate_project_pubtype_language,2026-04-16T16:02:43.386869+00:00
111350,826493,2014-06-27,2014-06-20,OB02,CANTON_OTHER,OPEN,SUPPLIES,FR,NE,NE,,30200000,150603.0,CHF,11.0,1,MTF Quadra SA,,False,2026-04-16T11:27:28+00:00,22f20465-9c67-4799-8134-19345e2b220b,,Renouvellement de l’infrastructure IT,duplicate_project_pubtype_language,2026-04-16T16:02:43.386869+00:00
61909,635651,2011-05-18,2011-05-18,OB02,FEDERATION,OPEN,SERVICES,IT,TI,TI,,71000000,351194.4,CHF,16.0,1,Spataro Petoud Partner SA,"Ufficio federale delle strade USTRA
Filiale Bellinzona
settore Supporto",False,2026-04-15T14:45:15+00:00,d7e39bbc-dcab-45b7-8cc0-8c88e7259a62,Esecuzione ispezioni manufatti N2 Ticino + N13 Mesolcina / 2011-2015,,duplicate_project_pubtype_language,2026-04-16T16:02:43.386869+00:00
